Timestamp,CPU Package Temperature (C),CPU Power Consumption (W),Humidity (%),Water Level,Microphone Decibel Level (dB)
2024-11-21 13:13:02,20.1,3.31,60.8,0.0,3.31
2024-11-21 13:13:04,20.1,3.31,60.8,0.0,3.31
2024-11-21 13:13:04,20.1,3.39,60.7,0.0,3.39
2024-11-21 13:13:06,20.1,3.39,60.7,0.0,3.39
2024-11-21 13:13:06,20.1,3.38,60.7,0.0,3.38
2024-11-21 13:13:08,20.1,3.38,60.7,0.0,3.38
2024-11-21 13:13:08,20.2,3.4,60.7,0.0,3.4
2024-11-21 13:13:10,20.2,3.4,60.7,0.0,3.4
2024-11-21 13:13:10,20.1,3.33,60.7,0.0,3.33
2024-11-21 13:13:12,20.1,3.33,60.7,0.0,3.33
2024-11-21 13:13:12,20.2,3.33,60.7,0.0,3.33
2024-11-21 13:13:14,20.2,3.33,60.7,0.0,3.33
2024-11-21 13:13:14,20.1,3.68,60.7,0.0,3.68
2024-11-21 13:13:16,20.1,3.68,60.7,0.0,3.68
2024-11-21 13:13:16,20.1,3.63,60.7,0.0,3.63
2024-11-21 13:13:18,20.1,3.63,60.7,0.0,3.63
2024-11-21 13:13:18,20.2,3.53,60.7,0.0,3.53
2024-11-21 13:13:20,20.2,3.53,60.7,0.0,3.53
2024-11-21 13:13:20,20.2,3.45,60.9,0.0,3.45
2024-11-21 13:13:22,20.2,3.45,60.9,0.0,3.45
2024-11-21 13:13:22,20.2,3.35,61.1,0.0,3.35
2024-11-21 13:13:24,20.2,3.35,61.1,0.0,3.35
2024-11-21 13:13:24,20.2,3.38,61.0,0.0,3.38
2024-11-21 13:13:26,20.2,3.38,61.0,0.0,3.38
2024-11-21 13:13:26,20.1,3.46,61.0,0.0,3.46
2024-11-21 13:13:28,20.1,3.46,61.0,0.0,3.46
2024-11-21 13:13:28,20.2,3.5,60.9,0.0,3.5
2024-11-21 13:13:30,20.2,3.5,60.9,0.0,3.5
2024-11-21 13:13:30,20.1,3.5,60.8,0.0,3.5
2024-11-21 13:13:32,20.1,3.5,60.8,0.0,3.5
2024-11-21 13:13:32,20.2,3.37,60.8,0.0,3.37
2024-11-21 13:13:34,20.2,3.37,60.8,0.0,3.37
2024-11-21 13:13:34,20.2,3.46,60.8,0.0,3.46
2024-11-21 13:13:36,20.2,3.46,60.8,0.0,3.46
2024-11-21 13:13:36,20.1,3.38,60.8,0.0,3.38
2024-11-21 13:13:38,20.1,3.38,60.8,0.0,3.38
2024-11-21 13:13:38,20.2,3.39,60.8,0.0,3.39
2024-11-21 13:13:40,20.2,3.39,60.8,0.0,3.39
2024-11-21 13:13:40,20.2,3.42,60.8,0.0,3.42
2024-11-21 13:13:42,20.2,3.42,60.8,0.0,3.42
2024-11-21 13:13:42,20.2,3.46,60.8,0.0,3.46
2024-11-21 13:13:44,20.2,3.46,60.8,0.0,3.46
2024-11-21 13:13:44,20.2,3.43,60.8,0.0,3.43
2024-11-21 13:13:46,20.2,3.43,60.8,0.0,3.43
2024-11-21 13:13:48,20.2,3.54,60.8,0.0,3.54
2024-11-21 13:13:50,20.2,3.54,60.8,0.0,3.54
2024-11-21 13:13:50,20.2,3.46,61.0,0.0,3.46
2024-11-21 13:13:52,20.2,3.46,61.0,0.0,3.46
2024-11-21 13:13:52,20.2,3.54,61.0,0.0,3.54
2024-11-21 13:13:54,20.2,3.54,61.0,0.0,3.54
2024-11-21 13:13:54,20.2,3.49,61.0,0.0,3.49
2024-11-21 13:13:56,20.2,3.49,61.0,0.0,3.49
2024-11-21 13:13:56,20.2,3.51,61.0,0.0,3.51
2024-11-21 13:13:58,20.2,3.51,61.0,0.0,3.51
2024-11-21 13:13:58,20.2,3.53,61.0,0.0,3.53
2024-11-21 13:14:00,20.2,3.53,61.0,0.0,3.53
2024-11-21 13:14:00,20.2,3.53,61.1,0.0,3.53
2024-11-21 13:14:02,20.2,3.53,61.1,0.0,3.53
2024-11-21 13:14:02,20.2,3.49,61.2,0.0,3.49
2024-11-21 13:14:04,20.2,3.49,61.2,0.0,3.49
2024-11-21 13:14:04,20.2,3.42,61.1,0.0,3.42
2024-11-21 13:14:06,20.2,3.42,61.1,0.0,3.42
2024-11-21 13:14:06,20.2,3.44,61.0,0.0,3.44
2024-11-21 13:14:08,20.2,3.44,61.0,0.0,3.44
2024-11-21 13:14:08,20.2,3.43,61.0,0.0,3.43
2024-11-21 13:14:10,20.2,3.43,61.0,0.0,3.43
2024-11-21 13:14:10,20.3,3.38,60.9,0.0,3.38
2024-11-21 13:14:12,20.3,3.38,60.9,0.0,3.38
2024-11-21 13:14:12,20.2,3.36,60.9,0.0,3.36
2024-11-21 13:14:14,20.2,3.36,60.9,0.0,3.36
2024-11-21 13:14:14,20.3,3.42,60.8,0.0,3.42
2024-11-21 13:14:16,20.3,3.42,60.8,0.0,3.42
2024-11-21 13:14:16,20.2,3.58,60.8,0.0,3.58
2024-11-21 13:14:18,20.2,3.58,60.8,0.0,3.58
2024-11-21 13:14:18,20.3,3.38,60.7,0.0,3.38
2024-11-21 13:14:20,20.3,3.38,60.7,0.0,3.38
2024-11-21 13:14:20,20.2,3.38,60.7,0.0,3.38
2024-11-21 13:14:22,20.2,3.38,60.7,0.0,3.38
2024-11-21 13:14:22,20.3,3.47,60.7,0.0,3.47
2024-11-21 13:14:24,20.3,3.47,60.7,0.0,3.47
2024-11-21 13:14:24,20.3,3.56,60.6,0.0,3.56
2024-11-21 13:14:26,20.3,3.56,60.6,0.0,3.56
2024-11-21 13:14:26,20.2,3.44,60.6,0.0,3.44
2024-11-21 13:14:28,20.2,3.44,60.6,0.0,3.44
2024-11-21 13:14:28,20.2,3.43,60.6,0.0,3.43
2024-11-21 13:14:30,20.2,3.43,60.6,0.0,3.43
2024-11-21 13:14:30,20.3,3.39,60.6,0.0,3.39
2024-11-21 13:14:32,20.3,3.39,60.6,0.0,3.39
2024-11-21 13:14:32,20.3,3.45,60.6,0.0,3.45
2024-11-21 13:14:34,20.3,3.45,60.6,0.0,3.45
2024-11-21 13:14:34,20.3,3.43,60.6,0.0,3.43
2024-11-21 13:14:36,20.3,3.43,60.6,0.0,3.43
2024-11-21 13:14:36,20.3,3.42,60.6,0.0,3.42
2024-11-21 13:14:38,20.3,3.42,60.6,0.0,3.42
2024-11-21 13:14:38,20.2,3.45,60.7,0.0,3.45
2024-11-21 13:14:40,20.2,3.45,60.7,0.0,3.45
2024-11-21 13:14:40,20.3,3.46,61.6,0.0,3.46
2024-11-21 13:14:42,20.3,3.46,61.6,0.0,3.46
2024-11-21 13:14:42,20.3,3.4,62.5,0.0,3.4
2024-11-21 13:14:44,20.3,3.4,62.5,0.0,3.4
2024-11-21 13:14:44,20.3,3.39,62.6,0.0,3.39
2024-11-21 13:14:46,20.3,3.39,62.6,0.0,3.39
2024-11-21 13:14:46,20.3,3.42,62.8,0.0,3.42
2024-11-21 13:14:48,20.3,3.42,62.8,0.0,3.42
2024-11-21 13:14:48,20.4,3.56,64.1,0.0,3.56
2024-11-21 13:14:50,20.4,3.56,64.1,0.0,3.56
2024-11-21 13:14:50,20.4,3.61,65.1,0.0,3.61
2024-11-21 13:14:52,20.4,3.61,65.1,0.0,3.61
2024-11-21 13:14:52,20.4,3.42,65.1,0.0,3.42
2024-11-21 13:14:54,20.4,3.42,65.1,0.0,3.42
2024-11-21 13:14:54,20.4,3.38,65.0,0.0,3.38
2024-11-21 13:14:56,20.4,3.38,65.0,0.0,3.38
2024-11-21 13:14:56,20.4,3.36,64.2,0.0,3.36
2024-11-21 13:14:58,20.4,3.36,64.2,0.0,3.36
2024-11-21 13:14:58,20.4,3.37,63.3,0.0,3.37
2024-11-21 13:15:00,20.4,3.37,63.3,0.0,3.37
2024-11-21 13:15:00,20.4,3.37,62.6,0.0,3.37
2024-11-21 13:15:02,20.4,3.37,62.6,0.0,3.37
2024-11-21 13:15:02,20.4,3.43,62.0,0.0,3.43
2024-11-21 13:15:04,20.4,3.43,62.0,0.0,3.43
2024-11-21 13:15:04,20.4,3.45,61.6,0.0,3.45
2024-11-21 13:15:06,20.4,3.45,61.6,0.0,3.45
2024-11-21 13:15:06,20.4,3.4,61.3,0.0,3.4
2024-11-21 13:15:08,20.4,3.4,61.3,0.0,3.4
2024-11-21 13:15:08,20.4,3.39,61.1,0.0,3.39
2024-11-21 13:15:10,20.4,3.39,61.1,0.0,3.39
2024-11-21 13:15:10,20.4,3.35,60.9,0.0,3.35
2024-11-21 13:15:12,20.4,3.35,60.9,0.0,3.35
2024-11-21 13:15:12,20.4,3.41,60.8,0.0,3.41
2024-11-21 13:15:14,20.4,3.41,60.8,0.0,3.41
2024-11-21 13:15:14,20.4,3.43,60.7,0.0,3.43
2024-11-21 13:15:16,20.4,3.43,60.7,0.0,3.43
2024-11-21 13:15:16,20.4,3.43,60.6,0.0,3.43
2024-11-21 13:15:18,20.4,3.43,60.6,0.0,3.43
2024-11-21 13:15:18,20.4,3.4,60.5,0.0,3.4
2024-11-21 13:15:20,20.4,3.4,60.5,0.0,3.4
2024-11-21 13:15:20,20.4,3.38,60.5,0.0,3.38
2024-11-21 13:15:22,20.4,3.38,60.5,0.0,3.38
2024-11-21 13:15:22,20.4,3.4,60.5,0.0,3.4
2024-11-21 13:15:24,20.4,3.4,60.5,0.0,3.4
2024-11-21 13:15:24,20.4,3.4,60.4,0.0,3.4
2024-11-21 13:15:26,20.4,3.4,60.4,0.0,3.4
2024-11-21 13:15:26,20.4,3.48,60.4,0.0,3.48
2024-11-21 13:15:28,20.4,3.48,60.4,0.0,3.48
2024-11-21 13:15:28,20.4,3.45,60.4,0.0,3.45
2024-11-21 13:15:30,20.4,3.45,60.4,0.0,3.45
2024-11-21 13:15:30,20.4,3.47,60.4,0.0,3.47
2024-11-21 13:15:32,20.4,3.47,60.4,0.0,3.47
2024-11-21 13:15:32,20.4,3.44,60.4,0.0,3.44
2024-11-21 13:15:34,20.4,3.44,60.4,0.0,3.44
2024-11-21 13:15:34,20.4,3.4,60.4,0.0,3.4
2024-11-21 13:15:36,20.4,3.4,60.4,0.0,3.4
2024-11-21 13:15:36,20.4,3.36,60.4,0.0,3.36
2024-11-21 13:15:38,20.4,3.36,60.4,0.0,3.36
2024-11-21 13:15:38,20.3,3.5,60.4,0.0,3.5
2024-11-21 13:15:40,20.3,3.5,60.4,0.0,3.5
2024-11-21 13:15:40,20.3,3.53,60.4,0.0,3.53
2024-11-21 13:15:42,20.3,3.53,60.4,0.0,3.53
2024-11-21 13:15:42,20.3,3.44,60.4,0.0,3.44
2024-11-21 13:15:44,20.3,3.44,60.4,0.0,3.44
2024-11-21 13:15:44,20.3,3.45,60.4,0.0,3.45
2024-11-21 13:15:46,20.3,3.45,60.4,0.0,3.45
2024-11-21 13:15:46,20.3,3.37,60.4,0.0,3.37
2024-11-21 13:15:48,20.3,3.37,60.4,0.0,3.37
2024-11-21 13:15:48,20.4,3.5,60.4,0.0,3.5
2024-11-21 13:15:50,20.4,3.5,60.4,0.0,3.5
2024-11-21 13:15:50,20.3,3.41,60.4,0.0,3.41
2024-11-21 13:15:52,20.3,3.41,60.4,0.0,3.41
2024-11-21 13:15:52,20.4,3.19,60.4,0.0,3.19
2024-11-21 13:15:54,20.4,3.19,60.4,0.0,3.19
2024-11-21 13:15:54,20.3,3.42,60.4,0.0,3.42
2024-11-21 13:15:56,20.3,3.42,60.4,0.0,3.42
2024-11-21 13:15:56,20.3,3.41,60.4,0.0,3.41
2024-11-21 13:15:58,20.3,3.41,60.4,0.0,3.41
2024-11-21 13:15:58,20.3,3.41,60.4,0.0,3.41
2024-11-21 13:16:00,20.3,3.41,60.4,0.0,3.41
2024-11-21 13:16:00,20.3,3.37,60.4,0.0,3.37
2024-11-21 13:16:02,20.3,3.37,60.4,0.0,3.37
2024-11-21 13:16:02,20.3,3.47,60.4,0.0,3.47
2024-11-21 13:16:04,20.3,3.47,60.4,0.0,3.47
2024-11-21 13:16:04,20.3,3.39,60.4,0.0,3.39
2024-11-21 13:16:06,20.3,3.39,60.4,0.0,3.39
2024-11-21 13:16:06,20.3,3.38,60.4,0.0,3.38
2024-11-21 13:16:08,20.3,3.38,60.4,0.0,3.38
2024-11-21 13:16:08,20.3,3.35,60.4,0.0,3.35
2024-11-21 13:16:10,20.3,3.35,60.4,0.0,3.35
2024-11-21 13:16:10,20.3,3.34,60.4,0.0,3.34
2024-11-21 13:16:12,20.3,3.34,60.4,0.0,3.34
2024-11-21 13:16:12,20.3,3.33,60.4,0.0,3.33
2024-11-21 13:16:14,20.3,3.33,60.4,0.0,3.33
2024-11-21 13:16:14,20.3,3.51,60.4,0.0,3.51
2024-11-21 13:16:16,20.3,3.51,60.4,0.0,3.51
2024-11-21 13:16:16,20.3,3.46,60.4,0.0,3.46
2024-11-21 13:16:18,20.3,3.46,60.4,0.0,3.46
2024-11-21 13:16:18,20.3,3.44,60.4,0.0,3.44
2024-11-21 13:16:20,20.3,3.44,60.4,0.0,3.44
2024-11-21 13:16:20,20.3,3.4,60.5,0.0,3.4
2024-11-21 13:16:22,20.3,3.4,60.5,0.0,3.4
2024-11-21 13:16:22,20.3,3.55,60.4,0.0,3.55
2024-11-21 13:16:24,20.3,3.55,60.4,0.0,3.55
2024-11-21 13:16:24,20.3,3.41,60.5,0.0,3.41
2024-11-21 13:16:26,20.3,3.41,60.5,0.0,3.41
2024-11-21 13:16:26,20.3,3.4,60.5,0.0,3.4
2024-11-21 13:16:28,20.3,3.4,60.5,0.0,3.4
2024-11-21 13:16:28,20.3,3.43,60.5,0.0,3.43
2024-11-21 13:16:30,20.3,3.43,60.5,0.0,3.43
2024-11-21 13:16:30,20.3,3.46,60.5,0.0,3.46
2024-11-21 13:16:32,20.3,3.46,60.5,0.0,3.46
2024-11-21 13:16:32,20.3,3.54,60.5,0.0,3.54
2024-11-21 13:16:34,20.3,3.54,60.5,0.0,3.54
2024-11-21 13:16:34,20.3,3.51,60.5,0.0,3.51
2024-11-21 13:16:36,20.3,3.51,60.5,0.0,3.51
2024-11-21 13:16:36,20.3,3.49,60.5,0.0,3.49
2024-11-21 13:16:38,20.3,3.49,60.5,0.0,3.49
2024-11-21 13:16:38,20.3,3.59,60.6,0.0,3.59
2024-11-21 13:16:40,20.3,3.59,60.6,0.0,3.59
2024-11-21 13:16:40,20.3,3.51,60.7,0.0,3.51
2024-11-21 13:16:42,20.3,3.51,60.7,0.0,3.51
2024-11-21 13:16:42,20.3,3.42,60.7,0.0,3.42
2024-11-21 13:16:44,20.3,3.42,60.7,0.0,3.42
2024-11-21 13:16:44,20.3,3.56,60.7,0.0,3.56
2024-11-21 13:16:46,20.3,3.56,60.7,0.0,3.56
2024-11-21 13:16:47,20.3,3.57,60.7,0.0,3.57
2024-11-21 13:16:48,20.3,3.57,60.7,0.0,3.57
2024-11-21 13:16:48,20.3,3.68,60.7,0.0,3.68
2024-11-21 13:16:50,20.3,3.68,60.7,0.0,3.68
2024-11-21 13:16:50,20.3,3.58,60.7,0.0,3.58
2024-11-21 13:16:52,20.3,3.58,60.7,0.0,3.58
2024-11-21 13:16:52,20.3,3.52,60.7,0.0,3.52
2024-11-21 13:16:54,20.3,3.52,60.7,0.0,3.52
2024-11-21 13:16:54,20.3,3.44,60.7,0.0,3.44
2024-11-21 13:16:56,20.3,3.44,60.7,0.0,3.44
2024-11-21 13:16:56,20.3,3.47,60.7,0.0,3.47
2024-11-21 13:16:58,20.3,3.47,60.7,0.0,3.47
2024-11-21 13:16:58,20.3,3.45,60.7,0.0,3.45
2024-11-21 13:17:00,20.3,3.45,60.7,0.0,3.45
2024-11-21 13:17:00,20.3,3.71,60.7,0.0,3.71
2024-11-21 13:17:02,20.3,3.71,60.7,0.0,3.71
2024-11-21 13:17:02,20.3,3.53,60.7,0.0,3.53
2024-11-21 13:17:04,20.3,3.53,60.7,0.0,3.53
2024-11-21 13:17:04,20.3,3.52,60.7,0.0,3.52
2024-11-21 13:17:06,20.3,3.52,60.7,0.0,3.52
2024-11-21 13:17:06,20.3,3.45,60.8,0.0,3.45
2024-11-21 13:17:08,20.3,3.45,60.8,0.0,3.45
2024-11-21 13:17:08,20.3,3.49,60.9,0.0,3.49
2024-11-21 13:17:10,20.3,3.49,60.9,0.0,3.49
2024-11-21 13:17:10,20.3,3.48,60.9,0.0,3.48
2024-11-21 13:17:12,20.3,3.48,60.9,0.0,3.48
2024-11-21 13:17:13,20.3,3.62,60.9,0.0,3.62
2024-11-21 13:17:14,20.3,3.62,60.9,0.0,3.62
2024-11-21 13:17:15,20.4,3.73,60.9,0.0,3.73
2024-11-21 13:17:16,20.4,3.73,60.9,0.0,3.73
2024-11-21 13:17:17,20.3,3.75,60.9,0.0,3.75
2024-11-21 13:17:18,20.3,3.75,60.9,0.0,3.75
2024-11-21 13:17:19,20.3,3.7,60.9,0.0,3.7
2024-11-21 13:17:20,20.3,3.7,60.9,0.0,3.7
2024-11-21 13:17:21,20.4,3.78,60.8,0.0,3.78
2024-11-21 13:17:22,20.4,3.78,60.8,0.0,3.78
2024-11-21 13:17:22,20.3,3.6,60.8,0.0,3.6
2024-11-21 13:17:24,20.3,3.6,60.8,0.0,3.6
2024-11-21 13:17:24,20.4,3.44,60.8,0.0,3.44
2024-11-21 13:17:26,20.4,3.44,60.8,0.0,3.44
2024-11-21 13:17:26,20.4,3.44,60.8,0.0,3.44
2024-11-21 13:17:28,20.4,3.44,60.8,0.0,3.44
2024-11-21 13:17:28,20.4,3.49,60.8,0.0,3.49
2024-11-21 13:17:30,20.4,3.49,60.8,0.0,3.49
2024-11-21 13:17:30,20.4,3.48,60.9,0.0,3.48
2024-11-21 13:17:32,20.4,3.48,60.9,0.0,3.48
2024-11-21 13:17:32,20.4,3.47,61.0,0.0,3.47
2024-11-21 13:17:34,20.4,3.47,61.0,0.0,3.47
2024-11-21 13:17:34,20.4,3.48,60.9,0.0,3.48
2024-11-21 13:17:36,20.4,3.48,60.9,0.0,3.48
2024-11-21 13:17:36,20.4,3.37,60.9,0.0,3.37
2024-11-21 13:17:38,20.4,3.37,60.9,0.0,3.37
2024-11-21 13:17:38,20.4,3.42,60.8,0.0,3.42
2024-11-21 13:17:40,20.4,3.42,60.8,2.0,3.42
2024-11-21 13:17:41,20.5,3.48,60.7,2.0,3.48
2024-11-21 13:17:42,20.5,3.48,60.7,0.0,3.48
2024-11-21 13:17:42,20.4,3.63,60.7,0.0,3.63
2024-11-21 13:17:44,20.4,3.63,60.7,1.0,3.63
2024-11-21 13:17:44,20.4,3.64,60.6,1.0,3.64
2024-11-21 13:17:46,20.4,3.64,60.6,0.0,3.64
2024-11-21 13:17:46,20.5,3.47,60.6,0.0,3.47
2024-11-21 13:17:48,20.5,3.47,60.6,0.0,3.47
2024-11-21 13:17:48,20.4,3.37,60.5,0.0,3.37
2024-11-21 13:17:50,20.4,3.37,60.5,3.0,3.37
2024-11-21 13:17:51,20.5,3.47,60.5,3.0,3.47
2024-11-21 13:17:52,20.5,3.47,60.5,1.0,3.47
2024-11-21 13:17:53,20.4,3.57,60.5,1.0,3.57
2024-11-21 13:17:54,20.4,3.57,60.5,0.0,3.57
2024-11-21 13:17:54,20.5,3.59,60.5,0.0,3.59
2024-11-21 13:17:56,20.5,3.59,60.5,0.0,3.59
2024-11-21 13:17:56,20.4,3.48,60.4,0.0,3.48
2024-11-21 13:17:58,20.4,3.48,60.4,0.0,3.48
2024-11-21 13:17:58,20.4,3.48,60.4,0.0,3.48
2024-11-21 13:18:00,20.4,3.48,60.4,0.0,3.48
2024-11-21 13:18:00,20.4,3.52,60.4,0.0,3.52
2024-11-21 13:18:02,20.4,3.52,60.4,0.0,3.52
2024-11-21 13:18:02,20.4,3.59,60.4,0.0,3.59
2024-11-21 13:18:04,20.4,3.59,60.4,0.0,3.59
2024-11-21 13:18:04,20.4,3.5,60.4,0.0,3.5
2024-11-21 13:18:06,20.4,3.5,60.4,0.0,3.5
2024-11-21 13:18:07,20.4,3.53,60.3,0.0,3.53
2024-11-21 13:18:08,20.4,3.53,60.3,0.0,3.53
2024-11-21 13:18:08,20.4,3.53,60.3,0.0,3.53
2024-11-21 13:18:10,20.4,3.53,60.3,0.0,3.53
2024-11-21 13:18:11,20.4,3.42,60.3,0.0,3.42
2024-11-21 13:18:12,20.4,3.42,60.3,0.0,3.42
2024-11-21 13:18:13,20.4,3.5,60.3,0.0,3.5
2024-11-21 13:18:14,20.4,3.5,60.3,0.0,3.5
2024-11-21 13:18:15,20.4,3.53,60.3,0.0,3.53
2024-11-21 13:18:16,20.4,3.53,60.3,0.0,3.53
2024-11-21 13:18:17,20.4,3.55,60.3,0.0,3.55
2024-11-21 13:18:18,20.4,3.55,60.3,0.0,3.55
2024-11-21 13:18:19,20.4,3.5,60.3,0.0,3.5
2024-11-21 13:18:20,20.4,3.5,60.3,0.0,3.5
2024-11-21 13:18:20,20.4,3.49,60.3,0.0,3.49
2024-11-21 13:18:22,20.4,3.49,60.3,0.0,3.49
2024-11-21 13:18:22,20.4,3.54,60.3,0.0,3.54
2024-11-21 13:18:24,20.4,3.54,60.3,0.0,3.54
2024-11-21 13:18:24,20.4,3.44,60.3,0.0,3.44
2024-11-21 13:18:26,20.4,3.44,60.3,0.0,3.44
2024-11-21 13:18:26,20.4,3.42,60.3,0.0,3.42
2024-11-21 13:18:28,20.4,3.42,60.3,0.0,3.42
2024-11-21 13:18:29,20.4,3.49,60.3,0.0,3.49
2024-11-21 13:18:30,20.4,3.49,60.3,0.0,3.49
2024-11-21 13:18:30,20.4,3.48,60.3,0.0,3.48
2024-11-21 13:18:32,20.4,3.48,60.3,0.0,3.48
2024-11-21 13:18:32,20.4,3.46,60.3,0.0,3.46
2024-11-21 13:18:34,20.4,3.46,60.3,0.0,3.46
2024-11-21 13:18:34,20.4,3.41,60.3,0.0,3.41
2024-11-21 13:18:36,20.4,3.41,60.3,0.0,3.41
2024-11-21 13:18:37,20.4,3.42,60.3,0.0,3.42
2024-11-21 13:18:38,20.4,3.42,60.3,0.0,3.42
2024-11-21 13:18:38,20.4,3.46,60.3,0.0,3.46
2024-11-21 13:18:40,20.4,3.46,60.3,0.0,3.46
2024-11-21 13:18:40,20.4,3.42,60.3,0.0,3.42
2024-11-21 13:18:42,20.4,3.42,60.3,0.0,3.42
2024-11-21 13:18:43,20.4,3.43,60.3,0.0,3.43
2024-11-21 13:18:44,20.4,3.43,60.3,0.0,3.43
2024-11-21 13:18:45,20.4,3.37,60.3,0.0,3.37
2024-11-21 13:18:46,20.4,3.37,60.3,0.0,3.37
2024-11-21 13:18:47,20.4,3.47,60.3,0.0,3.47
2024-11-21 13:18:48,20.4,3.47,60.3,0.0,3.47
2024-11-21 13:18:49,20.4,3.55,60.3,0.0,3.55
2024-11-21 13:18:50,20.4,3.55,60.3,0.0,3.55
2024-11-21 13:18:51,20.4,3.54,60.3,0.0,3.54
2024-11-21 13:18:52,20.4,3.54,60.3,0.0,3.54
2024-11-21 13:18:53,20.4,3.59,60.3,0.0,3.59
2024-11-21 13:18:54,20.4,3.59,60.3,0.0,3.59
2024-11-21 13:18:55,20.3,3.58,60.3,0.0,3.58
2024-11-21 13:18:56,20.3,3.58,60.3,0.0,3.58
2024-11-21 13:18:57,20.4,3.62,60.3,0.0,3.62
2024-11-21 13:18:58,20.4,3.62,60.3,0.0,3.62
2024-11-21 13:18:59,20.3,3.6,60.3,0.0,3.6
2024-11-21 13:19:00,20.3,3.6,60.3,0.0,3.6
2024-11-21 13:19:01,20.3,3.48,60.3,0.0,3.48
2024-11-21 13:19:02,20.3,3.48,60.3,0.0,3.48
2024-11-21 13:19:03,20.3,3.45,60.3,0.0,3.45
2024-11-21 13:19:04,20.3,3.45,60.3,0.0,3.45
2024-11-21 13:19:05,20.3,3.57,60.4,0.0,3.57
2024-11-21 13:19:06,20.3,3.57,60.4,0.0,3.57
2024-11-21 13:19:07,20.3,3.67,60.3,0.0,3.67
2024-11-21 13:19:08,20.3,3.67,60.3,0.0,3.67
2024-11-21 13:19:09,20.3,3.37,60.3,0.0,3.37
2024-11-21 13:19:10,20.3,3.37,60.3,0.0,3.37
2024-11-21 13:19:11,20.3,3.4,60.4,0.0,3.4
2024-11-21 13:19:12,20.3,3.4,60.4,0.0,3.4
2024-11-21 13:19:13,20.3,3.57,60.4,0.0,3.57
2024-11-21 13:19:14,20.3,3.57,60.4,0.0,3.57
2024-11-21 13:19:15,20.3,3.47,60.4,0.0,3.47
2024-11-21 13:19:16,20.3,3.47,60.4,0.0,3.47
2024-11-21 13:19:17,20.3,3.46,60.4,0.0,3.46
2024-11-21 13:19:18,20.3,3.46,60.4,0.0,3.46
2024-11-21 13:19:19,20.3,3.53,60.4,0.0,3.53
2024-11-21 13:19:20,20.3,3.53,60.4,0.0,3.53
2024-11-21 13:19:21,20.3,3.53,60.4,0.0,3.53
2024-11-21 13:19:22,20.3,3.53,60.4,0.0,3.53
2024-11-21 13:19:23,20.3,3.6,60.4,0.0,3.6
2024-11-21 13:19:24,20.3,3.6,60.4,0.0,3.6
2024-11-21 13:19:25,20.3,3.54,60.4,0.0,3.54
2024-11-21 13:19:26,20.3,3.54,60.4,0.0,3.54
2024-11-21 14:23:28,20.7,0.02,59.5,0.0,-5.79
2024-11-21 14:23:28,20.7,0.02,59.5,0.0,-5.79
2024-11-21 14:23:30,20.7,0.49,59.5,0.0,-5.79
2024-11-21 14:23:30,20.7,0.49,59.5,0.0,-5.79
2024-11-21 14:23:31,20.7,0.45,59.6,0.0,-5.79
2024-11-21 14:23:32,20.7,0.45,59.6,0.0,-5.79
2024-11-21 14:23:34,20.7,0.01,59.5,0.0,-5.79
2024-11-21 14:23:34,20.7,0.01,59.5,0.0,-5.79
2024-11-21 14:23:35,20.7,0.21,59.5,0.0,-5.79
2024-11-21 14:23:36,20.7,0.21,59.5,0.0,-5.79
2024-11-21 14:23:37,20.7,0.01,59.5,0.0,-5.79
2024-11-21 14:23:38,20.7,0.01,59.5,0.0,-5.79
2024-11-21 14:23:40,20.7,0.19,59.5,0.0,-5.79
2024-11-21 14:23:41,20.7,0.19,59.5,0.0,-5.79
2024-11-21 14:23:42,20.7,0.01,59.5,0.0,-5.79
2024-11-21 14:23:43,20.7,0.01,59.5,0.0,-5.79
2024-11-21 14:23:44,20.7,0.28,59.5,0.0,-5.79
2024-11-21 14:23:45,20.7,0.28,59.5,0.0,-5.79
2024-11-21 14:23:46,20.7,0.01,59.5,0.0,-5.79
2024-11-21 14:23:47,20.7,0.01,59.5,0.0,-5.79
2024-11-21 14:23:48,20.7,0.01,59.5,0.0,-5.79
2024-11-21 14:23:49,20.7,0.01,59.5,0.0,-5.79
2024-11-21 14:23:50,20.7,0.01,59.5,0.0,-5.79
2024-11-21 14:23:53,20.7,0.01,59.6,0.0,-5.79
2024-11-21 14:23:54,20.7,0.01,59.6,0.0,-5.79
2024-11-21 14:23:55,20.7,0.01,59.6,0.0,-5.79
2024-11-21 14:23:56,20.7,0.01,59.7,0.0,-5.79
2024-11-21 14:23:57,20.7,0.01,59.7,0.0,-5.79
2024-11-21 14:23:58,20.7,0.01,59.6,0.0,-5.79
2024-11-21 14:23:59,20.7,0.01,59.6,0.0,-5.79
2024-11-21 14:23:59,20.7,0.01,59.6,0.0,-5.79
2024-11-21 14:24:00,20.7,0.01,59.6,0.0,-5.79
2024-11-21 14:24:01,20.6,0.01,59.6,0.0,-5.79
2024-11-21 14:24:02,20.6,0.01,59.6,0.0,-5.79
2024-11-21 14:24:03,20.7,0.01,59.5,0.0,-5.79
2024-11-21 14:24:04,20.7,0.01,59.5,0.0,-5.79
2024-11-21 14:24:05,20.7,0.01,59.5,0.0,-5.79
2024-11-21 14:24:06,20.7,0.01,59.5,0.0,-5.79
2024-11-21 14:24:07,20.7,0.01,59.5,0.0,-5.79
2024-11-21 14:24:08,20.7,0.01,59.5,0.0,-5.79
2024-11-21 14:24:09,20.7,0.01,59.5,0.0,-5.79
2024-11-21 14:24:10,20.7,0.01,59.5,0.0,-5.79
2024-11-21 14:24:11,20.7,0.01,59.5,0.0,-5.79
2024-11-21 14:24:12,20.7,0.01,59.5,0.0,-5.79
2024-11-21 14:24:13,20.7,0.01,59.6,0.0,-5.79
2024-11-21 14:24:14,20.7,0.01,59.6,0.0,-5.79
2024-11-21 14:24:15,20.7,0.01,59.5,0.0,-5.79
2024-11-21 14:24:16,20.7,0.01,59.5,0.0,-5.79
2024-11-21 14:24:17,20.7,0.01,59.6,0.0,-5.79
2024-11-21 14:24:18,20.7,0.01,59.6,0.0,-5.79
2024-11-21 14:24:19,20.7,0.01,59.6,0.0,-5.79
2024-11-21 14:24:20,20.7,0.01,59.6,0.0,-5.79
2024-11-21 14:24:21,20.7,0.01,59.6,0.0,-5.79
2024-11-21 14:24:22,20.7,0.01,59.6,0.0,-5.79
2024-11-21 14:24:23,20.7,0.0,59.6,0.0,-5.79
2024-11-21 14:24:24,20.7,0.0,59.6,0.0,-5.79
2024-11-21 14:24:25,20.6,0.01,59.6,0.0,-5.79
2024-11-21 14:24:26,20.6,0.01,59.6,0.0,-5.79
2024-11-21 14:24:27,20.6,0.01,59.6,0.0,-5.79
2024-11-21 14:24:28,20.6,0.01,59.6,0.0,-5.79
2024-11-21 14:24:29,20.7,0.01,59.6,0.0,-5.79
2024-11-21 14:24:30,20.7,0.01,59.6,0.0,-5.79
2024-11-21 14:24:31,20.6,0.01,59.6,0.0,-5.79
2024-11-21 14:24:32,20.6,0.01,59.6,0.0,-5.79
2024-11-21 14:24:33,20.7,0.01,59.6,0.0,-5.79
2024-11-21 14:24:34,20.7,0.01,59.6,0.0,-5.79
2024-11-21 14:24:36,20.6,0.17,59.6,0.0,-5.79
2024-11-21 14:24:37,20.6,0.17,59.6,0.0,-5.79
2024-11-21 14:24:38,20.7,0.01,59.6,0.0,-5.79
2024-11-21 14:24:39,20.7,0.01,59.6,0.0,-5.79
2024-11-21 14:24:40,20.6,0.01,59.6,0.0,-5.79
2024-11-21 14:24:41,20.6,0.01,59.6,0.0,-5.79
2024-11-21 14:24:42,20.6,0.01,59.6,0.0,-5.79
2024-11-21 14:24:43,20.6,0.01,59.6,0.0,-5.79
2024-11-21 14:24:44,20.6,0.01,59.6,0.0,-5.79
2024-11-21 14:24:45,20.6,0.01,59.6,0.0,-5.79
2024-11-21 14:24:46,20.7,0.02,59.6,0.0,-5.79
2024-11-21 14:24:47,20.7,0.02,59.6,0.0,-5.79
2024-11-21 14:24:48,20.6,0.01,59.6,0.0,-5.79
2024-11-21 14:24:49,20.6,0.01,59.6,0.0,-5.79
2024-11-21 14:24:50,20.6,0.01,59.6,0.0,-5.79
2024-11-21 14:24:51,20.6,0.01,59.6,0.0,-5.79
2024-11-21 14:24:52,20.6,0.01,59.6,0.0,-5.79
2024-11-21 14:24:53,20.6,0.01,59.6,0.0,-5.79
2024-11-21 14:24:54,20.6,0.01,59.6,0.0,-5.79
2024-11-21 14:24:55,20.6,0.01,59.6,0.0,-5.79
2024-11-21 14:24:56,20.6,0.01,59.6,0.0,-5.79
2024-11-21 14:24:57,20.6,0.01,59.6,0.0,-5.79
2024-11-21 14:24:58,20.7,0.01,59.6,0.0,-5.79
2024-11-21 14:24:59,20.7,0.01,59.6,0.0,-5.79
2024-11-21 14:25:00,20.6,0.01,59.6,0.0,-5.79
2024-11-21 14:25:01,20.6,0.01,59.6,0.0,-5.79
2024-11-21 14:25:02,20.6,0.02,59.6,0.0,-5.79
2024-11-21 14:25:03,20.6,0.02,59.6,0.0,-5.79
2024-11-21 14:25:04,20.6,0.01,59.6,0.0,-5.79
2024-11-21 14:25:05,20.6,0.01,59.6,0.0,-5.79
2024-11-21 14:25:06,20.6,0.01,59.6,0.0,-5.79
2024-11-21 14:25:07,20.6,0.01,59.6,0.0,-5.79
2024-11-21 14:25:08,20.6,0.01,59.6,0.0,-5.79
2024-11-21 14:25:09,20.6,0.01,59.6,0.0,-5.79
2024-11-21 14:25:09,20.6,0.01,59.6,0.0,-5.79
2024-11-21 14:25:10,20.6,0.01,59.6,0.0,-5.79
2024-11-21 14:25:11,20.6,0.01,59.6,0.0,-5.79
2024-11-21 14:25:12,20.6,0.01,59.6,0.0,-5.79
2024-11-21 14:25:13,20.6,0.35,59.6,0.0,-5.79
2024-11-21 14:25:14,20.6,0.35,59.6,0.0,-5.79
2024-11-21 14:25:15,20.6,0.01,59.6,0.0,-5.79
2024-11-21 14:25:16,20.6,0.01,59.6,0.0,-5.79
2024-11-21 14:25:17,20.6,0.01,59.6,0.0,-5.79
2024-11-21 14:25:18,20.6,0.01,59.6,0.0,-5.79
2024-11-21 14:25:19,20.6,0.19,59.6,0.0,-5.79
2024-11-21 14:25:20,20.6,0.19,59.6,0.0,-5.79
2024-11-21 14:25:21,20.6,0.08,59.6,0.0,-5.79
2024-11-21 14:25:22,20.6,0.08,59.6,0.0,-5.79
2024-11-21 14:25:23,20.6,0.01,59.6,0.0,-5.79
2024-11-21 14:25:24,20.6,0.01,59.6,0.0,-5.79
2024-11-21 14:25:25,20.6,0.01,59.6,0.0,-5.79
2024-11-21 14:25:26,20.6,0.01,59.6,0.0,-5.79
2024-11-21 14:25:27,20.6,0.03,59.6,0.0,-5.79
2024-11-21 14:25:28,20.6,0.03,59.6,0.0,-5.79
2024-11-21 14:25:29,20.6,0.08,59.6,0.0,-5.79
2024-11-21 14:25:30,20.6,0.08,59.6,0.0,-5.79
2024-11-21 14:25:31,20.6,0.04,59.6,0.0,-5.79
2024-11-21 14:25:32,20.6,0.04,59.6,0.0,-5.79
2024-11-21 14:25:33,20.6,0.23,59.6,0.0,-5.79
2024-11-21 14:25:34,20.6,0.23,59.6,0.0,-5.79
2024-11-21 14:25:35,20.6,0.42,59.6,0.0,-5.79
2024-11-21 14:25:36,20.6,0.42,59.6,0.0,-5.79
2024-11-21 14:25:37,20.6,0.01,59.6,0.0,-5.79
2024-11-21 14:25:38,20.6,0.01,59.6,0.0,-5.79
2024-11-21 14:25:39,20.6,0.23,59.6,0.0,-5.79
2024-11-21 14:25:40,20.6,0.23,59.6,0.0,-5.79
2024-11-21 14:25:41,20.6,0.02,59.6,0.0,-5.79
2024-11-21 14:25:42,20.6,0.02,59.6,0.0,-5.79
2024-11-21 14:25:43,20.6,0.01,59.6,0.0,-5.79
2024-11-21 14:25:44,20.6,0.01,59.6,0.0,-5.79
2024-11-21 14:25:45,20.6,0.01,59.7,0.0,-5.79
2024-11-21 14:25:46,20.6,0.01,59.7,0.0,-5.79
2024-11-21 14:25:47,20.6,0.01,59.7,0.0,-5.79
2024-11-21 14:25:48,20.6,0.01,59.7,0.0,-5.79
2024-11-21 14:25:49,20.6,0.03,59.7,0.0,-5.79
2024-11-21 14:25:50,20.6,0.03,59.7,0.0,-5.79
2024-11-21 14:25:51,20.6,0.02,59.7,0.0,-5.79
2024-11-21 14:25:52,20.6,0.02,59.7,0.0,-5.79
2024-11-21 14:25:53,20.6,0.11,59.7,0.0,-5.79
2024-11-21 14:25:54,20.6,0.11,59.7,0.0,-5.79
2024-11-21 14:25:55,20.6,0.01,59.6,0.0,-5.79
2024-11-21 14:25:56,20.6,0.01,59.6,0.0,-5.79
2024-11-21 14:25:57,20.6,0.01,59.6,0.0,-5.79
2024-11-21 14:25:58,20.6,0.01,59.6,0.0,-5.79
2024-11-21 14:25:59,20.6,0.01,59.6,0.0,-5.79
2024-11-21 14:26:00,20.6,0.01,59.6,0.0,-5.79
2024-11-21 14:26:01,20.6,0.08,59.6,0.0,-5.79
2024-11-21 14:26:02,20.6,0.08,59.6,0.0,-5.79
2024-11-21 14:26:03,20.6,0.01,59.6,0.0,-5.79
2024-11-21 14:26:04,20.6,0.01,59.6,0.0,-5.79
2024-11-21 14:26:05,20.6,0.01,59.6,0.0,-5.79
2024-11-21 14:26:06,20.6,0.01,59.6,0.0,-5.79
2024-11-21 14:26:07,20.6,0.01,59.6,0.0,-5.79
2024-11-21 14:26:08,20.6,0.01,59.6,0.0,-5.79
2024-11-21 14:26:09,20.6,0.01,59.8,0.0,-5.79
2024-11-21 14:26:10,20.6,0.01,59.8,0.0,-5.79
2024-11-21 14:26:11,22.5,0.01,65.1,0.0,-5.79
2024-11-21 14:26:12,22.5,0.01,65.1,0.0,-5.79
2024-11-21 14:26:13,22.1,0.01,74.5,0.0,-5.79
2024-11-21 14:26:14,22.1,0.01,74.5,0.0,-5.79
2024-11-21 14:26:15,22.0,0.01,80.5,0.0,-5.79
2024-11-21 14:26:16,22.0,0.01,80.5,0.0,-5.79
2024-11-21 14:26:17,22.0,0.01,84.2,0.0,-5.79
2024-11-21 14:26:18,22.0,0.01,84.2,0.0,-5.79
2024-11-21 14:26:19,21.9,0.01,86.5,0.0,-5.79
2024-11-21 14:26:20,21.9,0.01,86.5,0.0,-5.79
2024-11-21 14:26:21,21.9,0.01,88.0,0.0,-5.79
2024-11-21 14:26:22,21.9,0.01,88.0,0.0,-5.79
2024-11-21 14:26:23,21.7,0.01,89.0,0.0,-5.79
2024-11-21 14:26:24,21.7,0.01,89.0,0.0,-5.79
2024-11-21 14:26:25,21.7,0.01,89.7,0.0,-5.79
2024-11-21 14:26:26,21.7,0.01,89.7,0.0,-5.79
2024-11-21 14:26:27,21.5,0.02,90.1,0.0,-5.79
2024-11-21 14:26:28,21.5,0.02,90.1,0.0,-5.79
2024-11-21 14:26:29,22.5,0.01,90.6,0.0,-5.79
2024-11-21 14:26:30,22.5,0.01,90.6,0.0,-5.79
2024-11-21 14:26:31,22.8,0.01,90.9,0.0,-5.79
2024-11-21 14:26:32,22.8,0.01,90.9,0.0,-5.79
2024-11-21 14:26:33,22.9,0.01,91.1,0.0,-5.79
2024-11-21 14:26:34,22.9,0.01,91.1,0.0,-5.79
2024-11-21 14:26:35,23.0,0.01,91.2,0.0,-5.79
2024-11-21 14:26:36,23.0,0.01,91.2,0.0,-5.79
2024-11-21 14:26:37,23.0,0.01,91.2,0.0,-5.79
2024-11-21 14:26:38,23.0,0.01,91.2,0.0,-5.79
2024-11-21 14:26:39,22.9,0.01,91.3,0.0,-5.79
2024-11-21 14:26:40,22.9,0.01,91.3,0.0,-5.79
2024-11-21 14:26:41,22.8,0.01,91.3,0.0,-5.79
2024-11-21 14:26:42,22.8,0.01,91.3,0.0,-5.79
2024-11-21 14:26:43,22.1,0.01,91.3,0.0,-5.79
2024-11-21 14:26:44,22.1,0.01,91.3,0.0,-5.79
2024-11-21 14:26:45,21.8,0.01,91.3,0.0,-5.79
2024-11-21 14:26:46,21.8,0.01,91.3,0.0,-5.79
2024-11-21 14:26:47,21.5,0.34,91.3,0.0,-5.79
2024-11-21 14:26:48,21.5,0.34,91.3,0.0,-5.79
2024-11-21 14:26:49,21.5,0.01,91.4,0.0,-5.79
2024-11-21 14:26:50,21.5,0.01,91.4,0.0,-5.79
2024-11-21 14:26:51,21.5,0.01,91.4,0.0,-5.79
2024-11-21 14:26:52,21.5,0.01,91.4,0.0,-5.79
2024-11-21 14:26:53,21.2,0.01,91.3,0.0,-5.79
2024-11-21 14:26:54,21.2,0.01,91.3,0.0,-5.79
2024-11-21 14:26:55,21.3,0.01,90.5,0.0,-5.79
2024-11-21 14:26:56,21.3,0.01,90.5,0.0,-5.79
2024-11-21 14:26:57,21.2,0.01,89.0,0.0,-5.79
2024-11-21 14:26:58,21.2,0.01,89.0,0.0,-5.79
2024-11-21 14:26:59,21.2,0.69,86.3,0.0,-5.79
2024-11-21 14:27:00,21.2,0.69,86.3,0.0,-5.79
2024-11-21 14:27:01,21.2,0.01,83.1,0.0,-5.79
2024-11-21 14:27:02,21.2,0.01,83.1,0.0,-5.79
2024-11-21 14:27:03,21.2,0.01,79.8,0.0,-5.79
2024-11-21 14:27:04,21.2,0.01,79.8,0.0,-5.79
2024-11-21 14:27:05,21.1,0.01,76.6,0.0,-5.79
2024-11-21 14:27:06,21.1,0.01,76.6,0.0,-5.79
2024-11-21 14:27:07,21.1,0.23,72.0,0.0,-5.79
2024-11-21 14:27:08,21.1,0.23,72.0,0.0,-5.79
2024-11-21 14:27:09,21.1,0.01,68.3,0.0,-5.79
2024-11-21 14:27:10,21.1,0.01,68.3,0.0,-5.79
2024-11-21 14:27:11,21.1,0.01,65.6,0.0,-5.79
2024-11-21 14:27:12,21.1,0.01,65.6,0.0,-5.79
2024-11-21 14:27:13,21.1,0.01,63.6,0.0,-5.79
2024-11-21 14:27:14,21.1,0.01,63.6,0.0,-5.79
2024-11-21 14:27:15,21.1,0.01,62.3,0.0,-5.79
2024-11-21 14:27:16,21.1,0.01,62.3,0.0,-5.79
2024-11-21 14:27:17,21.0,0.01,61.4,0.0,-5.79
2024-11-21 14:27:18,21.0,0.01,61.4,0.0,-5.79
2024-11-21 14:27:19,21.1,0.01,60.9,0.0,-5.79
2024-11-21 14:27:20,21.1,0.01,60.9,0.0,-5.79
2024-11-21 14:27:21,21.1,0.01,60.5,0.0,-5.79
2024-11-21 14:27:22,21.1,0.01,60.5,0.0,-5.79
2024-11-21 14:27:23,21.1,0.0,60.2,0.0,-5.79
2024-11-21 14:27:24,21.1,0.0,60.2,0.0,-5.79
2024-11-21 14:27:25,21.2,0.01,60.2,0.0,-5.79
2024-11-21 14:27:26,21.2,0.01,60.2,0.0,-5.79
2024-11-21 14:27:28,21.2,0.01,60.2,0.0,-5.79
2024-11-21 14:27:28,21.2,0.01,60.2,0.0,-5.79
2024-11-21 14:27:30,21.2,0.51,60.1,0.0,-5.79
2024-11-21 14:27:30,21.2,0.51,60.1,0.0,-5.79
2024-11-21 14:27:32,21.2,0.01,60.0,0.0,-5.79
2024-11-21 14:27:32,21.2,0.01,60.0,0.0,-5.79
2024-11-21 14:27:34,21.2,0.01,60.3,0.0,-5.79
2024-11-21 14:27:34,21.2,0.01,60.3,0.0,-5.79
2024-11-21 14:27:36,21.3,0.01,60.3,0.0,-5.79
2024-11-21 14:27:36,21.3,0.01,60.3,0.0,-5.79
2024-11-21 14:27:38,21.3,0.01,60.2,0.0,-5.79
2024-11-21 14:27:38,21.3,0.01,60.2,0.0,-5.79
2024-11-21 14:27:40,21.3,0.04,60.0,0.0,-5.79
2024-11-21 14:27:40,21.3,0.04,60.0,0.0,-5.79
2024-11-21 14:27:42,21.3,0.01,59.8,0.0,-5.79
2024-11-21 14:27:42,21.3,0.01,59.8,0.0,-5.79
2024-11-21 14:27:44,21.3,0.01,59.7,0.0,-5.79
2024-11-21 14:27:44,21.3,0.01,59.7,0.0,-5.79
2024-11-21 14:27:46,21.3,0.08,59.6,0.0,-5.79
2024-11-21 14:27:47,21.3,0.08,59.6,0.0,-5.79
2024-11-21 14:27:48,21.3,0.01,59.6,0.0,-5.79
2024-11-21 14:27:49,21.3,0.01,59.6,0.0,-5.79
2024-11-21 14:27:50,21.3,0.01,59.5,0.0,-5.79
2024-11-21 14:27:51,21.3,0.01,59.5,0.0,-5.79
2024-11-21 14:27:52,21.3,0.02,59.5,0.0,-5.79
2024-11-21 14:27:52,21.3,0.02,59.5,0.0,-5.79
2024-11-21 14:27:54,21.3,0.01,59.5,0.0,-5.79
2024-11-21 14:27:55,21.3,0.01,59.5,0.0,-5.79
2024-11-21 14:27:56,21.3,0.7,59.5,0.0,-5.79
2024-11-21 14:27:57,21.3,0.7,59.5,0.0,-5.79
2024-11-21 14:27:58,21.3,0.01,59.5,0.0,-5.79
2024-11-21 14:27:59,21.3,0.01,59.5,0.0,-5.79
2024-11-21 14:28:00,21.3,0.01,59.4,0.0,-5.79
2024-11-21 14:28:00,21.3,0.01,59.4,0.0,-5.79
2024-11-21 14:28:02,21.3,0.01,59.4,0.0,-5.79
2024-11-21 14:28:02,21.3,0.01,59.4,0.0,-5.79
2024-11-21 14:28:04,21.3,0.34,59.3,0.0,-5.79
2024-11-21 14:28:04,21.3,0.34,59.3,0.0,-5.79
2024-11-21 14:28:06,21.3,0.01,59.2,0.0,-5.79
2024-11-21 14:28:06,21.3,0.01,59.2,0.0,-5.79
2024-11-21 14:28:08,21.3,0.01,59.1,0.0,-5.79
2024-11-21 14:28:08,21.3,0.01,59.1,0.0,-5.79
2024-11-21 14:28:10,21.3,0.01,59.0,0.0,-5.79
2024-11-21 14:28:10,21.3,0.01,59.0,0.0,-5.79
2024-11-21 14:28:12,21.3,0.03,58.9,0.0,-5.79
2024-11-21 14:28:13,21.3,0.03,58.9,0.0,-5.79
2024-11-21 14:28:14,21.3,0.05,58.9,0.0,-5.79
2024-11-21 14:28:15,21.3,0.05,58.9,0.0,-5.79
2024-11-21 14:28:16,21.3,0.01,58.9,0.0,-5.79
2024-11-21 14:28:17,21.3,0.01,58.9,0.0,-5.79
2024-11-21 14:28:18,21.2,0.01,58.9,0.0,-5.79
2024-11-21 14:28:19,21.2,0.01,58.9,0.0,-5.79
2024-11-21 14:28:20,21.2,0.01,58.9,0.0,-5.79
2024-11-21 14:28:21,21.2,0.01,58.9,0.0,-5.79
2024-11-21 14:28:22,21.3,0.01,58.9,0.0,-5.79
2024-11-21 14:28:22,21.3,0.01,58.9,0.0,-5.79
2024-11-21 14:28:24,21.2,0.03,58.8,0.0,-5.79
2024-11-21 14:28:24,21.2,0.03,58.8,0.0,-5.79
2024-11-21 14:28:26,21.2,0.02,58.8,0.0,-5.79
2024-11-21 14:28:26,21.2,0.02,58.8,0.0,-5.79
2024-11-21 14:28:28,21.2,0.02,58.8,0.0,-5.79
2024-11-21 14:28:28,21.2,0.02,58.8,0.0,-5.79
2024-11-21 14:28:30,21.2,0.01,58.8,0.0,-5.79
2024-11-21 14:28:30,21.2,0.01,58.8,0.0,-5.79
2024-11-21 14:28:32,21.2,0.01,58.8,0.0,-5.79
2024-11-21 14:28:32,21.2,0.01,58.8,0.0,-5.79
2024-11-21 14:28:34,21.2,0.1,58.8,0.0,-5.79
2024-11-21 14:28:34,21.2,0.1,58.8,0.0,-5.79
2024-11-21 14:28:36,21.2,0.03,58.8,0.0,-5.79
2024-11-21 14:28:36,21.2,0.03,58.8,0.0,-5.79
2024-11-21 14:28:38,21.1,0.13,58.8,0.0,-5.79
2024-11-21 14:28:38,21.1,0.13,58.8,0.0,-5.79
2024-11-21 14:28:40,21.1,0.03,58.8,0.0,-5.79
2024-11-21 14:28:41,21.1,0.03,58.8,0.0,-5.79
2024-11-21 14:28:42,21.1,0.01,58.8,0.0,-5.79
2024-11-21 14:28:43,21.1,0.01,58.8,0.0,-5.79
2024-11-21 14:28:44,21.1,0.02,58.9,0.0,-5.79
2024-11-21 14:28:45,21.1,0.02,58.9,0.0,-5.79
2024-11-21 14:28:46,21.1,0.01,59.5,0.0,-5.79
2024-11-21 14:28:47,21.1,0.01,59.5,0.0,-5.79
2024-11-21 14:28:48,21.1,0.01,59.7,0.0,-5.79
2024-11-21 14:28:49,21.1,0.01,59.7,0.0,-5.79
2024-11-21 14:28:50,21.1,0.01,59.7,0.0,-5.79
2024-11-21 14:28:51,21.1,0.01,59.7,0.0,-5.79
2024-11-21 14:28:52,21.1,0.01,59.6,0.0,-5.79
2024-11-21 14:28:53,21.1,0.01,59.6,0.0,-5.79
2024-11-21 14:28:54,21.1,0.01,59.5,0.0,-5.79
2024-11-21 14:28:55,21.1,0.01,59.5,0.0,-5.79
2024-11-21 14:28:56,21.1,0.02,59.3,0.0,-5.79
2024-11-21 14:28:57,21.1,0.02,59.3,0.0,-5.79
2024-11-21 14:28:58,21.1,0.01,59.2,0.0,-5.79
2024-11-21 14:28:59,21.1,0.01,59.2,0.0,-5.79
2024-11-21 14:29:00,21.1,0.02,59.2,0.0,-5.79
2024-11-21 14:29:01,21.1,0.02,59.2,0.0,-5.79
2024-11-21 14:29:02,21.0,0.01,59.1,0.0,-5.79
2024-11-21 14:29:03,21.0,0.01,59.1,0.0,-5.79
2024-11-21 14:29:04,21.0,0.01,59.1,0.0,-5.79
2024-11-21 14:29:05,21.0,0.01,59.1,0.0,-5.79
2024-11-21 14:29:06,21.0,0.01,59.1,0.0,-5.79
2024-11-21 14:29:07,21.0,0.01,59.1,0.0,-5.79
2024-11-21 14:29:08,21.1,0.01,59.0,0.0,-5.79
2024-11-21 14:29:09,21.1,0.01,59.0,0.0,-5.79
2024-11-21 14:29:10,21.0,0.02,59.0,0.0,-5.79
2024-11-21 14:29:11,21.0,0.02,59.0,0.0,-5.79
2024-11-21 14:29:12,21.0,0.01,59.0,0.0,-5.79
2024-11-21 14:29:13,21.0,0.01,59.0,0.0,-5.79
2024-11-21 14:29:14,21.0,0.01,59.0,0.0,-5.79
2024-11-21 14:29:15,21.0,0.01,59.0,0.0,-5.79
2024-11-21 14:29:16,21.0,0.01,59.0,0.0,-5.79
2024-11-21 14:29:17,21.0,0.01,59.0,0.0,-5.79
2024-11-21 14:29:18,21.0,0.01,59.0,0.0,-5.79
2024-11-21 14:29:19,21.0,0.01,59.0,0.0,-5.79
2024-11-21 14:29:20,21.0,0.01,59.1,0.0,-5.79
2024-11-21 14:29:21,21.0,0.01,59.1,0.0,-5.79
2024-11-21 14:29:22,21.0,0.01,59.0,0.0,-5.79
2024-11-21 14:29:22,21.0,0.01,59.0,0.0,-5.79
2024-11-21 14:29:24,21.0,0.0,59.0,0.0,-5.79
2024-11-21 14:29:24,21.0,0.0,59.0,0.0,-5.79
2024-11-21 14:29:26,21.0,0.01,59.0,0.0,-5.79
2024-11-21 14:29:26,21.0,0.01,59.0,0.0,-5.79
2024-11-21 14:29:28,21.0,0.01,59.1,0.0,-5.79
2024-11-21 14:29:28,21.0,0.01,59.1,0.0,-5.79
2024-11-21 14:29:30,21.0,0.01,59.0,0.0,-5.79
2024-11-21 14:29:30,21.0,0.01,59.0,0.0,-5.79
2024-11-21 14:29:32,21.0,0.01,59.1,0.0,-5.79
2024-11-21 14:29:32,21.0,0.01,59.1,0.0,-5.79
2024-11-21 14:29:34,21.0,0.01,59.1,0.0,-5.79
2024-11-21 14:29:34,21.0,0.01,59.1,0.0,-5.79
2024-11-21 14:29:36,21.0,0.01,59.3,0.0,-5.79
2024-11-21 14:29:36,21.0,0.01,59.3,0.0,-5.79
2024-11-21 14:29:38,21.0,0.01,59.4,0.0,-5.79
2024-11-21 14:29:38,21.0,0.01,59.4,0.0,-5.79
2024-11-21 14:29:40,21.0,0.01,59.4,0.0,-5.79
2024-11-21 14:29:40,21.0,0.01,59.4,0.0,-5.79
2024-11-21 14:29:42,21.0,0.01,59.3,0.0,-5.79
2024-11-21 14:29:42,21.0,0.01,59.3,0.0,-5.79
2024-11-21 14:29:44,21.0,0.01,59.3,0.0,-5.79
2024-11-21 14:29:44,21.0,0.01,59.3,0.0,-5.79
2024-11-21 14:29:46,21.0,0.01,59.2,0.0,-5.79
2024-11-21 14:29:46,21.0,0.01,59.2,0.0,-5.79
2024-11-21 14:29:48,21.0,0.01,59.2,0.0,-5.79
2024-11-21 14:29:48,21.0,0.01,59.2,0.0,-5.79
2024-11-21 14:29:50,20.9,0.01,59.2,0.0,-5.79
2024-11-21 14:29:50,20.9,0.01,59.2,0.0,-5.79
2024-11-21 14:29:52,21.0,0.01,59.2,0.0,-5.79
2024-11-21 14:29:52,21.0,0.01,59.2,0.0,-5.79
2024-11-21 14:29:54,21.0,0.01,59.2,0.0,-5.79
2024-11-21 14:29:54,21.0,0.01,59.2,0.0,-5.79
2024-11-21 14:29:56,21.0,0.01,59.2,0.0,-5.79
2024-11-21 14:29:56,21.0,0.01,59.2,0.0,-5.79
2024-11-21 14:29:58,21.0,0.01,59.2,0.0,-5.79
2024-11-21 14:29:58,21.0,0.01,59.2,0.0,-5.79
2024-11-21 14:30:00,20.9,0.01,59.3,0.0,-5.79
2024-11-21 14:30:00,20.9,0.01,59.3,0.0,-5.79
2024-11-21 14:30:02,21.0,0.01,59.3,0.0,-5.79
2024-11-21 14:30:02,21.0,0.01,59.3,0.0,-5.79
2024-11-21 14:30:04,20.9,0.01,59.3,0.0,-5.79
2024-11-21 14:30:04,20.9,0.01,59.3,0.0,-5.79
2024-11-21 14:30:06,20.9,0.01,59.3,0.0,-5.79
2024-11-21 14:30:06,20.9,0.01,59.3,0.0,-5.79
2024-11-21 14:30:08,20.8,0.01,59.3,0.0,-5.79
2024-11-21 14:30:08,20.8,0.01,59.3,0.0,-5.79
2024-11-21 14:30:10,20.9,0.01,59.3,0.0,-5.79
2024-11-21 14:30:10,20.9,0.01,59.3,0.0,-5.79
2024-11-21 14:30:12,20.8,0.01,59.3,0.0,-5.79
2024-11-21 14:30:12,20.8,0.01,59.3,0.0,-5.79
2024-11-21 14:30:14,20.9,0.01,59.3,0.0,-5.79
2024-11-21 14:30:14,20.9,0.01,59.3,0.0,-5.79
2024-11-21 14:30:16,20.9,0.01,59.3,0.0,-5.79
2024-11-21 14:30:16,20.9,0.01,59.3,0.0,-5.79
2024-11-21 14:30:18,20.9,0.01,59.3,0.0,-5.79
2024-11-21 14:30:18,20.9,0.01,59.3,0.0,-5.79
2024-11-21 14:30:20,20.8,0.01,59.3,0.0,-5.79
2024-11-21 14:30:20,20.8,0.01,59.3,0.0,-5.79
2024-11-21 14:30:22,20.8,0.0,59.3,0.0,-5.79
2024-11-21 14:30:22,20.8,0.0,59.3,0.0,-5.79
2024-11-21 14:30:24,20.8,0.07,59.3,0.0,-5.79
2024-11-21 14:30:24,20.8,0.07,59.3,0.0,-5.79
2024-11-21 14:30:26,20.9,0.01,59.3,0.0,-5.79
2024-11-21 14:30:26,20.9,0.01,59.3,0.0,-5.79
2024-11-21 14:30:28,20.8,0.01,59.3,0.0,-5.79
2024-11-21 14:30:28,20.8,0.01,59.3,0.0,-5.79
2024-11-21 14:30:30,20.8,0.01,59.4,0.0,-5.79
2024-11-21 14:30:30,20.8,0.01,59.4,0.0,-5.79
2024-11-21 14:30:32,20.8,0.01,59.5,0.0,-5.79
2024-11-21 14:30:32,20.8,0.01,59.5,0.0,-5.79
2024-11-21 14:30:34,20.8,0.01,59.7,0.0,-5.79
2024-11-21 14:30:34,20.8,0.01,59.7,0.0,-5.79
2024-11-21 14:30:36,20.8,0.01,59.7,0.0,-5.79
2024-11-21 14:30:36,20.8,0.01,59.7,0.0,-5.79
2024-11-21 14:30:38,20.8,0.01,59.7,0.0,-5.79
2024-11-21 14:30:38,20.8,0.01,59.7,0.0,-5.79
2024-11-21 14:30:40,20.8,0.01,59.7,0.0,-5.79
2024-11-21 14:30:40,20.8,0.01,59.7,0.0,-5.79
2024-11-21 14:30:42,20.8,0.01,59.7,0.0,-5.79
2024-11-21 14:30:42,20.8,0.01,59.7,0.0,-5.79
2024-11-21 14:30:44,20.7,0.01,59.9,0.0,-5.79
2024-11-21 14:30:44,20.7,0.01,59.9,0.0,-5.79
2024-11-21 14:30:46,20.8,0.01,60.0,0.0,-5.79
2024-11-21 14:30:46,20.8,0.01,60.0,0.0,-5.79
2024-11-21 14:30:48,20.8,0.01,59.9,0.0,-5.79
2024-11-21 14:30:48,20.8,0.01,59.9,0.0,-5.79
2024-11-21 14:30:50,20.7,0.01,59.8,0.0,-5.79
2024-11-21 14:30:50,20.7,0.01,59.8,0.0,-5.79
2024-11-21 14:30:52,20.8,0.01,59.7,0.0,-5.79
2024-11-21 14:30:52,20.8,0.01,59.7,0.0,-5.79
2024-11-21 14:30:54,20.7,0.05,59.7,0.0,-5.79
2024-11-21 14:30:54,20.7,0.05,59.7,0.0,-5.79
2024-11-21 14:30:56,20.8,0.03,59.7,0.0,-5.79
2024-11-21 14:30:56,20.8,0.03,59.7,0.0,-5.79
2024-11-21 14:30:58,20.7,0.01,59.6,0.0,-5.79
2024-11-21 14:30:58,20.7,0.01,59.6,0.0,-5.79
2024-11-21 14:31:00,20.7,0.01,59.6,0.0,-5.79
2024-11-21 14:31:00,20.7,0.01,59.6,0.0,-5.79
2024-11-21 14:31:02,20.7,0.01,59.6,0.0,-5.79
2024-11-21 14:31:02,20.7,0.01,59.6,0.0,-5.79
2024-11-21 14:31:04,20.7,0.06,59.6,0.0,-5.79
2024-11-21 14:31:04,20.7,0.06,59.6,0.0,-5.79
2024-11-21 14:31:06,20.7,0.01,59.6,0.0,-5.79
2024-11-21 14:31:06,20.7,0.01,59.6,0.0,-5.79
2024-11-21 14:31:08,20.7,0.01,59.6,0.0,-5.79
2024-11-21 14:31:08,20.7,0.01,59.6,0.0,-5.79
2024-11-21 14:31:10,20.7,0.03,59.6,0.0,-5.79
2024-11-21 14:31:10,20.7,0.03,59.6,0.0,-5.79
2024-11-21 14:31:12,20.7,0.02,59.6,0.0,-5.79
2024-11-21 14:31:12,20.7,0.02,59.6,0.0,-5.79
2024-11-21 14:31:14,20.7,0.55,59.7,0.0,-5.79
2024-11-21 14:31:14,20.7,0.55,59.7,0.0,-5.79
2024-11-21 14:31:16,20.7,0.09,59.7,0.0,-5.79
2024-11-21 14:31:16,20.7,0.09,59.7,0.0,-5.79
2024-11-21 14:31:18,20.6,0.01,59.7,0.0,-5.79
2024-11-21 14:31:18,20.6,0.01,59.7,0.0,-5.79
2024-11-21 14:31:20,20.6,0.01,59.7,0.0,-5.79
2024-11-21 14:31:20,20.6,0.01,59.7,0.0,-5.79
2024-11-21 14:31:22,20.7,0.41,59.7,0.0,-5.79
2024-11-21 14:31:22,20.7,0.41,59.7,0.0,-5.79
2024-11-21 14:31:24,20.6,0.0,59.7,0.0,-5.79
2024-11-21 14:31:24,20.6,0.0,59.7,0.0,-5.79
2024-11-21 14:31:26,20.6,2.44,59.7,0.0,-5.79
2024-11-21 14:31:26,20.6,2.44,59.7,0.0,-5.79
2024-11-21 14:31:28,20.6,0.85,59.7,0.0,-5.79
2024-11-21 14:31:29,20.6,0.85,59.7,0.0,-5.79
2024-11-21 14:31:30,20.6,0.06,59.7,0.0,-5.79
2024-11-21 14:31:31,20.6,0.06,59.7,0.0,-5.79
2024-11-21 14:31:32,20.6,0.01,59.7,0.0,-5.79
2024-11-21 14:31:33,20.6,0.01,59.7,0.0,-5.79
2024-11-21 14:31:34,20.6,0.02,59.7,0.0,-5.79
2024-11-21 14:31:35,20.6,0.02,59.7,0.0,-5.79
2024-11-21 14:31:36,20.6,0.02,59.7,0.0,-5.79
2024-11-21 14:31:37,20.6,0.02,59.7,0.0,-5.79
2024-11-21 14:31:38,20.6,0.01,59.7,0.0,-5.79
2024-11-21 14:31:39,20.6,0.01,59.7,0.0,-5.79
2024-11-21 14:31:40,20.6,0.01,59.7,0.0,-5.79
2024-11-21 14:31:41,20.6,0.01,59.7,0.0,-5.79
2024-11-21 14:31:42,20.6,0.01,59.7,0.0,-5.79
2024-11-21 14:31:43,20.6,0.01,59.7,0.0,-5.79
2024-11-21 14:31:44,20.6,0.01,59.7,0.0,-5.79
2024-11-21 14:31:45,20.6,0.01,59.7,0.0,-5.79
2024-11-21 14:31:46,20.6,0.01,59.7,0.0,-5.79
2024-11-21 14:31:47,20.6,0.01,59.7,0.0,-5.79
2024-11-21 14:31:48,20.7,0.52,59.7,0.0,-5.79
2024-11-21 14:31:49,20.7,0.52,59.7,0.0,-5.79
2024-11-21 14:31:50,20.6,0.01,59.8,0.0,-5.79
2024-11-21 14:31:51,20.6,0.01,59.8,0.0,-5.79
2024-11-21 14:31:52,20.6,0.01,59.8,0.0,-5.79
2024-11-21 14:31:53,20.6,0.01,59.8,0.0,-5.79
2024-11-21 14:31:54,20.6,0.01,59.8,0.0,-5.79
2024-11-21 14:31:55,20.6,0.01,59.8,0.0,-5.79
2024-11-21 14:31:56,20.6,0.01,59.8,0.0,-5.79
2024-11-21 14:31:57,20.6,0.01,59.8,0.0,-5.79
2024-11-21 14:31:58,20.6,0.02,59.8,0.0,-5.79
2024-11-21 14:31:59,20.6,0.02,59.8,0.0,-5.79
2024-11-21 14:32:00,20.6,0.01,59.8,0.0,-5.79
2024-11-21 14:32:01,20.6,0.01,59.8,0.0,-5.79
2024-11-21 14:32:02,20.6,0.01,59.8,0.0,-5.79
2024-11-21 14:32:03,20.6,0.01,59.8,0.0,-5.79
2024-11-21 14:32:04,20.6,0.01,59.8,0.0,-5.79
2024-11-21 14:32:05,20.6,0.01,59.8,0.0,-5.79
2024-11-21 14:32:06,20.6,0.01,59.8,0.0,-5.79
2024-11-21 14:32:07,20.6,0.01,59.8,0.0,-5.79
2024-11-21 14:32:08,20.6,0.01,59.8,0.0,-5.79
2024-11-21 14:32:09,20.6,0.01,59.8,0.0,-5.79
2024-11-21 14:32:10,20.6,0.01,59.8,0.0,-5.79
2024-11-21 14:32:11,20.6,0.01,59.8,0.0,-5.79
2024-11-21 14:32:12,20.6,0.01,59.8,0.0,-5.79
2024-11-21 14:32:13,20.6,0.01,59.8,0.0,-5.79
2024-11-21 14:32:14,20.5,0.01,59.8,0.0,-5.79
2024-11-21 14:32:15,20.5,0.01,59.8,0.0,-5.79
2024-11-21 14:32:16,20.5,0.01,59.8,0.0,-5.79
2024-11-21 14:32:17,20.5,0.01,59.8,0.0,-5.79
2024-11-21 14:32:18,20.6,0.01,59.8,0.0,-5.79
2024-11-21 14:32:19,20.6,0.01,59.8,0.0,-5.79
2024-11-21 14:32:20,20.5,0.01,59.8,0.0,-5.79
2024-11-21 14:32:21,20.5,0.01,59.8,0.0,-5.79
2024-11-21 14:32:22,20.5,0.01,59.8,0.0,-5.79
2024-11-21 14:32:23,20.5,0.01,59.8,0.0,-5.79
2024-11-21 14:32:24,20.5,0.01,59.8,0.0,-5.79
2024-11-21 14:32:25,20.5,0.01,59.8,0.0,-5.79
2024-11-21 14:32:26,20.5,0.01,59.8,0.0,-5.79
2024-11-21 14:32:27,20.5,0.01,59.8,0.0,-5.79
2024-11-21 14:32:28,20.6,0.02,59.8,0.0,-5.79
2024-11-21 14:32:28,20.6,0.02,59.8,0.0,-5.79
2024-11-21 14:32:30,20.5,0.21,59.8,0.0,-5.79
2024-11-21 14:32:30,20.5,0.21,59.8,0.0,-5.79
2024-11-21 14:32:32,20.6,0.02,59.8,0.0,-5.79
2024-11-21 14:32:32,20.6,0.02,59.8,0.0,-5.79
2024-11-21 14:32:34,20.5,0.01,59.9,0.0,-5.79
2024-11-21 14:32:34,20.5,0.01,59.9,0.0,-5.79
2024-11-21 14:32:36,20.6,0.01,59.9,0.0,-5.79
2024-11-21 14:32:37,20.6,0.01,59.9,0.0,-5.79
2024-11-21 14:32:38,20.6,0.01,59.9,0.0,-5.79
2024-11-21 14:32:39,20.6,0.01,59.9,0.0,-5.79
2024-11-21 14:32:40,20.5,0.01,59.9,0.0,-5.79
2024-11-21 14:32:41,20.5,0.01,59.9,0.0,-5.79
2024-11-21 14:32:42,20.5,0.01,59.9,0.0,-5.79
2024-11-21 14:32:43,20.5,0.01,59.9,0.0,-5.79
2024-11-21 14:32:44,20.5,0.01,59.9,0.0,-5.79
2024-11-21 14:32:45,20.5,0.01,59.9,0.0,-5.79
2024-11-21 14:32:46,20.6,0.01,59.9,0.0,-5.79
2024-11-21 14:32:47,20.6,0.01,59.9,0.0,-5.79
2024-11-21 14:32:48,20.6,0.01,60.0,0.0,-5.79
2024-11-21 14:32:49,20.6,0.01,60.0,0.0,-5.79
2024-11-21 14:32:50,20.5,0.01,60.0,0.0,-5.79
2024-11-21 14:32:51,20.5,0.01,60.0,0.0,-5.79
2024-11-21 14:32:52,20.5,0.01,59.9,0.0,-5.79
2024-11-21 14:32:53,20.5,0.01,59.9,0.0,-5.79
2024-11-21 14:32:54,20.5,0.01,59.9,0.0,-5.79
2024-11-21 14:32:55,20.5,0.01,59.9,0.0,-5.79
2024-11-21 14:32:56,20.6,0.01,59.9,0.0,-5.79
2024-11-21 14:32:57,20.6,0.01,59.9,0.0,-5.79
2024-11-21 14:32:58,20.6,0.01,59.9,0.0,-5.79
2024-11-21 14:32:59,20.6,0.01,59.9,0.0,-5.79
2024-11-21 14:33:00,20.5,0.01,59.9,0.0,-5.79
2024-11-21 14:33:01,20.5,0.01,59.9,0.0,-5.79
2024-11-21 14:33:02,20.5,0.01,59.9,0.0,-5.79
2024-11-21 14:33:03,20.5,0.01,59.9,0.0,-5.79
2024-11-21 14:33:04,20.5,0.01,59.9,0.0,-5.79
2024-11-21 14:33:05,20.5,0.01,59.9,0.0,-5.79
2024-11-21 14:33:06,20.5,0.01,59.9,0.0,-5.79
2024-11-21 14:33:07,20.5,0.01,59.9,0.0,-5.79
2024-11-21 14:33:08,20.5,0.01,59.9,0.0,-5.79
2024-11-21 14:33:09,20.5,0.01,59.9,0.0,-5.79
2024-11-21 14:33:10,20.5,0.01,59.9,0.0,-5.79
2024-11-21 14:33:11,20.5,0.01,59.9,0.0,-5.79
2024-11-21 14:33:12,20.5,0.02,59.9,0.0,-5.79
2024-11-21 14:33:13,20.5,0.02,59.9,0.0,-5.79
2024-11-21 14:33:14,20.6,0.01,59.9,0.0,-5.79
2024-11-21 14:33:15,20.6,0.01,59.9,0.0,-5.79
2024-11-21 14:33:16,20.5,0.01,59.9,0.0,-5.79
2024-11-21 14:33:17,20.5,0.01,59.9,0.0,-5.79
2024-11-21 14:33:18,20.5,0.01,59.8,0.0,-5.79
2024-11-21 14:33:19,20.5,0.01,59.8,0.0,-5.79
2024-11-21 14:33:20,20.5,0.02,59.9,0.0,-5.79
2024-11-21 14:33:21,20.5,0.02,59.9,0.0,-5.79
2024-11-21 14:33:22,20.5,0.01,59.9,0.0,-5.79
2024-11-21 14:33:23,20.5,0.01,59.9,0.0,-5.79
2024-11-21 14:33:24,20.6,0.01,59.9,0.0,-5.79
2024-11-21 14:33:25,20.6,0.01,59.9,0.0,-5.79
2024-11-21 14:33:26,20.5,0.01,59.9,0.0,-5.79
2024-11-21 14:33:27,20.5,0.01,59.9,0.0,-5.79
2024-11-21 14:33:28,20.5,0.01,59.9,0.0,-5.79
2024-11-21 14:33:29,20.5,0.01,59.9,0.0,-5.79
2024-11-21 14:33:30,20.5,0.01,59.9,0.0,-5.79
2024-11-21 14:33:31,20.5,0.01,59.9,0.0,-5.79
2024-11-21 14:33:32,20.5,0.03,59.9,0.0,-5.79
2024-11-21 14:33:33,20.5,0.03,59.9,0.0,-5.79
2024-11-21 14:33:34,20.5,0.42,59.9,0.0,-5.79
2024-11-21 14:33:35,20.5,0.42,59.9,0.0,-5.79
2024-11-21 14:33:36,20.5,0.01,59.9,0.0,-5.79
2024-11-21 14:33:37,20.5,0.01,59.9,0.0,-5.79
2024-11-21 14:33:38,20.5,0.96,59.9,0.0,-5.79
2024-11-21 14:33:39,20.5,0.96,59.9,0.0,-5.79
2024-11-21 14:33:40,20.5,0.02,59.9,0.0,-5.79
2024-11-21 14:33:41,20.5,0.02,59.9,0.0,-5.79
2024-11-21 14:33:42,20.5,0.01,59.9,0.0,-5.79
2024-11-21 14:33:43,20.5,0.01,59.9,0.0,-5.79
2024-11-21 14:33:44,20.5,0.07,59.9,0.0,-5.79
2024-11-21 14:33:44,20.5,0.07,59.9,0.0,-5.79
2024-11-21 14:33:46,20.5,0.0,59.9,0.0,-5.79
2024-11-21 14:33:46,20.5,0.0,59.9,0.0,-5.79
2024-11-21 14:33:48,20.5,0.2,59.9,0.0,-5.79
2024-11-21 14:33:49,20.5,0.2,59.9,0.0,-5.79
2024-11-21 14:33:50,20.5,0.2,59.9,0.0,-5.79
2024-11-21 14:33:51,20.5,0.2,59.9,0.0,-5.79
2024-11-21 14:33:52,20.5,0.01,59.9,0.0,-5.79
2024-11-21 14:33:53,20.5,0.01,59.9,0.0,-5.79
2024-11-21 14:33:54,20.5,0.01,59.9,0.0,-5.79
2024-11-21 14:33:55,20.5,0.01,59.9,0.0,-5.79
2024-11-21 14:33:56,20.5,0.01,59.9,0.0,-5.79
2024-11-21 14:33:57,20.5,0.01,59.9,0.0,-5.79
2024-11-21 14:33:58,20.5,0.01,59.9,0.0,-5.79
2024-11-21 14:33:58,20.5,0.01,59.9,0.0,-5.79
2024-11-21 14:34:00,20.5,0.4,59.9,0.0,-5.79
2024-11-21 14:34:01,20.5,0.4,59.9,0.0,-5.79
2024-11-21 14:34:02,20.5,0.02,59.9,0.0,-5.79
2024-11-21 14:34:03,20.5,0.02,59.9,0.0,-5.79
2024-11-21 14:34:04,20.5,0.01,59.9,0.0,-5.79
2024-11-21 14:34:05,20.5,0.01,59.9,0.0,-5.79
2024-11-21 14:34:06,20.5,0.01,59.9,0.0,-5.79
2024-11-21 14:34:07,20.5,0.01,59.9,0.0,-5.79
2024-11-21 14:34:08,20.5,0.01,59.9,0.0,-5.79
2024-11-21 14:34:09,20.5,0.01,59.9,0.0,-5.79
2024-11-21 14:34:10,20.5,0.01,59.9,0.0,-5.79
2024-11-21 14:34:10,20.5,0.01,59.9,0.0,-5.79
2024-11-21 14:34:12,20.5,0.12,59.9,0.0,-5.79
2024-11-21 14:34:13,20.5,0.12,59.9,0.0,-5.79
2024-11-21 14:34:14,20.5,0.19,60.0,0.0,-5.79
2024-11-21 14:34:15,20.5,0.19,60.0,0.0,-5.79
2024-11-21 14:34:16,20.5,0.3,60.0,0.0,-5.79
2024-11-21 14:34:17,20.5,0.3,60.0,0.0,-5.79
2024-11-21 14:34:18,20.5,0.01,60.0,0.0,-5.79
2024-11-21 14:34:19,20.5,0.01,60.0,0.0,-5.79
2024-11-21 14:34:20,20.5,0.02,60.0,0.0,-5.79
2024-11-21 14:34:21,20.5,0.02,60.0,0.0,-5.79
2024-11-21 14:34:22,20.5,0.51,59.9,0.0,-5.79
2024-11-21 14:34:23,20.5,0.51,59.9,0.0,-5.79
2024-11-21 14:34:24,20.5,0.1,59.9,0.0,-5.79
2024-11-21 14:34:25,20.5,0.1,59.9,0.0,-5.79
2024-11-21 14:34:26,20.5,0.61,59.9,0.0,-5.79
2024-11-21 14:34:27,20.5,0.61,59.9,0.0,-5.79
2024-11-21 14:34:28,20.5,0.02,59.9,0.0,-5.79
2024-11-21 14:34:29,20.5,0.02,59.9,0.0,-5.79
2024-11-21 14:34:30,20.5,0.01,59.9,0.0,-5.79
2024-11-21 14:34:31,20.5,0.01,59.9,0.0,-5.79
2024-11-21 14:34:32,20.5,0.01,59.9,0.0,-5.79
2024-11-21 14:34:33,20.5,0.01,59.9,0.0,-5.79
2024-11-21 14:34:34,20.5,0.01,59.9,0.0,-5.79
2024-11-21 14:34:35,20.5,0.01,59.9,0.0,-5.79
2024-11-21 14:34:36,20.5,0.61,59.9,0.0,-5.79
2024-11-21 14:34:37,20.5,0.61,59.9,0.0,-5.79
2024-11-21 14:34:38,20.5,0.51,59.9,0.0,-5.79
2024-11-21 14:34:39,20.5,0.51,59.9,0.0,-5.79
2024-11-21 14:34:40,20.5,0.01,59.9,0.0,-5.79
2024-11-21 14:34:41,20.5,0.01,59.9,0.0,-5.79
2024-11-21 14:34:42,20.5,0.03,59.9,0.0,-5.79
2024-11-21 14:34:43,20.5,0.03,59.9,0.0,-5.79
2024-11-21 14:34:44,20.5,0.13,59.9,0.0,-5.79
2024-11-21 14:34:45,20.5,0.13,59.9,0.0,-5.79
2024-11-21 14:34:46,20.5,0.04,59.9,0.0,-5.79
2024-11-21 14:34:47,20.5,0.04,59.9,0.0,-5.79
2024-11-21 14:34:48,20.5,0.04,59.9,0.0,-5.79
2024-11-21 14:34:49,20.5,0.04,59.9,0.0,-5.79
2024-11-21 14:34:50,20.5,0.01,59.9,0.0,-5.79
2024-11-21 14:34:51,20.5,0.01,59.9,0.0,-5.79
2024-11-21 14:34:52,20.5,0.02,59.9,0.0,-5.79
2024-11-21 14:34:53,20.5,0.02,59.9,0.0,-5.79
2024-11-21 14:34:54,20.5,0.01,59.9,0.0,-5.79
2024-11-21 14:34:55,20.5,0.01,59.9,0.0,-5.79
2024-11-21 14:34:56,20.5,0.02,59.9,0.0,-5.79
2024-11-21 14:34:57,20.5,0.02,59.9,0.0,-5.79
2024-11-21 14:34:58,20.5,0.01,59.9,0.0,-5.79
2024-11-21 14:34:59,20.5,0.01,59.9,0.0,-5.79
2024-11-21 14:35:00,20.5,0.01,59.9,0.0,-5.79
2024-11-21 14:35:01,20.5,0.01,59.9,0.0,-5.79
2024-11-21 14:35:02,20.5,0.01,59.9,0.0,-5.79
2024-11-21 14:35:03,20.5,0.01,59.9,0.0,-5.79
2024-11-21 14:35:04,20.5,0.85,59.9,0.0,-5.79
2024-11-21 14:35:05,20.5,0.85,59.9,0.0,-5.79
2024-11-21 14:35:06,20.5,0.01,59.9,0.0,-5.79
2024-11-21 14:35:07,20.5,0.01,59.9,0.0,-5.79
2024-11-21 14:35:08,20.5,0.01,59.9,0.0,-5.79
2024-11-21 14:35:09,20.5,0.01,59.9,0.0,-5.79
2024-11-21 14:35:10,20.5,0.01,59.9,0.0,-5.79
2024-11-21 14:35:11,20.5,0.01,59.9,0.0,-5.79
2024-11-21 14:35:12,20.5,0.01,59.9,0.0,-5.79
2024-11-21 14:35:13,20.5,0.01,59.9,0.0,-5.79
2024-11-21 14:35:14,20.5,0.01,59.9,0.0,-5.79
2024-11-21 14:35:15,20.5,0.01,59.9,0.0,-5.79
2024-11-21 14:35:16,20.5,0.01,59.9,0.0,-5.79
2024-11-21 14:35:17,20.5,0.01,59.9,0.0,-5.79
2024-11-21 14:35:18,20.5,0.0,59.8,0.0,-5.79
2024-11-21 14:35:19,20.5,0.0,59.8,0.0,-5.79
2024-11-21 14:35:20,20.5,0.01,59.9,0.0,-5.79
2024-11-21 14:35:21,20.5,0.01,59.9,0.0,-5.79
2024-11-21 14:35:22,20.5,0.01,59.8,0.0,-5.79
2024-11-21 14:35:23,20.5,0.01,59.8,0.0,-5.79
2024-11-21 14:35:24,20.5,0.01,59.8,0.0,-5.79
2024-11-21 14:35:25,20.5,0.01,59.8,0.0,-5.79
2024-11-21 14:35:26,20.5,0.01,59.9,0.0,-5.79
2024-11-21 14:35:27,20.5,0.01,59.9,0.0,-5.79
2024-11-21 14:35:28,20.5,0.01,59.8,0.0,-5.79
2024-11-21 14:35:29,20.5,0.01,59.8,0.0,-5.79
2024-11-21 14:35:30,20.5,0.02,59.9,0.0,-5.79
2024-11-21 14:35:31,20.5,0.02,59.9,0.0,-5.79
2024-11-21 14:35:32,20.5,0.01,59.9,0.0,-5.79
2024-11-21 14:35:33,20.5,0.01,59.9,0.0,-5.79
2024-11-21 14:35:34,20.5,0.01,59.9,0.0,-5.79
2024-11-21 14:35:35,20.5,0.01,59.9,0.0,-5.79
2024-11-21 14:35:36,20.5,0.21,59.9,0.0,-5.79
2024-11-21 14:35:37,20.5,0.21,59.9,0.0,-5.79
2024-11-21 14:35:38,20.5,0.01,59.9,0.0,-5.79
2024-11-21 14:35:39,20.5,0.01,59.9,0.0,-5.79
2024-11-21 14:35:40,20.5,0.01,59.8,0.0,-5.79
2024-11-21 14:35:41,20.5,0.01,59.8,0.0,-5.79
2024-11-21 14:35:43,20.5,0.01,59.8,0.0,-5.79
2024-11-21 14:36:43,20.5,0.01,59.8,0.0,-5.79
2024-11-21 14:37:43,20.5,0.01,59.8,0.0,-5.79
2024-11-21 14:38:43,20.5,0.01,59.8,0.0,-5.79
2024-11-21 14:39:43,20.5,0.01,59.8,0.0,-5.79
2024-11-21 14:40:43,20.5,0.01,59.8,0.0,-5.79
2024-11-21 14:41:43,20.5,0.01,59.8,0.0,-5.79
2024-11-21 14:42:43,20.5,0.01,59.8,0.0,-5.79
2024-11-21 14:43:15,20.6,0.02,59.8,0.0,-5.79
2024-11-21 14:43:15,20.6,0.02,59.8,0.0,-5.79
2024-11-21 14:43:17,20.5,0.03,59.8,0.0,-5.79
2024-11-21 14:43:17,20.5,0.03,59.8,0.0,-5.79
2024-11-21 14:43:19,20.5,0.01,59.8,0.0,-5.79
2024-11-21 14:43:19,20.5,0.01,59.8,0.0,-5.79
2024-11-21 14:43:21,20.5,0.34,59.8,0.0,-5.79
2024-11-21 14:43:21,20.5,0.34,59.8,0.0,-5.79
2024-11-21 14:43:23,20.5,0.01,59.8,0.0,-5.79
2024-11-21 14:43:23,20.5,0.01,59.8,0.0,-5.79
2024-11-21 14:43:25,20.6,0.01,59.8,0.0,-5.79
2024-11-21 14:43:25,20.6,0.01,59.8,0.0,-5.79
2024-11-21 14:43:27,20.5,0.08,59.8,0.0,-5.79
2024-11-21 14:43:27,20.5,0.08,59.8,0.0,-5.79
2024-11-21 14:43:29,20.5,0.71,59.8,0.0,-5.79
2024-11-21 14:43:29,20.5,0.71,59.8,0.0,-5.79
2024-11-21 14:43:31,20.5,0.01,59.8,0.0,-5.79
2024-11-21 14:43:31,20.5,0.01,59.8,0.0,-5.79
2024-11-21 14:43:33,20.5,0.01,59.8,0.0,-5.79
2024-11-21 14:43:33,20.5,0.01,59.8,0.0,-5.79
2024-11-21 14:43:35,20.5,0.01,59.8,0.0,-5.79
2024-11-21 14:43:35,20.5,0.01,59.8,0.0,-5.79
2024-11-21 14:43:37,20.5,0.01,59.8,0.0,-5.79
2024-11-21 14:43:37,20.5,0.01,59.8,0.0,-5.79
2024-11-21 14:43:39,20.5,0.01,59.8,0.0,-5.79
2024-11-21 14:43:39,20.5,0.01,59.8,0.0,-5.79
2024-11-21 14:43:41,20.5,0.01,59.8,0.0,-5.79
2024-11-21 14:43:41,20.5,0.01,59.8,0.0,-5.79
2024-11-21 14:43:43,20.5,0.01,59.9,0.0,-5.79
2024-11-21 14:43:43,20.5,0.01,59.9,0.0,-5.79
2024-11-21 14:43:45,20.5,0.01,59.8,0.0,-5.79
2024-11-21 14:43:45,20.5,0.01,59.8,0.0,-5.79
2024-11-21 14:43:47,20.6,0.01,59.9,0.0,-5.79
2024-11-21 14:43:47,20.6,0.01,59.9,0.0,-5.79
2024-11-21 14:43:49,20.5,0.01,59.9,0.0,-5.79
2024-11-21 14:43:49,20.5,0.01,59.9,0.0,-5.79
2024-11-21 14:43:51,20.5,0.01,59.8,0.0,-5.79
2024-11-21 14:43:51,20.5,0.01,59.8,0.0,-5.79
2024-11-21 14:43:53,20.5,0.01,59.8,0.0,-5.79
2024-11-21 14:43:53,20.5,0.01,59.8,0.0,-5.79
2024-11-21 14:43:55,20.5,0.02,59.9,0.0,-5.79
2024-11-21 14:43:55,20.5,0.02,59.9,0.0,-5.79
2024-11-21 14:43:57,20.5,0.01,59.9,0.0,-5.79
2024-11-21 14:43:57,20.5,0.01,59.9,0.0,-5.79
2024-11-21 14:43:59,20.5,0.01,59.8,0.0,-5.79
2024-11-21 14:43:59,20.5,0.01,59.8,0.0,-5.79
2024-11-21 14:44:01,20.5,0.01,59.8,0.0,-5.79
2024-11-21 14:44:01,20.5,0.01,59.8,0.0,-5.79
2024-11-21 14:44:03,20.5,0.01,59.9,0.0,-5.79
2024-11-21 14:44:03,20.5,0.01,59.9,0.0,-5.79
2024-11-21 14:44:05,20.5,0.01,59.8,0.0,-5.79
2024-11-21 14:44:05,20.5,0.01,59.8,0.0,-5.79
2024-11-21 14:44:07,20.5,0.01,59.8,0.0,-5.79
2024-11-21 14:44:07,20.5,0.01,59.8,0.0,-5.79
2024-11-21 14:44:09,20.6,0.01,59.8,0.0,-5.79
2024-11-21 14:44:09,20.6,0.01,59.8,0.0,-5.79
2024-11-21 14:44:11,20.5,0.01,59.8,0.0,-5.79
2024-11-21 14:44:11,20.5,0.01,59.8,0.0,-5.79
2024-11-21 14:44:13,20.5,0.01,59.8,0.0,-5.79
2024-11-21 14:44:13,20.5,0.01,59.8,0.0,-5.79
2024-11-21 14:44:15,20.5,0.01,59.8,0.0,-5.79
2024-11-21 14:44:15,20.5,0.01,59.8,0.0,-5.79
2024-11-21 14:44:17,20.5,0.01,59.8,0.0,-5.79
2024-11-21 14:44:17,20.5,0.01,59.8,0.0,-5.79
2024-11-21 14:44:19,20.5,0.01,59.8,0.0,-5.79
2024-11-21 14:44:19,20.5,0.01,59.8,0.0,-5.79
2024-11-21 14:44:21,20.5,0.01,59.8,0.0,-5.79
2024-11-21 14:44:21,20.5,0.01,59.8,0.0,-5.79
2024-11-21 14:44:23,20.5,0.01,59.8,0.0,-5.79
2024-11-21 14:44:23,20.5,0.01,59.8,0.0,-5.79
2024-11-21 14:44:25,20.5,0.01,59.8,0.0,-5.79
2024-11-21 14:44:25,20.5,0.01,59.8,0.0,-5.79
2024-11-21 14:44:27,20.5,0.01,59.8,0.0,-5.79
2024-11-21 14:44:27,20.5,0.01,59.8,0.0,-5.79
2024-11-21 14:44:29,20.6,0.01,59.8,0.0,-5.79
2024-11-21 14:44:29,20.6,0.01,59.8,0.0,-5.79
2024-11-21 14:44:31,20.5,0.14,59.8,0.0,-5.79
2024-11-21 14:44:31,20.5,0.14,59.8,0.0,-5.79
2024-11-21 14:44:33,20.5,0.01,59.8,0.0,-5.79
2024-11-21 14:44:33,20.5,0.01,59.8,0.0,-5.79
2024-11-21 14:44:35,20.5,0.61,59.8,0.0,-5.79
2024-11-21 14:44:35,20.5,0.61,59.8,0.0,-5.79
2024-11-21 14:44:37,20.5,0.44,59.8,0.0,-5.79
2024-11-21 14:44:37,20.5,0.44,59.8,0.0,-5.79
2024-11-21 14:44:39,20.5,0.01,59.8,0.0,-5.79
2024-11-21 14:44:39,20.5,0.01,59.8,0.0,-5.79
2024-11-21 14:44:41,20.5,0.01,59.8,0.0,-5.79
2024-11-21 14:44:41,20.5,0.01,59.8,0.0,-5.79
2024-11-21 14:44:43,20.6,0.21,59.8,0.0,-5.79
2024-11-21 14:44:44,20.6,0.21,59.8,0.0,-5.79
2024-11-21 14:44:45,20.5,0.01,59.8,0.0,-5.79
2024-11-21 14:44:46,20.5,0.01,59.8,0.0,-5.79
2024-11-21 14:44:47,20.5,0.01,59.8,0.0,-5.79
2024-11-21 14:44:47,20.5,0.01,59.8,0.0,-5.79
2024-11-21 14:44:49,20.5,0.64,59.8,0.0,-5.79
2024-11-21 14:44:49,20.5,0.64,59.8,0.0,-5.79
2024-11-21 14:44:51,20.5,0.23,59.8,0.0,-5.79
2024-11-21 14:44:51,20.5,0.23,59.8,0.0,-5.79
2024-11-21 14:44:53,20.5,0.28,59.8,0.0,-5.79
2024-11-21 14:44:53,20.5,0.28,59.8,0.0,-5.79
2024-11-21 14:44:55,20.5,0.01,59.8,0.0,-5.79
2024-11-21 14:44:55,20.5,0.01,59.8,0.0,-5.79
2024-11-21 14:44:57,20.6,0.02,59.8,0.0,-5.79
2024-11-21 14:44:57,20.6,0.02,59.8,0.0,-5.79
2024-11-21 14:44:59,20.5,0.08,59.8,0.0,-5.79
2024-11-21 14:44:59,20.5,0.08,59.8,0.0,-5.79
2024-11-21 14:45:01,20.5,0.01,59.8,0.0,-5.79
2024-11-21 14:45:01,20.5,0.01,59.8,0.0,-5.79
2024-11-21 14:45:03,20.5,0.01,59.8,0.0,-5.79
2024-11-21 14:45:03,20.5,0.01,59.8,0.0,-5.79
2024-11-21 14:45:05,20.5,0.01,59.8,0.0,-5.79
2024-11-21 14:45:05,20.5,0.01,59.8,0.0,-5.79
2024-11-21 14:45:07,20.5,0.33,59.8,0.0,-5.79
2024-11-21 14:45:07,20.5,0.33,59.8,0.0,-5.79
2024-11-21 14:45:09,20.5,0.01,59.8,0.0,-5.79
2024-11-21 14:45:09,20.5,0.01,59.8,0.0,-5.79
2024-11-21 14:45:11,20.5,0.2,59.8,0.0,-5.79
2024-11-21 14:45:11,20.5,0.2,59.8,0.0,-5.79
2024-11-21 14:45:13,20.5,0.01,59.8,0.0,-5.79
2024-11-21 14:45:13,20.5,0.01,59.8,0.0,-5.79
2024-11-21 14:45:15,20.5,0.01,59.8,0.0,-5.79
2024-11-21 14:45:15,20.5,0.01,59.8,0.0,-5.79
2024-11-21 14:45:17,20.5,0.44,59.8,0.0,-5.79
2024-11-21 14:45:17,20.5,0.44,59.8,0.0,-5.79
2024-11-21 14:45:19,20.5,0.02,59.8,0.0,-5.79
2024-11-21 14:45:19,20.5,0.02,59.8,0.0,-5.79
2024-11-21 14:45:21,20.5,0.25,59.8,0.0,-5.79
2024-11-21 14:45:21,20.5,0.25,59.8,0.0,-5.79
2024-11-21 14:45:23,20.5,0.01,59.8,0.0,-5.79
2024-11-21 14:45:23,20.5,0.01,59.8,0.0,-5.79
2024-11-21 14:45:25,20.5,0.01,59.8,0.0,-5.79
2024-11-21 14:45:25,20.5,0.01,59.8,0.0,-5.79
2024-11-21 14:45:27,20.5,0.01,59.8,0.0,-5.79
2024-11-21 14:45:27,20.5,0.01,59.8,0.0,-5.79
2024-11-21 14:45:29,20.5,0.01,59.8,0.0,-5.79
2024-11-21 14:45:29,20.5,0.01,59.8,0.0,-5.79
2024-11-21 14:45:31,20.5,0.01,59.8,0.0,-5.79
2024-11-21 14:45:31,20.5,0.01,59.8,0.0,-5.79
2024-11-21 14:45:33,20.5,0.01,59.8,0.0,-5.79
2024-11-21 14:45:33,20.5,0.01,59.8,0.0,-5.79
2024-11-21 14:45:35,20.5,0.24,59.8,0.0,-5.79
2024-11-21 14:45:35,20.5,0.24,59.8,0.0,-5.79
2024-11-21 14:45:37,20.5,0.01,59.8,0.0,-5.79
2024-11-21 14:45:37,20.5,0.01,59.8,0.0,-5.79
2024-11-21 14:45:39,20.5,0.01,59.8,0.0,-5.79
2024-11-21 14:45:39,20.5,0.01,59.8,0.0,-5.79
2024-11-21 14:45:41,20.5,0.98,59.8,0.0,-5.79
2024-11-21 14:45:41,20.5,0.98,59.8,0.0,-5.79
2024-11-21 14:45:43,20.5,1.15,59.8,0.0,-5.79
2024-11-21 14:45:43,20.5,1.15,59.8,0.0,-5.79
2024-11-21 14:45:45,20.5,0.23,59.8,0.0,-5.79
2024-11-21 14:45:45,20.5,0.23,59.8,0.0,-5.79
2024-11-21 14:45:47,20.5,0.01,59.8,0.0,-5.79
2024-11-21 14:45:47,20.5,0.01,59.8,0.0,-5.79
2024-11-21 14:45:49,20.5,0.01,59.8,0.0,-5.79
2024-11-21 14:45:49,20.5,0.01,59.8,0.0,-5.79
2024-11-21 14:45:51,20.5,0.01,59.9,0.0,-5.79
2024-11-21 14:45:51,20.5,0.01,59.9,0.0,-5.79
2024-11-21 14:45:53,20.5,0.01,59.8,0.0,-5.79
2024-11-21 14:45:53,20.5,0.01,59.8,0.0,-5.79
2024-11-21 14:45:55,20.5,0.01,59.8,0.0,-5.79
2024-11-21 14:45:55,20.5,0.01,59.8,0.0,-5.79
2024-11-21 14:45:57,20.5,0.01,59.9,0.0,-5.79
2024-11-21 14:45:57,20.5,0.01,59.9,0.0,-5.79
2024-11-21 14:45:59,20.5,0.03,59.9,0.0,-5.79
2024-11-21 14:45:59,20.5,0.03,59.9,0.0,-5.79
2024-11-21 14:46:01,20.5,0.01,59.9,0.0,-5.79
2024-11-21 14:46:01,20.5,0.01,59.9,0.0,-5.79
2024-11-21 14:46:03,20.5,0.17,59.9,0.0,-5.79
2024-11-21 14:46:03,20.5,0.17,59.9,0.0,-5.79
2024-11-21 14:46:05,20.5,0.01,59.9,0.0,-5.79
2024-11-21 14:46:05,20.5,0.01,59.9,0.0,-5.79
2024-11-21 14:46:07,20.5,0.01,59.8,0.0,-5.79
2024-11-21 14:46:07,20.5,0.01,59.8,0.0,-5.79
2024-11-21 14:46:09,20.5,0.01,59.8,0.0,-5.79
2024-11-21 14:46:09,20.5,0.01,59.8,0.0,-5.79
2024-11-21 14:46:11,20.5,0.01,59.8,0.0,-5.79
2024-11-21 14:46:11,20.5,0.01,59.8,0.0,-5.79
2024-11-21 14:46:13,20.5,0.01,59.8,0.0,-5.79
2024-11-21 14:46:13,20.5,0.01,59.8,0.0,-5.79
2024-11-21 14:46:15,20.5,0.01,59.8,0.0,-5.79
2024-11-21 14:46:15,20.5,0.01,59.8,0.0,-5.79
2024-11-21 14:46:17,20.5,0.11,59.8,0.0,-5.79
2024-11-21 14:46:17,20.5,0.11,59.8,0.0,-5.79
2024-11-21 14:46:19,20.5,0.01,59.8,0.0,-5.79
2024-11-21 14:46:19,20.5,0.01,59.8,0.0,-5.79
2024-11-21 14:46:21,20.5,0.01,59.8,0.0,-5.79
2024-11-21 14:46:21,20.5,0.01,59.8,0.0,-5.79
2024-11-21 14:46:23,20.5,0.01,59.9,0.0,-5.79
2024-11-21 14:46:23,20.5,0.01,59.9,0.0,-5.79
2024-11-21 14:46:25,20.5,0.01,59.8,0.0,-5.79
2024-11-21 14:46:25,20.5,0.01,59.8,0.0,-5.79
2024-11-21 14:46:27,20.5,0.01,59.9,0.0,-5.79
2024-11-21 14:46:27,20.5,0.01,59.9,0.0,-5.79
2024-11-21 14:46:29,20.5,0.01,59.9,0.0,-5.79
2024-11-21 14:46:29,20.5,0.01,59.9,0.0,-5.79
2024-11-21 14:46:31,20.5,0.01,59.9,0.0,-5.79
2024-11-21 14:46:31,20.5,0.01,59.9,0.0,-5.79
2024-11-21 14:46:33,20.5,0.01,59.9,0.0,-5.79
2024-11-21 14:46:33,20.5,0.01,59.9,0.0,-5.79
2024-11-21 14:46:35,20.5,0.01,59.8,0.0,-5.79
2024-11-21 14:46:35,20.5,0.01,59.8,0.0,-5.79
2024-11-21 14:46:37,20.5,0.01,59.9,0.0,-5.79
2024-11-21 14:46:37,20.5,0.01,59.9,0.0,-5.79
2024-11-21 14:46:39,20.5,0.01,59.9,0.0,-5.79
2024-11-21 14:46:39,20.5,0.01,59.9,0.0,-5.79
2024-11-21 14:46:41,20.5,0.0,59.9,0.0,-5.79
2024-11-21 14:46:41,20.5,0.0,59.9,0.0,-5.79
2024-11-21 14:46:43,20.5,0.01,59.9,0.0,-5.79
2024-11-21 14:46:43,20.5,0.01,59.9,0.0,-5.79
2024-11-21 14:46:45,20.5,0.99,59.9,0.0,-5.79
2024-11-21 14:46:45,20.5,0.99,59.9,0.0,-5.79
2024-11-21 14:46:47,20.5,0.28,59.9,0.0,-5.79
2024-11-21 14:46:47,20.5,0.28,59.9,0.0,-5.79
2024-11-21 14:46:49,20.5,0.01,59.9,0.0,-5.79
2024-11-21 14:46:49,20.5,0.01,59.9,0.0,-5.79
2024-11-21 14:46:51,20.5,0.01,59.9,0.0,-5.79
2024-11-21 14:46:51,20.5,0.01,59.9,0.0,-5.79
2024-11-21 14:46:53,20.5,0.01,59.9,0.0,-5.79
2024-11-21 14:46:53,20.5,0.01,59.9,0.0,-5.79
2024-11-21 14:46:55,20.5,0.01,59.8,0.0,-5.79
2024-11-21 14:46:55,20.5,0.01,59.8,0.0,-5.79
2024-11-21 14:46:57,20.5,0.01,59.9,0.0,-5.79
2024-11-21 14:46:57,20.5,0.01,59.9,0.0,-5.79
2024-11-21 14:46:59,20.5,0.01,59.9,0.0,-5.79
2024-11-21 14:46:59,20.5,0.01,59.9,0.0,-5.79
2024-11-21 14:47:01,20.5,0.01,59.9,0.0,-5.79
2024-11-21 14:47:01,20.5,0.01,59.9,0.0,-5.79
2024-11-21 14:47:03,20.5,0.01,59.8,0.0,-5.79
2024-11-21 14:47:03,20.5,0.01,59.8,0.0,-5.79
2024-11-21 14:47:05,20.5,0.01,59.9,0.0,-5.79
2024-11-21 14:47:05,20.5,0.01,59.9,0.0,-5.79
2024-11-21 14:47:07,20.5,0.01,59.9,0.0,-5.79
2024-11-21 14:47:07,20.5,0.01,59.9,0.0,-5.79
2024-11-21 14:47:09,20.5,0.01,59.9,0.0,-5.79
2024-11-21 14:47:09,20.5,0.01,59.9,0.0,-5.79
2024-11-21 14:47:11,20.5,0.01,59.9,0.0,-5.79
2024-11-21 14:47:11,20.5,0.01,59.9,0.0,-5.79
2024-11-21 14:47:13,20.5,0.01,59.8,0.0,-5.79
2024-11-21 14:47:13,20.5,0.01,59.8,0.0,-5.79
2024-11-21 14:47:15,20.5,0.01,59.9,0.0,-5.79
2024-11-21 14:47:15,20.5,0.01,59.9,0.0,-5.79
2024-11-21 14:47:17,20.5,0.01,59.9,0.0,-5.79
2024-11-21 14:47:17,20.5,0.01,59.9,0.0,-5.79
2024-11-21 14:47:19,20.5,0.19,59.9,0.0,-5.79
2024-11-21 14:47:19,20.5,0.19,59.9,0.0,-5.79
2024-11-21 14:47:21,20.5,0.01,59.9,0.0,-5.79
2024-11-21 14:47:21,20.5,0.01,59.9,0.0,-5.79
2024-11-21 14:47:23,20.5,0.01,59.9,0.0,-5.79
2024-11-21 14:47:23,20.5,0.01,59.9,0.0,-5.79
2024-11-21 14:47:25,20.5,0.01,59.9,0.0,-5.79
2024-11-21 14:47:25,20.5,0.01,59.9,0.0,-5.79
2024-11-21 14:47:27,20.5,0.01,59.9,0.0,-5.79
2024-11-21 14:47:27,20.5,0.01,59.9,0.0,-5.79
2024-11-21 14:47:29,20.5,0.01,59.9,0.0,-5.79
2024-11-21 14:47:29,20.5,0.01,59.9,0.0,-5.79
2024-11-21 14:47:31,20.5,0.01,59.9,0.0,-5.79
2024-11-21 14:47:31,20.5,0.01,59.9,0.0,-5.79
2024-11-21 14:47:33,20.5,0.01,59.9,0.0,-5.79
2024-11-21 14:47:33,20.5,0.01,59.9,0.0,-5.79
2024-11-21 14:47:35,20.5,0.01,59.9,0.0,-5.79
2024-11-21 14:47:35,20.5,0.01,59.9,0.0,-5.79
2024-11-21 14:47:37,20.5,0.01,59.9,0.0,-5.79
2024-11-21 14:47:37,20.5,0.01,59.9,0.0,-5.79
2024-11-21 14:47:39,20.5,0.01,59.9,0.0,-5.79
2024-11-21 14:47:39,20.5,0.01,59.9,0.0,-5.79
2024-11-21 14:47:41,20.5,0.01,59.9,0.0,-5.79
2024-11-21 14:47:41,20.5,0.01,59.9,0.0,-5.79
2024-11-21 14:47:43,20.5,0.01,59.9,0.0,-5.79
2024-11-21 14:47:43,20.5,0.01,59.9,0.0,-5.79
2024-11-21 14:47:45,20.5,0.05,59.9,0.0,-5.79
2024-11-21 14:47:45,20.5,0.05,59.9,0.0,-5.79
2024-11-21 14:47:47,20.5,0.01,59.9,0.0,-5.79
2024-11-21 14:47:47,20.5,0.01,59.9,0.0,-5.79
2024-11-21 14:47:49,20.5,0.01,59.9,0.0,-5.79
2024-11-21 14:47:49,20.5,0.01,59.9,0.0,-5.79
2024-11-21 14:47:51,20.5,0.48,59.8,0.0,-5.79
2024-11-21 14:47:51,20.5,0.48,59.8,0.0,-5.79
2024-11-21 14:47:53,20.5,0.26,59.8,0.0,-5.79
2024-11-21 14:47:53,20.5,0.26,59.8,0.0,-5.79
2024-11-21 14:47:55,20.5,0.34,59.8,0.0,-5.79
2024-11-21 14:47:55,20.5,0.34,59.8,0.0,-5.79
2024-11-21 14:47:57,20.5,0.01,59.8,0.0,-5.79
2024-11-21 14:47:57,20.5,0.01,59.8,0.0,-5.79
2024-11-21 14:47:59,20.5,0.01,59.8,0.0,-5.79
2024-11-21 14:47:59,20.5,0.01,59.8,0.0,-5.79
2024-11-21 14:48:01,20.5,0.01,59.8,0.0,-5.79
2024-11-21 14:48:01,20.5,0.01,59.8,0.0,-5.79
2024-11-21 14:48:03,20.5,0.19,59.8,0.0,-5.79
2024-11-21 14:48:03,20.5,0.19,59.8,0.0,-5.79
2024-11-21 14:48:05,20.5,0.01,59.8,0.0,-5.79
2024-11-21 14:48:05,20.5,0.01,59.8,0.0,-5.79
2024-11-21 14:48:07,20.5,0.01,59.8,0.0,-5.79
2024-11-21 14:48:07,20.5,0.01,59.8,0.0,-5.79
2024-11-21 14:48:09,20.5,0.01,59.8,0.0,-5.79
2024-11-21 14:48:09,20.5,0.01,59.8,0.0,-5.79
2024-11-21 14:48:11,20.5,0.01,59.8,0.0,-5.79
2024-11-21 14:48:11,20.5,0.01,59.8,0.0,-5.79
2024-11-21 14:48:13,20.5,0.01,59.8,0.0,-5.79
2024-11-21 14:48:13,20.5,0.01,59.8,0.0,-5.79
2024-11-21 14:48:15,20.5,0.01,59.8,0.0,-5.79
2024-11-21 14:48:15,20.5,0.01,59.8,0.0,-5.79
2024-11-21 14:48:17,20.5,0.01,59.8,0.0,-5.79
2024-11-21 14:48:17,20.5,0.01,59.8,0.0,-5.79
2024-11-21 14:48:19,20.5,0.01,59.8,0.0,-5.79
2024-11-21 14:48:19,20.5,0.01,59.8,0.0,-5.79
2024-11-21 14:48:21,20.5,0.01,59.8,0.0,-5.79
2024-11-21 14:48:21,20.5,0.01,59.8,0.0,-5.79
2024-11-21 14:48:23,20.5,0.0,59.8,0.0,-5.79
2024-11-21 14:48:23,20.5,0.0,59.8,0.0,-5.79
2024-11-21 14:48:25,20.5,0.01,59.8,0.0,-5.79
2024-11-21 14:48:25,20.5,0.01,59.8,0.0,-5.79
2024-11-21 14:48:27,20.5,0.01,59.8,0.0,-5.79
2024-11-21 14:48:27,20.5,0.01,59.8,0.0,-5.79
2024-11-21 14:48:29,20.5,0.01,59.8,0.0,-5.79
2024-11-21 14:48:29,20.5,0.01,59.8,0.0,-5.79
2024-11-21 14:48:31,20.5,0.01,59.8,0.0,-5.79
2024-11-21 14:48:31,20.5,0.01,59.8,0.0,-5.79
2024-11-21 14:48:33,20.5,0.01,59.8,0.0,-5.79
2024-11-21 14:48:33,20.5,0.01,59.8,0.0,-5.79
2024-11-21 14:48:35,20.5,0.01,59.8,0.0,-5.79
2024-11-21 14:48:35,20.5,0.01,59.8,0.0,-5.79
2024-11-21 14:48:37,20.5,0.36,59.8,0.0,-5.79
2024-11-21 14:48:37,20.5,0.36,59.8,0.0,-5.79
2024-11-21 14:48:39,20.5,0.01,59.8,0.0,-5.79
2024-11-21 14:48:39,20.5,0.01,59.8,0.0,-5.79
2024-11-21 14:48:41,20.5,0.01,59.8,0.0,-5.79
2024-11-21 14:48:41,20.5,0.01,59.8,0.0,-5.79
2024-11-21 14:48:43,20.5,0.01,59.8,0.0,-5.79
2024-11-21 14:48:43,20.5,0.01,59.8,0.0,-5.79
2024-11-21 14:48:45,20.5,0.21,59.8,0.0,-5.79
2024-11-21 14:48:45,20.5,0.21,59.8,0.0,-5.79
2024-11-21 14:48:47,20.5,0.01,59.8,0.0,-5.79
2024-11-21 14:48:47,20.5,0.01,59.8,0.0,-5.79
2024-11-21 14:48:49,20.5,0.01,59.8,0.0,-5.79
2024-11-21 14:48:49,20.5,0.01,59.8,0.0,-5.79
2024-11-21 14:48:51,20.5,0.01,59.8,0.0,-5.79
2024-11-21 14:48:51,20.5,0.01,59.8,0.0,-5.79
2024-11-21 14:48:53,20.5,0.01,59.8,0.0,-5.79
2024-11-21 14:48:53,20.5,0.01,59.8,0.0,-5.79
2024-11-21 14:48:55,20.5,0.01,59.8,0.0,-5.79
2024-11-21 14:48:55,20.5,0.01,59.8,0.0,-5.79
2024-11-21 14:48:57,20.5,0.73,59.8,0.0,-5.79
2024-11-21 14:48:57,20.5,0.73,59.8,0.0,-5.79
2024-11-21 14:48:59,20.5,0.48,59.8,0.0,-5.79
2024-11-21 14:48:59,20.5,0.48,59.8,0.0,-5.79
2024-11-21 14:49:01,20.5,0.01,59.8,0.0,-5.79
2024-11-21 14:49:01,20.5,0.01,59.8,0.0,-5.79
2024-11-21 14:49:03,20.5,0.01,59.8,0.0,-5.79
2024-11-21 14:49:03,20.5,0.01,59.8,0.0,-5.79
2024-11-21 14:49:04,20.5,0.01,59.8,0.0,-5.79
2024-11-21 14:49:06,20.5,0.01,59.8,0.0,-5.79
2024-11-21 14:49:06,20.5,0.01,59.8,0.0,-5.79
2024-11-21 14:49:08,20.5,0.01,59.8,0.0,-5.79
2024-11-21 14:49:08,20.5,0.01,59.8,0.0,-5.79
2024-11-21 14:49:10,20.5,0.01,59.8,0.0,-5.79
2024-11-21 14:49:10,20.5,0.01,59.8,0.0,-5.79
2024-11-21 14:49:12,20.5,0.18,59.8,0.0,-5.79
2024-11-21 14:49:13,20.5,0.18,59.8,0.0,-5.79
2024-11-21 14:49:14,20.5,0.01,59.8,0.0,-5.79
2024-11-21 14:49:15,20.5,0.01,59.8,3.0,-5.79
2024-11-21 14:49:16,20.5,0.02,59.8,3.0,-5.79
2024-11-21 14:49:17,20.5,0.02,59.8,0.0,-5.79
2024-11-21 14:49:18,20.5,0.01,59.8,0.0,-5.79
2024-11-21 14:49:19,20.5,0.01,59.8,6.0,-5.79
2024-11-21 14:49:20,20.5,0.01,59.8,6.0,-5.79
2024-11-21 14:49:21,20.5,0.01,59.8,0.0,-5.79
2024-11-21 14:49:22,20.5,0.01,59.8,0.0,-5.79
2024-11-21 14:49:23,20.5,0.01,59.8,0.0,-5.79
2024-11-21 14:49:24,20.5,0.01,59.8,0.0,-5.79
2024-11-21 14:49:25,20.5,0.01,59.8,0.0,-5.79
2024-11-21 14:49:26,20.5,0.01,59.8,0.0,-5.79
2024-11-21 14:49:27,20.5,0.01,59.8,0.0,-5.79
2024-11-21 14:49:28,20.5,0.01,59.8,0.0,-5.79
2024-11-21 14:49:29,20.5,0.01,59.8,0.0,-5.79
2024-11-21 14:49:30,20.5,0.01,59.8,0.0,-5.79
2024-11-21 14:49:31,20.5,0.01,59.8,0.0,-5.79
2024-11-21 14:49:32,20.5,0.01,59.8,0.0,-5.79
2024-11-21 14:49:33,20.5,0.01,59.8,0.0,-5.79
2024-11-21 14:49:34,20.5,0.01,59.9,0.0,-5.79
2024-11-21 14:49:35,20.5,0.01,59.9,0.0,-5.79
2024-11-21 14:49:36,20.5,0.01,59.9,0.0,-5.79
2024-11-21 14:49:37,20.5,0.01,59.9,0.0,-5.79
2024-11-21 14:49:38,20.5,0.02,59.9,0.0,-5.79
2024-11-21 14:49:39,20.5,0.02,59.9,0.0,-5.79
2024-11-21 14:49:40,20.5,0.01,59.9,0.0,-5.79
2024-11-21 14:49:41,20.5,0.01,59.9,0.0,-5.79
2024-11-21 14:49:42,20.4,0.01,59.9,0.0,-5.79
2024-11-21 14:49:43,20.4,0.01,59.9,0.0,-5.79
2024-11-21 14:49:44,20.5,0.02,59.9,0.0,-5.79
2024-11-21 14:49:45,20.5,0.02,59.9,0.0,-5.79
2024-11-21 14:49:46,20.4,0.02,60.0,0.0,-5.79
2024-11-21 14:49:47,20.4,0.02,60.0,0.0,-5.79
2024-11-21 14:49:48,20.5,0.01,60.0,0.0,-5.79
2024-11-21 14:49:49,20.5,0.01,60.0,0.0,-5.79
2024-11-21 14:49:50,20.4,0.01,60.0,0.0,-5.79
2024-11-21 14:49:51,20.4,0.01,60.0,0.0,-5.79
2024-11-21 14:49:52,20.4,0.01,60.0,0.0,-5.79
2024-11-21 14:49:53,20.4,0.01,60.0,0.0,-5.79
2024-11-21 14:49:54,20.4,0.01,60.0,0.0,-5.79
2024-11-21 14:49:55,20.4,0.01,60.0,0.0,-5.79
2024-11-21 14:49:56,20.4,0.01,60.0,0.0,-5.79
2024-11-21 14:49:57,20.4,0.01,60.0,0.0,-5.79
2024-11-21 14:49:58,20.5,0.01,60.0,0.0,-5.79
2024-11-21 14:49:59,20.5,0.01,60.0,0.0,-5.79
2024-11-21 14:50:00,20.4,0.01,60.0,0.0,-5.79
2024-11-21 14:50:01,20.4,0.01,60.0,0.0,-5.79
2024-11-21 14:50:02,20.4,0.01,60.0,0.0,-5.79
2024-11-21 14:50:03,20.4,0.01,60.0,0.0,-5.79
2024-11-21 14:50:04,20.4,0.01,60.0,0.0,-5.79
2024-11-21 14:50:04,20.4,0.01,60.0,0.0,-5.79
2024-11-21 14:50:06,20.4,0.25,60.0,0.0,-5.79
2024-11-21 14:50:07,20.4,0.25,60.0,0.0,-5.79
2024-11-21 14:50:08,20.5,0.01,60.0,0.0,-5.79
2024-11-21 14:50:09,20.5,0.01,60.0,0.0,-5.79
2024-11-21 14:50:10,20.4,0.01,60.0,0.0,-5.79
2024-11-21 14:50:11,20.4,0.01,60.0,0.0,-5.79
2024-11-21 14:50:12,20.4,0.01,60.0,0.0,-5.79
2024-11-21 14:50:13,20.4,0.01,60.0,0.0,-5.79
2024-11-21 14:50:14,20.4,0.01,60.0,0.0,-5.79
2024-11-21 14:50:15,20.4,0.01,60.0,0.0,-5.79
2024-11-21 14:50:16,20.4,0.01,60.0,0.0,-5.79
2024-11-21 14:50:17,20.4,0.01,60.0,0.0,-5.79
2024-11-21 14:50:18,20.4,0.01,60.0,0.0,-5.79
2024-11-21 14:50:19,20.4,0.01,60.0,0.0,-5.79
2024-11-21 14:50:20,20.4,0.01,60.0,0.0,-5.79
2024-11-21 14:50:21,20.4,0.01,60.0,0.0,-5.79
2024-11-21 14:50:22,20.4,0.01,60.0,0.0,-5.79
2024-11-21 14:50:23,20.4,0.01,60.0,0.0,-5.79
2024-11-21 14:50:24,20.4,0.01,60.0,0.0,-5.79
2024-11-21 14:50:25,20.4,0.01,60.0,0.0,-5.79
2024-11-21 14:50:26,20.4,0.01,60.0,0.0,-5.79
2024-11-21 14:50:27,20.4,0.01,60.0,0.0,-5.79
2024-11-21 14:50:28,20.5,0.01,60.0,0.0,-5.79
2024-11-21 14:50:29,20.5,0.01,60.0,0.0,-5.79
2024-11-21 14:50:30,20.4,0.01,60.1,0.0,-5.79
2024-11-21 14:50:31,20.4,0.01,60.1,0.0,-5.79
2024-11-21 14:50:32,20.4,0.01,60.1,0.0,-5.79
2024-11-21 14:50:33,20.4,0.01,60.1,0.0,-5.79
2024-11-21 14:50:34,20.4,0.0,60.1,0.0,-5.79
2024-11-21 14:50:35,20.4,0.0,60.1,0.0,-5.79
2024-11-21 14:50:36,20.5,0.01,60.1,0.0,-5.79
2024-11-21 14:50:37,20.5,0.01,60.1,0.0,-5.79
2024-11-21 14:50:38,20.4,0.01,60.1,0.0,-5.79
2024-11-21 14:50:39,20.4,0.01,60.1,0.0,-5.79
2024-11-21 14:50:40,20.4,0.01,60.1,0.0,-5.79
2024-11-21 14:50:41,20.4,0.01,60.1,0.0,-5.79
2024-11-21 14:50:42,20.4,0.01,60.1,0.0,-5.79
2024-11-21 14:50:43,20.4,0.01,60.1,0.0,-5.79
2024-11-21 14:50:44,20.4,0.01,60.1,0.0,-5.79
2024-11-21 14:50:45,20.4,0.01,60.1,0.0,-5.79
2024-11-21 14:50:46,20.4,0.01,60.1,0.0,-5.79
2024-11-21 14:50:47,20.4,0.01,60.1,0.0,-5.79
2024-11-21 14:50:48,20.4,0.44,60.1,0.0,-5.79
2024-11-21 14:50:49,20.4,0.44,60.1,0.0,-5.79
2024-11-21 14:50:50,20.4,0.45,60.1,0.0,-5.79
2024-11-21 14:50:51,20.4,0.45,60.1,0.0,-5.79
2024-11-21 14:50:52,20.5,0.01,60.1,0.0,-5.79
2024-11-21 14:50:53,20.5,0.01,60.1,0.0,-5.79
2024-11-21 14:50:54,20.4,0.01,60.1,0.0,-5.79
2024-11-21 14:50:55,20.4,0.01,60.1,0.0,-5.79
2024-11-21 14:50:56,20.4,0.11,60.1,0.0,-5.79
2024-11-21 14:50:57,20.4,0.11,60.1,0.0,-5.79
2024-11-21 14:50:58,20.4,0.01,60.2,0.0,-5.79
2024-11-21 14:50:59,20.4,0.01,60.2,0.0,-5.79
2024-11-21 14:51:00,20.4,0.01,60.4,0.0,-5.79
2024-11-21 14:51:01,20.4,0.01,60.4,0.0,-5.79
2024-11-21 14:51:02,20.4,0.01,60.4,0.0,-5.79
2024-11-21 14:51:03,20.4,0.01,60.4,0.0,-5.79
2024-11-21 14:51:04,20.4,0.01,60.4,0.0,-5.79
2024-11-21 14:51:05,20.4,0.01,60.4,0.0,-5.79
2024-11-21 14:51:43,20.4,0.01,60.3,0.0,-5.79
2024-11-21 14:51:51,20.4,0.01,60.3,0.0,-5.79
2024-11-21 14:51:52,20.4,0.01,60.4,0.0,-5.79
2024-11-21 14:51:52,20.4,0.01,60.4,0.0,-5.79
2024-11-21 14:51:54,20.4,0.01,60.3,0.0,-5.79
2024-11-21 14:51:54,20.4,0.01,60.3,0.0,-5.79
2024-11-21 14:51:56,20.5,0.01,60.3,0.0,-5.79
2024-11-21 14:51:57,20.5,0.01,60.3,0.0,-5.79
2024-11-21 14:51:58,20.5,0.02,60.3,0.0,-5.79
2024-11-21 14:51:59,20.5,0.02,60.3,0.0,-5.79
2024-11-21 14:52:00,20.4,0.01,60.2,0.0,-5.79
2024-11-21 14:52:01,20.4,0.01,60.2,0.0,-5.79
2024-11-21 14:52:02,20.4,0.01,60.2,0.0,-5.79
2024-11-21 14:52:03,20.4,0.01,60.2,0.0,-5.79
2024-11-21 14:52:04,20.5,0.01,60.2,0.0,-5.79
2024-11-21 14:52:05,20.5,0.01,60.2,0.0,-5.79
2024-11-21 14:52:06,20.4,0.01,60.1,0.0,-5.79
2024-11-21 14:52:07,20.4,0.01,60.1,0.0,-5.79
2024-11-21 14:52:08,20.4,0.01,60.1,0.0,-5.79
2024-11-21 14:52:09,20.4,0.01,60.1,0.0,-5.79
2024-11-21 14:52:10,20.4,0.01,60.1,0.0,-5.79
2024-11-21 14:52:11,20.4,0.01,60.1,0.0,-5.79
2024-11-21 14:52:12,20.4,0.01,60.1,0.0,-5.79
2024-11-21 14:52:13,20.4,0.01,60.1,0.0,-5.79
2024-11-21 14:52:14,20.4,0.01,60.1,0.0,-5.79
2024-11-21 14:52:15,20.4,0.01,60.1,0.0,-5.79
2024-11-21 14:52:16,20.4,0.14,60.1,0.0,-5.79
2024-11-21 14:52:17,20.4,0.14,60.1,0.0,-5.79
2024-11-21 14:52:18,20.4,0.01,60.1,0.0,-5.79
2024-11-21 14:52:19,20.4,0.01,60.1,0.0,-5.79
2024-11-21 14:52:20,20.4,0.24,60.1,0.0,-5.79
2024-11-21 14:52:21,20.4,0.24,60.1,0.0,-5.79
2024-11-21 14:52:22,20.4,0.47,60.1,0.0,-5.79
2024-11-21 14:52:23,20.4,0.47,60.1,0.0,-5.79
2024-11-21 14:52:24,20.4,0.02,60.1,0.0,-5.79
2024-11-21 14:52:25,20.4,0.02,60.1,0.0,-5.79
2024-11-21 14:52:26,20.4,0.09,60.1,0.0,-5.79
2024-11-21 14:52:27,20.4,0.09,60.1,0.0,-5.79
2024-11-21 14:52:28,20.4,0.01,60.1,0.0,-5.79
2024-11-21 14:52:29,20.4,0.01,60.1,0.0,-5.79
2024-11-21 14:52:30,20.4,0.01,60.1,0.0,-5.79
2024-11-21 14:52:31,20.4,0.01,60.1,0.0,-5.79
2024-11-21 14:52:32,20.4,0.01,60.1,0.0,-5.79
2024-11-21 14:52:33,20.4,0.01,60.1,0.0,-5.79
2024-11-21 14:52:34,20.4,0.01,60.1,0.0,-5.79
2024-11-21 14:52:35,20.4,0.01,60.1,0.0,-5.79
2024-11-21 14:52:36,20.4,0.01,60.1,0.0,-5.79
2024-11-21 14:52:37,20.4,0.01,60.1,0.0,-5.79
2024-11-21 14:52:38,20.4,0.01,60.1,0.0,-5.79
2024-11-21 14:52:39,20.4,0.01,60.1,0.0,-5.79
2024-11-21 14:52:40,20.4,0.01,60.1,0.0,-5.79
2024-11-21 14:52:41,20.4,0.01,60.1,0.0,-5.79
2024-11-21 14:52:42,20.4,0.01,60.1,0.0,-5.79
2024-11-21 14:52:43,20.4,0.01,60.1,0.0,-5.79
2024-11-21 14:52:44,20.4,0.01,60.1,0.0,-5.79
2024-11-21 14:52:45,20.4,0.01,60.1,0.0,-5.79
2024-11-21 14:52:46,20.4,0.01,60.1,0.0,-5.79
2024-11-21 14:52:47,20.4,0.01,60.1,0.0,-5.79
2024-11-21 14:52:48,20.5,0.01,60.1,0.0,-5.79
2024-11-21 14:52:49,20.5,0.01,60.1,0.0,-5.79
2024-11-21 14:52:50,20.4,0.01,60.1,0.0,-5.79
2024-11-21 14:52:51,20.4,0.01,60.1,0.0,-5.79
2024-11-21 14:52:52,20.4,0.1,60.1,0.0,-5.79
2024-11-21 14:52:53,20.4,0.1,60.1,0.0,-5.79
2024-11-21 14:52:54,20.4,0.01,60.1,0.0,-5.79
2024-11-21 14:52:55,20.4,0.01,60.1,0.0,-5.79
2024-11-21 14:52:56,20.4,0.64,60.1,0.0,-5.79
2024-11-21 14:52:57,20.4,0.64,60.1,0.0,-5.79
2024-11-21 14:52:58,20.5,0.08,60.1,0.0,-5.79
2024-11-21 14:52:59,20.5,0.08,60.1,0.0,-5.79
2024-11-21 14:53:00,20.4,0.08,60.1,0.0,-5.79
2024-11-21 14:53:01,20.4,0.08,60.1,0.0,-5.79
2024-11-21 14:53:02,20.5,0.01,60.1,0.0,-5.79
2024-11-21 14:53:03,20.5,0.01,60.1,0.0,-5.79
2024-11-21 14:53:04,20.4,0.27,60.1,0.0,-5.79
2024-11-21 14:53:05,20.4,0.27,60.1,0.0,-5.79
2024-11-21 14:53:06,20.4,0.1,60.2,0.0,-5.79
2024-11-21 14:53:07,20.4,0.1,60.2,0.0,-5.79
2024-11-21 14:53:08,20.4,0.01,60.2,0.0,-5.79
2024-11-21 14:53:09,20.4,0.01,60.2,0.0,-5.79
2024-11-21 14:53:10,20.4,0.01,60.2,0.0,-5.79
2024-11-21 14:53:11,20.4,0.01,60.2,0.0,-5.79
2024-11-21 14:53:12,20.4,0.01,60.2,0.0,-5.79
2024-11-21 14:53:13,20.4,0.01,60.2,0.0,-5.79
2024-11-21 14:53:14,20.4,0.01,60.2,0.0,-5.79
2024-11-21 14:53:15,20.4,0.01,60.2,0.0,-5.79
2024-11-21 14:53:16,20.4,0.01,60.2,0.0,-5.79
2024-11-21 14:53:17,20.4,0.01,60.2,0.0,-5.79
2024-11-21 14:53:18,20.4,0.44,60.2,0.0,-5.79
2024-11-21 14:53:19,20.4,0.44,60.2,0.0,-5.79
2024-11-21 14:53:20,20.4,0.1,60.1,0.0,-5.79
2024-11-21 14:53:21,20.4,0.1,60.1,0.0,-5.79
2024-11-21 14:53:22,20.4,0.14,60.1,0.0,-5.79
2024-11-21 14:53:23,20.4,0.14,60.1,0.0,-5.79
2024-11-21 14:53:24,20.4,1.11,60.1,0.0,-5.79
2024-11-21 14:53:25,20.4,1.11,60.1,0.0,-5.79
2024-11-21 14:53:26,20.4,1.09,60.1,0.0,-5.79
2024-11-21 14:53:27,20.4,1.09,60.1,0.0,-5.79
2024-11-21 14:53:28,20.5,0.85,60.1,0.0,-5.79
2024-11-21 14:53:29,20.5,0.85,60.1,0.0,-5.79
2024-11-21 14:53:30,20.5,0.92,60.1,0.0,-5.79
2024-11-21 14:53:31,20.5,0.92,60.1,0.0,-5.79
2024-11-21 14:53:32,20.4,1.24,60.1,0.0,-5.79
2024-11-21 14:53:33,20.4,1.24,60.1,0.0,-5.79
2024-11-21 14:53:34,20.4,1.33,60.1,0.0,-5.79
2024-11-21 14:53:35,20.4,1.33,60.1,0.0,-5.79
2024-11-21 14:53:36,20.4,0.9,60.1,0.0,-5.79
2024-11-21 14:53:37,20.4,0.9,60.1,0.0,-5.79
2024-11-21 14:53:38,20.4,1.16,60.1,0.0,-5.79
2024-11-21 14:53:39,20.4,1.16,60.1,0.0,-5.79
2024-11-21 14:53:40,20.4,1.26,60.1,0.0,-5.79
2024-11-21 14:53:41,20.4,1.26,60.1,0.0,-5.79
2024-11-21 14:53:42,20.4,1.03,60.1,0.0,-5.79
2024-11-21 14:53:43,20.4,1.03,60.1,0.0,-5.79
2024-11-21 14:53:44,20.4,1.04,60.1,0.0,-5.79
2024-11-21 14:53:45,20.4,1.04,60.1,0.0,-5.79
2024-11-21 14:53:46,20.4,0.57,60.1,0.0,-5.79
2024-11-21 14:53:47,20.4,0.57,60.1,0.0,-5.79
2024-11-21 14:53:48,20.4,0.01,60.1,0.0,-5.79
2024-11-21 14:53:49,20.4,0.01,60.1,0.0,-5.79
2024-11-21 14:53:50,20.4,0.01,60.1,0.0,-5.79
2024-11-21 14:53:51,20.4,0.01,60.1,0.0,-5.79
2024-11-21 14:53:52,20.4,0.01,60.1,0.0,-5.79
2024-11-21 14:53:53,20.4,0.01,60.1,0.0,-5.79
2024-11-21 14:53:54,20.4,0.01,60.1,0.0,-5.79
2024-11-21 14:53:55,20.4,0.01,60.1,0.0,-5.79
2024-11-21 14:53:56,20.4,0.01,60.1,0.0,-5.79
2024-11-21 14:53:57,20.4,0.01,60.1,0.0,-5.79
2024-11-21 14:53:58,20.4,0.01,60.1,0.0,-5.79
2024-11-21 14:53:59,20.4,0.01,60.1,0.0,-5.79
2024-11-21 14:54:00,20.5,0.01,60.1,0.0,-5.79
2024-11-21 14:54:01,20.5,0.01,60.1,0.0,-5.79
2024-11-21 14:54:02,20.4,0.01,60.1,0.0,-5.79
2024-11-21 14:54:03,20.4,0.01,60.1,0.0,-5.79
2024-11-21 14:54:04,20.4,0.01,60.1,0.0,-5.79
2024-11-21 14:54:05,20.4,0.01,60.1,0.0,-5.79
2024-11-21 14:54:06,20.5,0.01,60.1,0.0,-5.79
2024-11-21 14:54:07,20.5,0.01,60.1,0.0,-5.79
2024-11-21 14:54:08,20.5,0.01,60.1,0.0,-5.79
2024-11-21 14:54:09,20.5,0.01,60.1,0.0,-5.79
2024-11-21 14:54:10,20.5,0.01,60.1,0.0,-5.79
2024-11-21 14:54:11,20.5,0.01,60.1,0.0,-5.79
2024-11-21 14:54:12,20.4,0.01,60.1,0.0,-5.79
2024-11-21 14:54:13,20.4,0.01,60.1,0.0,-5.79
2024-11-21 14:54:14,20.4,0.31,60.1,0.0,-5.79
2024-11-21 14:54:15,20.4,0.31,60.1,0.0,-5.79
2024-11-21 14:54:16,20.5,0.01,60.1,0.0,-5.79
2024-11-21 14:54:17,20.5,0.01,60.1,0.0,-5.79
2024-11-21 14:54:18,20.5,0.01,60.1,0.0,-5.79
2024-11-21 14:54:19,20.5,0.01,60.1,0.0,-5.79
2024-11-21 14:54:20,20.4,0.01,60.1,0.0,-5.79
2024-11-21 14:54:21,20.4,0.01,60.1,0.0,-5.79
2024-11-21 14:54:22,20.4,0.01,60.1,0.0,-5.79
2024-11-21 14:54:23,20.4,0.01,60.1,0.0,-5.79
2024-11-21 14:54:24,20.4,0.01,60.1,0.0,-5.79
2024-11-21 14:54:25,20.4,0.01,60.1,0.0,-5.79
2024-11-21 14:54:26,20.4,0.19,60.1,0.0,-5.79
2024-11-21 14:54:27,20.4,0.19,60.1,0.0,-5.79
2024-11-21 14:54:28,20.4,0.09,60.1,0.0,-5.79
2024-11-21 14:54:29,20.4,0.09,60.1,0.0,-5.79
2024-11-21 14:54:30,20.4,0.01,60.1,0.0,-5.79
2024-11-21 14:54:31,20.4,0.01,60.1,0.0,-5.79
2024-11-21 14:54:32,20.5,0.01,60.1,0.0,-5.79
2024-11-21 14:54:33,20.5,0.01,60.1,0.0,-5.79
2024-11-21 14:54:34,20.4,0.13,60.1,0.0,-5.79
2024-11-21 14:54:35,20.4,0.13,60.1,0.0,-5.79
2024-11-21 14:54:36,20.4,0.01,60.1,0.0,-5.79
2024-11-21 14:54:37,20.4,0.01,60.1,0.0,-5.79
2024-11-21 14:54:38,20.4,0.01,60.1,0.0,-5.79
2024-11-21 14:54:39,20.4,0.01,60.1,0.0,-5.79
2024-11-21 14:54:40,20.4,0.01,60.1,0.0,-5.79
2024-11-21 14:54:41,20.4,0.01,60.1,0.0,-5.79
2024-11-21 14:54:42,20.4,0.01,60.1,0.0,-5.79
2024-11-21 14:54:43,20.4,0.01,60.1,0.0,-5.79
2024-11-21 14:54:44,20.4,0.01,60.1,0.0,-5.79
2024-11-21 14:54:45,20.4,0.01,60.1,0.0,-5.79
2024-11-21 14:54:46,20.4,0.33,60.1,0.0,-5.79
2024-11-21 14:54:47,20.4,0.33,60.1,0.0,-5.79
2024-11-21 14:54:48,20.4,0.01,60.1,0.0,-5.79
2024-11-21 14:54:49,20.4,0.01,60.1,0.0,-5.79
2024-11-21 14:54:50,20.4,0.01,60.1,0.0,-5.79
2024-11-21 14:54:51,20.4,0.01,60.1,0.0,-5.79
2024-11-21 14:54:52,20.4,0.01,60.1,0.0,-5.79
2024-11-21 14:54:53,20.4,0.01,60.1,0.0,-5.79
2024-11-21 14:54:54,20.4,0.01,60.1,0.0,-5.79
2024-11-21 14:54:55,20.4,0.01,60.1,0.0,-5.79
2024-11-21 14:54:56,20.4,0.02,60.1,0.0,-5.79
2024-11-21 14:54:57,20.4,0.02,60.1,0.0,-5.79
2024-11-21 14:54:58,20.4,0.01,60.1,0.0,-5.79
2024-11-21 14:54:59,20.4,0.01,60.1,0.0,-5.79
2024-11-21 14:55:00,20.4,0.01,60.1,0.0,-5.79
2024-11-21 14:55:01,20.4,0.01,60.1,0.0,-5.79
2024-11-21 14:55:02,20.4,0.01,60.1,0.0,-5.79
2024-11-21 14:55:03,20.4,0.01,60.1,0.0,-5.79
2024-11-21 14:55:04,20.4,0.01,60.1,0.0,-5.79
2024-11-21 14:55:05,20.4,0.01,60.1,0.0,-5.79
2024-11-21 14:55:06,20.4,0.01,60.1,0.0,-5.79
2024-11-21 14:55:07,20.4,0.01,60.1,0.0,-5.79
2024-11-21 14:55:08,20.4,0.01,60.1,0.0,-5.79
2024-11-21 14:55:09,20.4,0.01,60.1,0.0,-5.79
2024-11-21 14:55:10,20.4,0.01,60.1,0.0,-5.79
2024-11-21 14:55:11,20.4,0.01,60.1,0.0,-5.79
2024-11-21 14:55:12,20.4,0.01,60.1,0.0,-5.79
2024-11-21 14:55:13,20.4,0.01,60.1,0.0,-5.79
2024-11-21 14:55:14,20.4,0.01,60.1,0.0,-5.79
2024-11-21 14:55:15,20.4,0.01,60.1,0.0,-5.79
2024-11-21 14:55:16,20.4,0.03,60.1,0.0,-5.79
2024-11-21 14:55:17,20.4,0.03,60.1,0.0,-5.79
2024-11-21 14:55:18,20.4,0.01,60.1,0.0,-5.79
2024-11-21 14:55:19,20.4,0.01,60.1,0.0,-5.79
2024-11-21 14:55:20,20.4,0.01,60.1,0.0,-5.79
2024-11-21 14:55:21,20.4,0.01,60.1,0.0,-5.79
2024-11-21 14:55:22,20.4,0.01,60.1,0.0,-5.79
2024-11-21 14:55:23,20.4,0.01,60.1,0.0,-5.79
2024-11-21 14:55:24,20.4,0.01,60.1,0.0,-5.79
2024-11-21 14:55:25,20.4,0.01,60.1,0.0,-5.79
2024-11-21 14:55:26,20.4,0.01,60.1,0.0,-5.79
2024-11-21 14:55:27,20.4,0.01,60.1,0.0,-5.79
2024-11-21 14:55:28,20.4,0.01,60.1,0.0,-5.79
2024-11-21 14:55:29,20.4,0.01,60.1,0.0,-5.79
2024-11-21 14:55:30,20.4,0.01,60.1,0.0,-5.79
2024-11-21 14:55:31,20.4,0.01,60.1,0.0,-5.79
2024-11-21 14:55:32,20.4,0.01,60.1,0.0,-5.79
2024-11-21 14:55:33,20.4,0.01,60.1,0.0,-5.79
2024-11-21 14:55:34,20.4,0.01,60.1,0.0,-5.79
2024-11-21 14:55:35,20.4,0.01,60.1,0.0,-5.79
2024-11-21 14:55:36,20.4,0.01,60.1,0.0,-5.79
2024-11-21 14:55:37,20.4,0.01,60.1,0.0,-5.79
2024-11-21 14:55:38,20.4,0.01,60.1,0.0,-5.79
2024-11-21 14:55:39,20.4,0.01,60.1,0.0,-5.79
2024-11-21 14:55:40,20.4,0.0,60.1,0.0,-5.79
2024-11-21 14:55:41,20.4,0.0,60.1,0.0,-5.79
2024-11-21 14:55:42,20.4,0.01,60.1,0.0,-5.79
2024-11-21 14:55:43,20.4,0.01,60.1,0.0,-5.79
2024-11-21 14:55:44,20.4,0.01,60.1,0.0,-5.79
2024-11-21 14:55:45,20.4,0.01,60.1,0.0,-5.79
2024-11-21 14:55:46,20.3,0.01,60.0,0.0,-5.79
2024-11-21 14:55:47,20.3,0.01,60.0,0.0,-5.79
2024-11-21 14:55:48,20.4,0.01,60.0,0.0,-5.79
2024-11-21 14:55:49,20.4,0.01,60.0,0.0,-5.79
2024-11-21 14:55:50,20.4,0.0,60.1,0.0,-5.79
2024-11-21 14:55:51,20.4,0.0,60.1,0.0,-5.79
2024-11-21 14:55:52,20.4,0.01,60.1,0.0,-5.79
2024-11-21 14:55:53,20.4,0.01,60.1,0.0,-5.79
2024-11-21 14:55:54,20.4,0.01,60.0,0.0,-5.79
2024-11-21 14:55:55,20.4,0.01,60.0,0.0,-5.79
2024-11-21 14:55:56,20.4,0.01,60.1,0.0,-5.79
2024-11-21 14:55:57,20.4,0.01,60.1,0.0,-5.79
2024-11-21 14:55:58,20.3,0.0,60.0,0.0,-5.79
2024-11-21 14:55:59,20.3,0.0,60.0,0.0,-5.79
2024-11-21 14:56:00,20.4,0.01,60.1,0.0,-5.79
2024-11-21 14:56:01,20.4,0.01,60.1,0.0,-5.79
2024-11-21 14:56:02,20.3,0.01,60.1,0.0,-5.79
2024-11-21 14:56:03,20.3,0.01,60.1,0.0,-5.79
2024-11-21 14:56:04,20.4,0.01,60.1,0.0,-5.79
2024-11-21 14:56:05,20.4,0.01,60.1,0.0,-5.79
2024-11-21 14:56:06,20.4,0.01,60.1,0.0,-5.79
2024-11-21 14:56:07,20.4,0.01,60.1,0.0,-5.79
2024-11-21 14:56:08,20.4,0.01,60.1,0.0,-5.79
2024-11-21 14:56:09,20.4,0.01,60.1,0.0,-5.79
2024-11-21 14:56:10,20.4,0.01,60.1,0.0,-5.79
2024-11-21 14:56:11,20.4,0.01,60.1,0.0,-5.79
2024-11-21 14:56:12,20.4,0.01,60.1,0.0,-5.79
2024-11-21 14:56:13,20.4,0.01,60.1,0.0,-5.79
2024-11-21 14:56:14,20.4,0.01,60.1,0.0,-5.79
2024-11-21 14:56:15,20.4,0.01,60.1,0.0,-5.79
2024-11-21 14:56:16,20.4,0.01,60.1,0.0,-5.79
2024-11-21 14:56:17,20.4,0.01,60.1,0.0,-5.79
2024-11-21 14:56:18,20.4,0.01,60.1,0.0,-5.79
2024-11-21 14:56:19,20.4,0.01,60.1,0.0,-5.79
2024-11-21 14:56:20,20.4,0.01,60.1,0.0,-5.79
2024-11-21 14:56:21,20.4,0.01,60.1,0.0,-5.79
2024-11-21 14:56:22,20.3,0.01,60.2,0.0,-5.79
2024-11-21 14:56:23,20.3,0.01,60.2,0.0,-5.79
2024-11-21 14:56:24,20.4,0.01,60.3,0.0,-5.79
2024-11-21 14:56:25,20.4,0.01,60.3,0.0,-5.79
2024-11-21 14:56:26,20.4,0.01,60.4,0.0,-5.79
2024-11-21 14:56:27,20.4,0.01,60.4,0.0,-5.79
2024-11-21 14:56:28,20.4,0.01,60.4,0.0,-5.79
2024-11-21 14:56:29,20.4,0.01,60.4,0.0,-5.79
2024-11-21 14:56:43,20.4,0.01,60.3,0.0,-5.79
2024-11-21 14:57:43,20.4,0.01,60.3,0.0,-5.79
2024-11-21 14:58:19,20.4,0.01,60.4,0.0,-5.79
2024-11-21 14:58:19,20.4,0.01,60.4,0.0,-5.79
2024-11-21 14:58:20,20.4,0.48,60.5,0.0,-5.79
2024-11-21 14:58:21,20.4,0.48,60.5,0.0,-5.79
2024-11-21 14:58:22,20.4,0.01,60.6,0.0,-5.79
2024-11-21 14:58:23,20.4,0.01,60.6,0.0,-5.79
2024-11-21 14:58:24,20.3,1.28,60.5,0.0,-5.79
2024-11-21 14:58:25,20.3,1.28,60.5,0.0,-5.79
2024-11-21 14:58:26,20.4,0.07,60.5,0.0,-5.79
2024-11-21 14:58:27,20.4,0.07,60.5,0.0,-5.79
2024-11-21 14:58:28,20.4,0.02,60.4,0.0,-5.79
2024-11-21 14:58:29,20.4,0.02,60.4,0.0,-5.79
2024-11-21 14:58:30,20.4,0.01,60.3,0.0,-5.79
2024-11-21 14:58:31,20.4,0.01,60.3,0.0,-5.79
2024-11-21 14:58:32,20.4,1.34,60.3,0.0,-5.79
2024-11-21 14:58:33,20.4,1.34,60.3,0.0,-5.79
2024-11-21 14:58:34,20.4,0.27,60.3,0.0,-5.79
2024-11-21 14:58:35,20.4,0.27,60.3,0.0,-5.79
2024-11-21 14:58:36,20.4,0.01,60.2,0.0,-5.79
2024-11-21 14:58:37,20.4,0.01,60.2,0.0,-5.79
2024-11-21 14:58:38,20.4,0.01,60.3,0.0,-5.79
2024-11-21 14:58:39,20.4,0.01,60.3,0.0,-5.79
2024-11-21 14:58:40,20.4,0.01,60.4,0.0,-5.79
2024-11-21 14:58:41,20.4,0.01,60.4,0.0,-5.79
2024-11-21 14:58:42,20.3,0.01,60.4,0.0,-5.79
2024-11-21 14:58:43,20.3,0.01,60.4,0.0,-5.79
2024-11-21 14:58:44,20.3,0.01,60.3,0.0,-5.79
2024-11-21 14:58:45,20.3,0.01,60.3,0.0,-5.79
2024-11-21 14:58:46,20.3,0.01,60.3,0.0,-5.79
2024-11-21 15:00:06,20.3,0.01,60.3,0.0,-5.79
2024-11-21 15:00:07,20.3,0.01,60.3,0.0,-5.79
2024-11-21 15:00:08,20.3,0.01,60.3,0.0,-5.79
2024-11-21 15:00:09,20.3,0.71,60.3,0.0,-5.79
2024-11-21 15:00:10,20.3,0.71,60.3,0.0,-5.79
2024-11-21 15:00:11,20.4,0.01,60.3,0.0,-5.79
2024-11-21 15:00:12,20.4,0.01,60.3,0.0,-5.79
2024-11-21 15:00:13,20.4,0.06,60.3,0.0,-5.79
2024-11-21 15:00:14,20.4,0.06,60.3,0.0,-5.79
2024-11-21 15:00:15,20.4,0.05,60.3,0.0,-5.79
2024-11-21 15:00:16,20.4,0.05,60.3,0.0,-5.79
2024-11-21 15:00:17,20.3,0.01,60.3,0.0,-5.79
2024-11-21 15:00:18,20.3,0.01,60.3,0.0,-5.79
2024-11-21 15:00:19,20.4,0.01,60.3,0.0,-5.79
2024-11-21 15:00:20,20.4,0.01,60.3,0.0,-5.79
2024-11-21 15:00:22,20.4,0.01,60.3,0.0,-5.79
2024-11-21 15:00:23,20.4,0.01,60.3,0.0,-5.79
2024-11-21 15:00:24,20.3,0.01,60.3,0.0,-5.79
2024-11-21 15:00:25,20.3,0.01,60.3,0.0,-5.79
2024-11-21 15:00:26,20.3,0.0,60.2,0.0,-5.79
2024-11-21 15:00:27,20.3,0.0,60.2,0.0,-5.79
2024-11-21 15:00:28,20.3,0.02,60.2,0.0,-5.79
2024-11-21 15:00:29,20.3,0.02,60.2,0.0,-5.79
2024-11-21 15:00:30,20.3,0.01,60.2,0.0,-5.79
2024-11-21 15:00:31,20.3,0.01,60.2,0.0,-5.79
2024-11-21 15:00:32,20.4,0.02,60.2,0.0,-5.79
2024-11-21 15:00:33,20.4,0.02,60.2,0.0,-5.79
2024-11-21 15:00:33,20.3,0.01,60.2,0.0,-5.79
2024-11-21 15:00:34,20.3,0.01,60.2,0.0,-5.79
2024-11-21 15:00:35,20.4,0.01,60.2,0.0,-5.79
2024-11-21 15:00:36,20.4,0.01,60.2,0.0,-5.79
2024-11-21 15:00:37,20.3,0.01,60.2,0.0,-5.79
2024-11-21 15:00:38,20.3,0.01,60.2,0.0,-5.79
2024-11-21 15:00:39,20.3,0.01,60.2,0.0,-5.79
2024-11-21 15:00:40,20.3,0.01,60.2,0.0,-5.79
2024-11-21 15:00:41,20.4,0.01,60.2,0.0,-5.79
2024-11-21 15:00:42,20.4,0.01,60.2,0.0,-5.79
2024-11-21 15:00:43,20.4,0.01,60.2,0.0,-5.79
2024-11-21 15:00:44,20.4,0.01,60.2,0.0,-5.79
2024-11-21 15:00:45,20.4,0.01,60.2,0.0,-5.79
2024-11-21 15:00:46,20.4,0.01,60.2,0.0,-5.79
2024-11-21 15:00:48,20.4,1.02,60.2,0.0,-5.79
2024-11-21 15:00:48,20.4,1.02,60.2,0.0,-5.79
2024-11-21 15:00:50,20.4,0.01,60.2,0.0,-5.79
2024-11-21 15:00:50,20.4,0.01,60.2,0.0,-5.79
2024-11-21 15:00:52,20.4,0.01,60.2,0.0,-5.79
2024-11-21 15:00:52,20.4,0.01,60.2,0.0,-5.79
2024-11-21 15:00:54,20.3,0.01,60.2,0.0,-5.79
2024-11-21 15:00:55,20.3,0.01,60.2,0.0,-5.79
2024-11-21 15:00:56,20.3,0.01,60.2,0.0,-5.79
2024-11-21 15:00:57,20.3,0.01,60.2,0.0,-5.79
2024-11-21 15:00:58,20.4,0.01,60.2,0.0,-5.79
2024-11-21 15:00:59,20.4,0.01,60.2,0.0,-5.79
2024-11-21 15:01:00,20.3,0.01,60.2,0.0,-5.79
2024-11-21 15:01:01,20.3,0.01,60.2,0.0,-5.79
2024-11-21 15:01:02,20.4,0.02,60.2,0.0,-5.79
2024-11-21 15:01:03,20.4,0.02,60.2,0.0,-5.79
2024-11-21 15:01:04,20.4,0.01,60.2,0.0,-5.79
2024-11-21 15:01:05,20.4,0.01,60.2,0.0,-5.79
2024-11-21 15:01:06,20.4,0.01,60.1,0.0,-5.79
2024-11-21 15:01:07,20.4,0.01,60.1,0.0,-5.79
2024-11-21 15:01:08,20.3,0.01,60.1,0.0,-5.79
2024-11-21 15:01:09,20.3,0.01,60.1,0.0,-5.79
2024-11-21 15:01:10,20.4,0.01,60.1,0.0,-5.79
2024-11-21 15:01:11,20.4,0.01,60.1,0.0,-5.79
2024-11-21 15:01:12,20.3,0.01,60.1,0.0,-5.79
2024-11-21 15:01:13,20.3,0.01,60.1,0.0,-5.79
2024-11-21 15:01:14,20.3,0.01,60.1,0.0,-5.79
2024-11-21 15:01:15,20.3,0.01,60.1,0.0,-5.79
2024-11-21 15:01:16,20.3,1.45,60.1,0.0,-5.79
2024-11-21 15:01:17,20.3,1.45,60.1,0.0,-5.79
2024-11-21 15:01:18,20.4,0.97,60.1,0.0,-5.79
2024-11-21 15:01:19,20.4,0.97,60.1,0.0,-5.79
2024-11-21 15:01:20,20.4,0.02,60.1,0.0,-5.79
2024-11-21 15:01:21,20.4,0.02,60.1,0.0,-5.79
2024-11-21 15:01:22,20.3,0.01,60.2,0.0,-5.79
2024-11-21 15:01:23,20.3,0.01,60.2,0.0,-5.79
2024-11-21 15:01:24,20.3,0.01,60.2,0.0,-5.79
2024-11-21 15:01:25,20.3,0.01,60.2,0.0,-5.79
2024-11-21 15:01:26,20.4,0.01,60.2,0.0,-5.79
2024-11-21 15:01:27,20.4,0.01,60.2,0.0,-5.79
2024-11-21 15:01:28,20.4,0.14,60.2,0.0,-5.79
2024-11-21 15:01:29,20.4,0.14,60.2,0.0,-5.79
2024-11-21 15:01:30,20.4,0.09,60.2,0.0,-5.79
2024-11-21 15:01:31,20.4,0.09,60.2,0.0,-5.79
2024-11-21 15:01:32,20.3,0.02,60.2,0.0,-5.79
2024-11-21 15:01:33,20.3,0.02,60.2,0.0,-5.79
2024-11-21 15:01:34,20.4,0.1,60.1,0.0,-5.79
2024-11-21 15:01:35,20.4,0.1,60.1,0.0,-5.79
2024-11-21 15:01:36,20.3,0.04,60.2,0.0,-5.79
2024-11-21 15:01:37,20.3,0.04,60.2,0.0,-5.79
2024-11-21 15:01:38,20.4,0.03,60.1,0.0,-5.79
2024-11-21 15:01:39,20.4,0.03,60.1,0.0,-5.79
2024-11-21 15:01:40,20.4,0.03,60.1,0.0,-5.79
2024-11-21 15:01:41,20.4,0.03,60.1,0.0,-5.79
2024-11-21 15:01:42,20.3,0.01,60.1,0.0,-5.79
2024-11-21 15:01:43,20.3,0.01,60.1,0.0,-5.79
2024-11-21 15:01:44,20.4,0.02,60.1,0.0,-5.79
2024-11-21 15:01:45,20.4,0.02,60.1,0.0,-5.79
2024-11-21 15:01:46,20.3,0.01,60.2,0.0,-5.79
2024-11-21 15:01:47,20.3,0.01,60.2,0.0,-5.79
2024-11-21 15:01:48,20.4,0.48,60.1,0.0,-5.79
2024-11-21 15:01:49,20.4,0.48,60.1,0.0,-5.79
2024-11-21 15:01:50,20.3,0.01,60.1,0.0,-5.79
2024-11-21 15:01:51,20.3,0.01,60.1,0.0,-5.79
2024-11-21 15:01:52,20.3,0.01,60.1,0.0,-5.79
2024-11-21 15:01:53,20.3,0.01,60.1,0.0,-5.79
2024-11-21 15:02:09,20.4,0.01,60.1,0.0,-5.79
2024-11-21 15:02:09,20.4,0.01,60.1,0.0,-5.79
2024-11-21 15:02:11,20.3,0.01,60.1,0.0,-5.79
2024-11-21 15:02:17,20.3,0.01,60.1,0.0,-5.79
2024-11-21 15:02:18,20.4,0.02,60.1,0.0,-5.79
2024-11-21 15:02:19,20.4,0.02,60.1,0.0,-5.79
2024-11-21 15:02:20,20.3,0.02,60.1,0.0,-5.79
2024-11-21 15:02:21,20.3,0.02,60.1,0.0,-5.79
2024-11-21 15:02:22,20.4,0.01,60.1,0.0,-5.79
2024-11-21 15:02:23,20.4,0.01,60.1,0.0,-5.79
2024-11-21 15:02:24,20.4,0.01,60.1,0.0,-5.79
2024-11-21 15:02:25,20.4,0.01,60.1,0.0,-5.79
2024-11-21 15:02:26,20.4,0.01,60.1,0.0,-5.79
2024-11-21 15:02:27,20.4,0.01,60.1,0.0,-5.79
2024-11-21 15:02:28,20.3,0.01,60.1,0.0,-5.79
2024-11-21 15:02:29,20.3,0.01,60.1,0.0,-5.79
2024-11-21 15:02:30,20.4,0.01,60.1,0.0,-5.79
2024-11-21 15:02:31,20.4,0.01,60.1,0.0,-5.79
2024-11-21 15:02:32,20.3,0.01,60.1,0.0,-5.79
2024-11-21 15:02:33,20.3,0.01,60.1,0.0,-5.79
2024-11-21 15:02:34,20.3,0.03,60.1,0.0,-5.79
2024-11-21 15:02:35,20.3,0.03,60.1,0.0,-5.79
2024-11-21 15:02:36,20.4,0.09,60.1,0.0,-5.79
2024-11-21 15:02:37,20.4,0.09,60.1,0.0,-5.79
2024-11-21 15:02:38,20.3,0.01,60.1,0.0,-5.79
2024-11-21 15:02:39,20.3,0.01,60.1,0.0,-5.79
2024-11-21 15:02:40,20.4,0.01,60.1,0.0,-5.79
2024-11-21 15:02:41,20.4,0.01,60.1,0.0,-5.79
2024-11-21 15:02:42,20.4,0.01,60.1,0.0,-5.79
2024-11-21 15:02:43,20.4,0.01,60.1,0.0,-5.79
2024-11-21 15:02:44,20.3,0.15,60.1,0.0,-5.79
2024-11-21 15:02:45,20.3,0.15,60.1,0.0,-5.79
2024-11-21 15:02:46,20.4,0.27,60.1,0.0,-5.79
2024-11-21 15:02:47,20.4,0.27,60.1,0.0,-5.79
2024-11-21 15:02:48,20.4,0.01,60.1,0.0,-5.79
2024-11-21 15:02:49,20.4,0.01,60.1,0.0,-5.79
2024-11-21 15:02:50,20.4,0.01,60.1,0.0,-5.79
2024-11-21 15:02:51,20.4,0.01,60.1,0.0,-5.79
2024-11-21 15:02:52,20.4,0.01,60.1,0.0,-5.79
2024-11-21 15:02:53,20.4,0.01,60.1,0.0,-5.79
2024-11-21 15:02:54,20.4,0.01,60.1,0.0,-5.79
2024-11-21 15:02:55,20.4,0.01,60.1,0.0,-5.79
2024-11-21 15:02:56,20.4,0.01,60.1,0.0,-5.79
2024-11-21 15:02:57,20.4,0.01,60.1,0.0,-5.79
2024-11-21 15:02:58,20.4,0.01,60.1,0.0,-5.79
2024-11-21 15:02:59,20.4,0.01,60.1,0.0,-5.79
2024-11-21 15:03:00,20.4,0.01,60.1,0.0,-5.79
2024-11-21 15:03:01,20.4,0.01,60.1,0.0,-5.79
2024-11-21 15:03:02,20.4,0.01,60.1,0.0,-5.79
2024-11-21 15:03:03,20.4,0.01,60.1,0.0,-5.79
2024-11-21 15:03:04,20.4,0.01,60.1,0.0,-5.79
2024-11-21 15:03:05,20.4,0.01,60.1,0.0,-5.79
2024-11-21 15:03:06,20.3,0.01,60.1,0.0,-5.79
2024-11-21 15:03:07,20.3,0.01,60.1,0.0,-5.79
2024-11-21 15:03:08,20.4,0.01,60.1,0.0,-5.79
2024-11-21 15:03:09,20.4,0.01,60.1,0.0,-5.79
2024-11-21 15:03:10,20.4,0.01,60.1,0.0,-5.79
2024-11-21 15:03:11,20.4,0.01,60.1,0.0,-5.79
2024-11-21 15:03:12,20.4,0.01,60.1,0.0,-5.79
2024-11-21 15:03:13,20.4,0.01,60.1,0.0,-5.79
2024-11-21 15:03:14,20.3,0.01,60.1,0.0,-5.79
2024-11-21 15:03:15,20.3,0.01,60.1,0.0,-5.79
2024-11-21 15:03:16,20.4,0.01,60.1,0.0,-5.79
2024-11-21 15:03:17,20.4,0.01,60.1,0.0,-5.79
2024-11-21 15:03:18,20.4,0.01,60.1,0.0,-5.79
2024-11-21 15:03:19,20.4,0.01,60.1,0.0,-5.79
2024-11-21 15:03:20,20.4,0.01,60.1,0.0,-5.79
2024-11-21 15:03:21,20.4,0.01,60.1,0.0,-5.79
2024-11-21 15:03:22,20.4,0.01,60.1,0.0,-5.79
2024-11-21 15:03:23,20.4,0.01,60.1,0.0,-5.79
2024-11-21 15:03:24,20.4,0.01,60.1,0.0,-5.79
2024-11-21 15:03:25,20.4,0.01,60.1,0.0,-5.79
2024-11-21 15:03:26,20.4,0.01,60.1,0.0,-5.79
2024-11-21 15:03:27,20.4,0.01,60.1,0.0,-5.79
2024-11-21 15:03:28,20.4,0.01,60.1,0.0,-5.79
2024-11-21 15:03:29,20.4,0.01,60.1,0.0,-5.79
2024-11-21 15:03:30,20.4,0.01,60.1,0.0,-5.79
2024-11-21 15:03:31,20.4,0.01,60.1,0.0,-5.79
2024-11-21 15:03:32,20.4,0.01,60.1,0.0,-5.79
2024-11-21 15:03:33,20.4,0.01,60.1,0.0,-5.79
2024-11-21 15:03:34,20.4,0.01,60.1,0.0,-5.79
2024-11-21 15:03:35,20.4,0.0,60.1,0.0,-5.79
2024-11-21 15:03:36,20.4,0.0,60.1,0.0,-5.79
2024-11-21 15:03:37,20.4,0.01,60.1,0.0,-5.79
2024-11-21 15:03:38,20.4,0.01,60.1,0.0,-5.79
2024-11-21 15:03:39,20.3,0.01,60.1,0.0,-5.79
2024-11-21 15:03:40,20.3,0.01,60.1,0.0,-5.79
2024-11-21 15:03:41,20.4,0.01,60.1,0.0,-5.79
2024-11-21 15:03:42,20.4,0.01,60.1,0.0,-5.79
2024-11-21 15:03:43,20.4,0.01,60.1,0.0,-5.79
2024-11-21 15:03:44,20.4,0.01,60.1,0.0,-5.79
2024-11-21 15:03:45,20.4,0.01,60.1,0.0,-5.79
2024-11-21 15:03:46,20.4,0.01,60.1,0.0,-5.79
2024-11-21 15:03:47,20.3,0.01,60.1,0.0,-5.79
2024-11-21 15:03:48,20.3,0.01,60.1,0.0,-5.79
2024-11-21 15:03:49,20.4,0.01,60.1,0.0,-5.79
2024-11-21 15:03:50,20.4,0.01,60.1,0.0,-5.79
2024-11-21 15:03:51,20.4,0.01,60.1,0.0,-5.79
2024-11-21 15:03:52,20.4,0.01,60.1,0.0,-5.79
2024-11-21 15:03:53,20.4,0.01,60.1,0.0,-5.79
2024-11-21 15:03:54,20.4,0.01,60.1,0.0,-5.79
2024-11-21 15:03:55,20.4,0.0,60.1,0.0,-5.79
2024-11-21 15:03:56,20.4,0.0,60.1,0.0,-5.79
2024-11-21 15:03:57,20.4,0.01,60.1,0.0,-5.79
2024-11-21 15:03:58,20.4,0.01,60.1,0.0,-5.79
2024-11-21 15:03:59,20.4,0.01,60.1,0.0,-5.79
2024-11-21 15:04:00,20.4,0.01,60.1,0.0,-5.79
2024-11-21 15:04:01,20.3,0.01,60.2,0.0,-5.79
2024-11-21 15:04:02,20.3,0.01,60.2,0.0,-5.79
2024-11-21 15:04:03,20.4,0.01,60.3,0.0,-5.79
2024-11-21 15:04:04,20.4,0.01,60.3,0.0,-5.79
2024-11-21 15:04:05,20.4,0.01,60.2,0.0,-5.79
2024-11-21 15:04:06,20.4,0.01,60.2,0.0,-5.79
2024-11-21 15:04:07,20.4,0.01,60.2,0.0,-5.79
2024-11-21 15:04:08,20.4,0.01,60.2,0.0,-5.79
2024-11-21 15:04:09,20.4,0.01,60.2,0.0,-5.79
2024-11-21 15:04:10,20.4,0.01,60.2,0.0,-5.79
2024-11-21 15:04:11,20.4,0.01,60.1,0.0,-5.79
2024-11-21 15:04:12,20.4,0.01,60.1,0.0,-5.79
2024-11-21 15:04:13,20.4,0.01,60.1,0.0,-5.79
2024-11-21 15:04:14,20.4,0.01,60.1,0.0,-5.79
2024-11-21 15:04:15,20.4,0.01,60.1,0.0,-5.79
2024-11-21 15:04:16,20.4,0.01,60.1,0.0,-5.79
2024-11-21 15:04:17,20.4,0.01,60.1,0.0,-5.79
2024-11-21 15:04:18,20.4,0.01,60.1,0.0,-5.79
2024-11-21 15:04:19,20.4,0.0,60.1,0.0,-5.79
2024-11-21 15:04:20,20.4,0.0,60.1,0.0,-5.79
2024-11-21 15:04:21,20.4,0.01,60.1,0.0,-5.79
2024-11-21 15:04:22,20.4,0.01,60.1,0.0,-5.79
2024-11-21 15:04:23,20.4,0.01,60.1,0.0,-5.79
2024-11-21 15:04:24,20.4,0.01,60.1,0.0,-5.79
2024-11-21 15:04:25,20.4,0.01,60.1,0.0,-5.79
2024-11-21 15:04:26,20.4,0.01,60.1,0.0,-5.79
2024-11-21 15:04:27,20.4,0.01,60.1,0.0,-5.79
2024-11-21 15:04:28,20.4,0.01,60.1,0.0,-5.79
2024-11-21 15:04:29,20.4,0.01,60.1,0.0,-5.79
2024-11-21 15:04:30,20.4,0.01,60.1,0.0,-5.79
2024-11-21 15:04:31,20.4,0.01,60.1,0.0,-5.79
2024-11-21 15:04:32,20.4,0.01,60.1,0.0,-5.79
2024-11-21 15:04:33,20.4,0.01,60.1,0.0,-5.79
2024-11-21 15:04:34,20.4,0.01,60.1,0.0,-5.79
2024-11-21 15:04:35,20.4,0.01,60.1,0.0,-5.79
2024-11-21 15:04:36,20.4,0.01,60.1,0.0,-5.79
2024-11-21 15:04:37,20.4,0.01,60.1,0.0,-5.79
2024-11-21 15:04:38,20.4,0.01,60.1,0.0,-5.79
2024-11-21 15:04:39,20.4,0.01,60.0,0.0,-5.79
2024-11-21 15:04:40,20.4,0.01,60.0,0.0,-5.79
2024-11-21 15:04:41,20.4,0.01,60.1,0.0,-5.79
2024-11-21 15:04:42,20.4,0.01,60.1,0.0,-5.79
2024-11-21 15:04:43,20.4,0.01,60.3,0.0,-5.79
2024-11-21 15:04:44,20.4,0.01,60.3,0.0,-5.79
2024-11-21 15:04:45,20.4,0.01,60.5,0.0,-5.79
2024-11-21 15:04:46,20.4,0.01,60.5,0.0,-5.79
2024-11-21 15:04:47,20.4,0.01,60.5,0.0,-5.79
2024-11-21 15:04:48,20.4,0.01,60.5,0.0,-5.79
2024-11-21 15:04:49,20.4,0.01,60.4,0.0,-5.79
2024-11-21 15:04:50,20.4,0.01,60.4,0.0,-5.79
2024-11-21 15:04:51,20.4,0.01,60.3,0.0,-5.79
2024-11-21 15:04:52,20.4,0.01,60.3,0.0,-5.79
2024-11-21 15:04:53,20.4,0.01,60.3,0.0,-5.79
2024-11-21 15:04:54,20.4,0.01,60.3,0.0,-5.79
2024-11-21 15:04:55,20.4,0.01,60.3,0.0,-5.79
2024-11-21 15:04:56,20.4,0.01,60.3,0.0,-5.79
2024-11-21 15:04:57,20.4,0.07,60.3,0.0,-5.79
2024-11-21 15:04:58,20.4,0.07,60.3,0.0,-5.79
2024-11-21 15:04:59,20.4,0.01,60.2,0.0,-5.79
2024-11-21 15:05:00,20.4,0.01,60.2,0.0,-5.79
2024-11-21 15:05:01,20.4,0.01,60.2,0.0,-5.79
2024-11-21 15:05:02,20.4,0.01,60.2,0.0,-5.79
2024-11-21 15:05:03,20.4,0.01,60.2,0.0,-5.79
2024-11-21 15:05:04,20.4,0.01,60.2,0.0,-5.79
2024-11-21 15:05:05,20.4,0.01,60.2,0.0,-5.79
2024-11-21 15:05:06,20.4,0.01,60.2,0.0,-5.79
2024-11-21 15:05:07,20.4,0.01,60.2,0.0,-5.79
2024-11-21 15:05:08,20.4,0.01,60.2,0.0,-5.79
2024-11-21 15:05:09,20.4,0.01,60.2,0.0,-5.79
2024-11-21 15:05:10,20.4,0.01,60.2,0.0,-5.79
2024-11-21 15:05:11,20.4,0.01,60.2,0.0,-5.79
2024-11-21 15:05:12,20.4,0.01,60.2,0.0,-5.79
2024-11-21 15:05:13,20.4,0.01,60.2,0.0,-5.79
2024-11-21 15:05:14,20.4,0.01,60.2,0.0,-5.79
2024-11-21 15:05:15,20.4,0.01,60.2,0.0,-5.79
2024-11-21 15:05:16,20.4,0.01,60.2,0.0,-5.79
2024-11-21 15:05:17,20.5,0.01,60.1,0.0,-5.79
2024-11-21 15:05:18,20.5,0.01,60.1,0.0,-5.79
2024-11-21 15:05:19,20.4,0.01,60.1,0.0,-5.79
2024-11-21 15:05:20,20.4,0.01,60.1,0.0,-5.79
2024-11-21 15:05:21,20.4,0.01,60.1,0.0,-5.79
2024-11-21 15:05:22,20.4,0.01,60.1,0.0,-5.79
2024-11-21 15:05:23,20.4,0.01,60.0,0.0,-5.79
2024-11-21 15:05:24,20.4,0.01,60.0,0.0,-5.79
2024-11-21 15:05:25,20.4,0.01,60.0,0.0,-5.79
2024-11-21 15:05:26,20.4,0.01,60.0,0.0,-5.79
2024-11-21 15:05:27,20.4,0.01,60.0,0.0,-5.79
2024-11-21 15:05:28,20.4,0.01,60.0,0.0,-5.79
2024-11-21 15:05:29,20.4,0.01,60.0,0.0,-5.79
2024-11-21 15:05:30,20.4,0.01,60.0,0.0,-5.79
2024-11-21 15:05:31,20.4,0.01,60.0,0.0,-5.79
2024-11-21 15:05:32,20.4,0.01,60.0,0.0,-5.79
2024-11-21 15:05:33,20.4,0.01,60.9,0.0,-5.79
2024-11-21 15:05:34,20.4,0.01,60.9,0.0,-5.79
2024-11-21 15:05:35,20.5,0.01,64.5,0.0,-5.79
2024-11-21 15:05:36,20.5,0.01,64.5,0.0,-5.79
2024-11-21 15:05:37,20.5,0.01,65.4,0.0,-5.79
2024-11-21 15:05:38,20.5,0.01,65.4,0.0,-5.79
2024-11-21 15:05:39,20.6,0.01,64.6,0.0,-5.79
2024-11-21 15:05:40,20.6,0.01,64.6,0.0,-5.79
2024-11-21 15:05:41,21.0,0.01,68.0,0.0,-5.79
2024-11-21 15:05:42,21.0,0.01,68.0,0.0,-5.79
2024-11-21 15:05:43,21.0,0.01,70.2,0.0,-5.79
2024-11-21 15:05:44,21.0,0.01,70.2,0.0,-5.79
2024-11-21 15:05:45,21.0,0.01,68.9,0.0,-5.79
2024-11-21 15:05:46,21.0,0.01,68.9,0.0,-5.79
2024-11-21 15:05:47,21.0,0.01,67.0,0.0,-5.79
2024-11-21 15:05:48,21.0,0.01,67.0,0.0,-5.79
2024-11-21 15:05:49,21.0,0.01,65.1,0.0,-5.79
2024-11-21 15:05:50,21.0,0.01,65.1,0.0,-5.79
2024-11-21 15:05:51,21.0,0.01,63.6,0.0,-5.79
2024-11-21 15:05:52,21.0,0.01,63.6,0.0,-5.79
2024-11-21 15:05:53,21.1,0.01,62.5,0.0,-5.79
2024-11-21 15:05:54,21.1,0.01,62.5,0.0,-5.79
2024-11-21 15:05:55,21.0,0.01,61.6,0.0,-5.79
2024-11-21 15:05:56,21.0,0.01,61.6,0.0,-5.79
2024-11-21 15:05:57,21.1,0.01,60.9,0.0,-5.79
2024-11-21 15:05:58,21.1,0.01,60.9,0.0,-5.79
2024-11-21 15:05:59,21.1,0.01,60.3,0.0,-5.79
2024-11-21 15:06:00,21.1,0.01,60.3,0.0,-5.79
2024-11-21 15:06:01,21.1,0.01,59.9,0.0,-5.79
2024-11-21 15:06:02,21.1,0.01,59.9,0.0,-5.79
2024-11-21 15:06:03,21.1,0.01,59.6,0.0,-5.79
2024-11-21 15:06:04,21.1,0.01,59.6,0.0,-5.79
2024-11-21 15:06:05,21.1,0.01,59.3,0.0,-5.79
2024-11-21 15:06:06,21.1,0.01,59.3,0.0,-5.79
2024-11-21 15:06:07,21.1,0.01,59.1,0.0,-5.79
2024-11-21 15:06:08,21.1,0.01,59.1,0.0,-5.79
2024-11-21 15:06:09,21.1,0.0,58.9,0.0,-5.79
2024-11-21 15:06:10,21.1,0.0,58.9,0.0,-5.79
2024-11-21 15:06:11,21.1,0.01,58.8,0.0,-5.79
2024-11-21 15:06:12,21.1,0.01,58.8,0.0,-5.79
2024-11-21 15:06:13,21.1,0.01,58.7,0.0,-5.79
2024-11-21 15:06:14,21.1,0.01,58.7,0.0,-5.79
2024-11-21 15:06:15,21.1,0.01,58.6,0.0,-5.79
2024-11-21 15:06:16,21.1,0.01,58.6,0.0,-5.79
2024-11-21 15:06:17,21.1,0.01,58.6,0.0,-5.79
2024-11-21 15:06:18,21.1,0.01,58.6,0.0,-5.79
2024-11-21 15:06:19,21.1,0.01,58.6,0.0,-5.79
2024-11-21 15:06:20,21.1,0.01,58.6,0.0,-5.79
2024-11-21 15:06:21,21.1,0.01,58.5,0.0,-5.79
2024-11-21 15:06:22,21.1,0.01,58.5,0.0,-5.79
2024-11-21 15:06:23,21.1,0.01,58.5,0.0,-5.79
2024-11-21 15:06:24,21.1,0.01,58.5,0.0,-5.79
2024-11-21 15:06:25,21.1,0.01,58.5,0.0,-5.79
2024-11-21 15:06:26,21.1,0.01,58.5,0.0,-5.79
2024-11-21 15:06:27,21.1,0.01,58.5,0.0,-5.79
2024-11-21 15:06:28,21.1,0.01,58.5,0.0,-5.79
2024-11-21 15:06:29,21.1,0.01,58.4,0.0,-5.79
2024-11-21 15:06:30,21.1,0.01,58.4,0.0,-5.79
2024-11-21 15:06:31,21.1,0.01,58.4,0.0,-5.79
2024-11-21 15:06:32,21.1,0.01,58.4,0.0,-5.79
2024-11-21 15:06:33,21.1,0.01,58.4,0.0,-5.79
2024-11-21 15:06:34,21.1,0.01,58.4,0.0,-5.79
2024-11-21 15:06:35,21.1,0.01,58.4,0.0,-5.79
2024-11-21 15:06:36,21.1,0.01,58.4,0.0,-5.79
2024-11-21 15:06:37,21.1,0.01,58.4,0.0,-5.79
2024-11-21 15:06:38,21.1,0.01,58.4,0.0,-5.79
2024-11-21 15:06:39,21.0,0.01,58.4,0.0,-5.79
2024-11-21 15:06:40,21.0,0.01,58.4,0.0,-5.79
2024-11-21 15:06:41,21.0,0.01,58.4,0.0,-5.79
2024-11-21 15:06:42,21.0,0.01,58.4,0.0,-5.79
2024-11-21 15:06:43,21.0,0.01,58.4,0.0,-5.79
2024-11-21 15:06:44,21.0,0.01,58.4,0.0,-5.79
2024-11-21 15:06:45,21.0,0.01,58.4,0.0,-5.79
2024-11-21 15:06:46,21.0,0.01,58.4,0.0,-5.79
2024-11-21 15:06:47,21.0,0.01,58.4,0.0,-5.79
2024-11-21 15:06:48,21.0,0.01,58.4,0.0,-5.79
2024-11-21 15:06:49,21.0,0.01,58.5,0.0,-5.79
2024-11-21 15:06:50,21.0,0.01,58.5,0.0,-5.79
2024-11-21 15:06:51,21.0,0.01,58.6,0.0,-5.79
2024-11-21 15:06:52,21.0,0.01,58.6,0.0,-5.79
2024-11-21 15:06:53,21.0,0.01,58.6,0.0,-5.79
2024-11-21 15:06:54,21.0,0.01,58.6,0.0,-5.79
2024-11-21 15:06:55,21.0,0.01,58.6,0.0,-5.79
2024-11-21 15:06:56,21.0,0.01,58.6,0.0,-5.79
2024-11-21 15:06:57,21.0,0.01,58.6,0.0,-5.79
2024-11-21 15:06:58,21.0,0.01,58.6,0.0,-5.79
2024-11-21 15:06:59,21.0,0.01,58.6,0.0,-5.79
2024-11-21 15:07:00,21.0,0.01,58.6,0.0,-5.79
2024-11-21 15:07:01,21.0,0.01,58.6,0.0,-5.79
2024-11-21 15:07:02,21.0,0.01,58.6,0.0,-5.79
2024-11-21 15:07:03,21.0,0.01,58.6,0.0,-5.79
2024-11-21 15:07:04,21.0,0.01,58.6,0.0,-5.79
2024-11-21 15:07:05,21.0,0.01,58.6,0.0,-5.79
2024-11-21 15:07:06,21.0,0.01,58.6,0.0,-5.79
2024-11-21 15:07:07,21.0,0.01,58.6,0.0,-5.79
2024-11-21 15:07:08,21.0,0.01,58.6,0.0,-5.79
2024-11-21 15:07:09,21.0,0.01,58.6,0.0,-5.79
2024-11-21 15:07:10,21.0,0.01,58.6,0.0,-5.79
2024-11-21 15:07:11,20.9,0.01,58.7,0.0,-5.79
2024-11-21 15:07:12,20.9,0.01,58.7,0.0,-5.79
2024-11-21 15:07:13,20.9,0.01,58.7,0.0,-5.79
2024-11-21 15:07:14,20.9,0.01,58.7,0.0,-5.79
2024-11-21 15:07:15,20.9,0.01,58.7,0.0,-5.79
2024-11-21 15:07:16,20.9,0.01,58.7,0.0,-5.79
2024-11-21 15:07:17,21.0,0.01,58.7,0.0,-5.79
2024-11-21 15:07:18,21.0,0.01,58.7,0.0,-5.79
2024-11-21 15:07:19,20.9,0.01,58.7,0.0,-5.79
2024-11-21 15:07:20,20.9,0.01,58.7,0.0,-5.79
2024-11-21 15:07:21,20.9,0.01,58.7,0.0,-5.79
2024-11-21 15:07:22,20.9,0.01,58.7,0.0,-5.79
2024-11-21 15:07:23,20.9,0.01,58.8,0.0,-5.79
2024-11-21 15:07:24,20.9,0.01,58.8,0.0,-5.79
2024-11-21 15:07:25,20.9,0.01,58.8,0.0,-5.79
2024-11-21 15:07:26,20.9,0.01,58.8,0.0,-5.79
2024-11-21 15:07:27,20.9,0.01,58.8,0.0,-5.79
2024-11-21 15:07:28,20.9,0.01,58.8,0.0,-5.79
2024-11-21 15:07:29,20.9,0.01,58.8,0.0,-5.79
2024-11-21 15:07:30,20.9,0.01,58.8,0.0,-5.79
2024-11-21 15:07:31,20.8,0.01,58.8,0.0,-5.79
2024-11-21 15:07:32,20.8,0.01,58.8,0.0,-5.79
2024-11-21 15:07:33,20.8,0.01,58.8,0.0,-5.79
2024-11-21 15:07:34,20.8,0.01,58.8,0.0,-5.79
2024-11-21 15:07:35,20.8,0.01,58.8,0.0,-5.79
2024-11-21 15:07:36,20.8,0.01,58.8,0.0,-5.79
2024-11-21 15:07:37,20.8,0.01,58.8,0.0,-5.79
2024-11-21 15:07:38,20.8,0.01,58.8,0.0,-5.79
2024-11-21 15:07:39,20.8,0.01,58.8,0.0,-5.79
2024-11-21 15:07:40,20.8,0.01,58.8,0.0,-5.79
2024-11-21 15:07:41,20.8,0.01,58.8,0.0,-5.79
2024-11-21 15:07:42,20.8,0.01,58.8,0.0,-5.79
2024-11-21 15:07:43,20.8,0.01,58.9,0.0,-5.79
2024-11-21 15:07:44,20.8,0.01,58.9,0.0,-5.79
2024-11-21 15:07:45,20.8,0.01,58.9,0.0,-5.79
2024-11-21 15:07:46,20.8,0.01,58.9,0.0,-5.79
2024-11-21 15:07:47,20.7,0.01,58.9,0.0,-5.79
2024-11-21 15:07:48,20.7,0.01,58.9,0.0,-5.79
2024-11-21 15:07:49,20.8,0.27,58.9,0.0,-5.79
2024-11-21 15:07:50,20.8,0.27,58.9,0.0,-5.79
2024-11-21 15:07:51,20.7,0.01,58.9,0.0,-5.79
2024-11-21 15:07:52,20.7,0.01,58.9,0.0,-5.79
2024-11-21 15:07:53,20.8,0.01,58.9,0.0,-5.79
2024-11-21 15:07:54,20.8,0.01,58.9,0.0,-5.79
2024-11-21 15:07:55,20.8,0.01,58.9,0.0,-5.79
2024-11-21 15:07:56,20.8,0.01,58.9,0.0,-5.79
2024-11-21 15:07:57,20.7,0.01,59.0,0.0,-5.79
2024-11-21 15:07:58,20.7,0.01,59.0,0.0,-5.79
2024-11-21 15:07:59,20.7,0.01,59.0,0.0,-5.79
2024-11-21 15:08:00,20.7,0.01,59.0,0.0,-5.79
2024-11-21 15:08:01,20.7,0.01,59.0,0.0,-5.79
2024-11-21 15:08:02,20.7,0.01,59.0,0.0,-5.79
2024-11-21 15:08:03,20.7,0.01,59.0,0.0,-5.79
2024-11-21 15:08:04,20.7,0.01,59.0,0.0,-5.79
2024-11-21 15:08:05,20.7,0.01,59.0,0.0,-5.79
2024-11-21 15:08:06,20.7,0.01,59.0,0.0,-5.79
2024-11-21 15:08:07,20.7,0.01,59.0,0.0,-5.79
2024-11-21 15:08:08,20.7,0.01,59.0,0.0,-5.79
2024-11-21 15:08:09,20.7,0.01,59.0,0.0,-5.79
2024-11-21 15:08:10,20.7,0.01,59.0,0.0,-5.79
2024-11-21 15:08:11,20.7,0.01,59.1,0.0,-5.79
2024-11-21 15:08:12,20.7,0.01,59.1,0.0,-5.79
2024-11-21 15:08:13,20.7,0.01,59.1,0.0,-5.79
2024-11-21 15:08:14,20.7,0.01,59.1,0.0,-5.79
2024-11-21 15:08:15,20.7,0.01,59.1,0.0,-5.79
2024-11-21 15:08:16,20.7,0.01,59.1,0.0,-5.79
2024-11-21 15:08:17,20.7,0.01,59.1,0.0,-5.79
2024-11-21 15:08:18,20.7,0.01,59.1,0.0,-5.79
2024-11-21 15:08:19,20.7,0.01,59.1,0.0,-5.79
2024-11-21 15:08:22,20.7,0.01,59.1,0.0,-5.79
2024-11-21 15:08:23,20.7,0.02,59.1,0.0,-5.79
2024-11-21 15:08:24,20.7,0.02,59.1,0.0,-5.79
2024-11-21 15:08:25,20.7,0.37,59.2,0.0,-5.79
2024-11-21 15:08:26,20.7,0.37,59.2,0.0,-5.79
2024-11-21 15:08:27,20.6,0.01,59.2,0.0,-5.79
2024-11-21 15:08:28,20.6,0.01,59.2,0.0,-5.79
2024-11-21 15:08:29,20.7,0.01,59.2,0.0,-5.79
2024-11-21 15:08:30,20.7,0.01,59.2,0.0,-5.79
2024-11-21 15:08:31,20.7,0.01,59.2,0.0,-5.79
2024-11-21 15:08:32,20.7,0.01,59.2,0.0,-5.79
2024-11-21 15:08:33,20.7,0.31,59.2,0.0,-5.79
2024-11-21 15:08:34,20.7,0.31,59.2,0.0,-5.79
2024-11-21 15:08:35,20.6,0.01,59.2,0.0,-5.79
2024-11-21 15:08:36,20.6,0.01,59.2,0.0,-5.79
2024-11-21 15:08:37,20.6,0.01,59.3,0.0,-5.79
2024-11-21 15:08:38,20.6,0.01,59.3,0.0,-5.79
2024-11-21 15:08:39,20.7,0.01,59.3,0.0,-5.79
2024-11-21 15:08:40,20.7,0.01,59.3,0.0,-5.79
2024-11-21 15:08:41,20.6,0.01,59.3,0.0,-5.79
2024-11-21 15:08:42,20.6,0.01,59.3,0.0,-5.79
2024-11-21 15:08:43,20.6,0.06,59.3,0.0,-5.79
2024-11-21 15:08:44,20.6,0.06,59.3,0.0,-5.79
2024-11-21 15:08:45,20.6,0.33,59.3,0.0,-5.79
2024-11-21 15:08:46,20.6,0.33,59.3,0.0,-5.79
2024-11-21 15:08:47,20.6,0.01,59.4,0.0,-5.79
2024-11-21 15:08:48,20.6,0.01,59.4,0.0,-5.79
2024-11-21 15:08:49,20.6,0.01,59.5,0.0,-5.79
2024-11-21 15:08:50,20.6,0.01,59.5,0.0,-5.79
2024-11-21 15:08:51,20.6,0.01,59.6,0.0,-5.79
2024-11-21 15:08:52,20.6,0.01,59.6,0.0,-5.79
2024-11-21 15:08:53,20.6,0.01,59.6,0.0,-5.79
2024-11-21 15:08:54,20.6,0.01,59.6,0.0,-5.79
2024-11-21 15:08:55,20.6,0.01,59.5,0.0,-5.79
2024-11-21 15:08:56,20.6,0.01,59.5,0.0,-5.79
2024-11-21 15:08:57,20.6,0.01,59.5,0.0,-5.79
2024-11-21 15:08:58,20.6,0.01,59.5,0.0,-5.79
2024-11-21 15:08:59,20.6,0.01,59.5,0.0,-5.79
2024-11-21 15:09:00,20.6,0.01,59.5,0.0,-5.79
2024-11-21 15:09:01,20.6,0.01,59.5,0.0,-5.79
2024-11-21 15:09:02,20.6,0.01,59.5,0.0,-5.79
2024-11-21 15:09:03,20.6,0.01,59.5,0.0,-5.79
2024-11-21 15:09:04,20.6,0.01,59.5,0.0,-5.79
2024-11-21 15:09:05,20.6,0.01,59.5,0.0,-5.79
2024-11-21 15:09:06,20.6,0.01,59.5,0.0,-5.79
2024-11-21 15:09:07,20.6,0.02,59.5,0.0,-5.79
2024-11-21 15:09:08,20.6,0.02,59.5,0.0,-5.79
2024-11-21 15:09:09,20.6,0.02,59.5,0.0,-5.79
2024-11-21 15:09:10,20.6,0.02,59.5,0.0,-5.79
2024-11-21 15:09:11,20.6,0.01,59.5,0.0,-5.79
2024-11-21 15:09:12,20.6,0.01,59.5,0.0,-5.79
2024-11-21 15:09:13,20.5,0.05,59.5,0.0,-5.79
2024-11-21 15:09:14,20.5,0.05,59.5,0.0,-5.79
2024-11-21 15:09:15,20.5,0.09,59.5,0.0,-5.79
2024-11-21 15:09:16,20.5,0.09,59.5,0.0,-5.79
2024-11-21 15:09:17,20.5,0.13,59.5,0.0,-5.79
2024-11-21 15:09:18,20.5,0.13,59.5,0.0,-5.79
2024-11-21 15:09:19,20.5,0.15,59.5,0.0,-5.79
2024-11-21 15:09:20,20.5,0.15,59.5,0.0,-5.79
2024-11-21 15:09:21,20.5,0.12,59.5,0.0,-5.79
2024-11-21 15:09:22,20.5,0.12,59.5,0.0,-5.79
2024-11-21 15:09:23,20.5,0.01,59.6,0.0,-5.79
2024-11-21 15:09:24,20.5,0.01,59.6,0.0,-5.79
2024-11-21 15:09:25,20.5,0.01,59.7,0.0,-5.79
2024-11-21 15:09:26,20.5,0.01,59.7,0.0,-5.79
2024-11-21 15:09:27,20.5,0.01,59.7,0.0,-5.79
2024-11-21 15:09:28,20.5,0.01,59.7,0.0,-5.79
2024-11-21 15:09:29,20.5,0.01,59.7,0.0,-5.79
2024-11-21 15:09:30,20.5,0.01,59.7,0.0,-5.79
2024-11-21 15:09:31,20.5,0.01,59.7,0.0,-5.79
2024-11-21 15:09:32,20.5,0.01,59.7,0.0,-5.79
2024-11-21 15:09:33,20.5,0.01,59.7,0.0,-5.79
2024-11-21 15:09:34,20.5,0.01,59.7,0.0,-5.79
2024-11-21 15:09:35,20.5,0.01,59.7,0.0,-5.79
2024-11-21 15:09:36,20.5,0.01,59.7,0.0,-5.79
2024-11-21 15:09:37,20.5,0.01,59.7,0.0,-5.79
2024-11-21 15:09:38,20.5,0.01,59.7,0.0,-5.79
2024-11-21 15:09:39,20.5,0.01,59.7,0.0,-5.79
2024-11-21 15:09:40,20.5,0.01,59.7,0.0,-5.79
2024-11-21 15:09:41,20.5,0.01,59.6,0.0,-5.79
2024-11-21 15:09:42,20.5,0.01,59.6,0.0,-5.79
2024-11-21 15:09:43,20.5,0.01,59.7,0.0,-5.79
2024-11-21 15:09:44,20.5,0.01,59.7,0.0,-5.79
2024-11-21 15:09:45,20.5,0.01,59.7,0.0,-5.79
2024-11-21 15:09:46,20.5,0.01,59.7,0.0,-5.79
2024-11-21 15:09:47,20.5,0.01,59.7,0.0,-5.79
2024-11-21 15:09:48,20.5,0.01,59.7,0.0,-5.79
2024-11-21 15:09:49,20.5,0.01,59.6,0.0,-5.79
2024-11-21 15:09:50,20.5,0.01,59.6,0.0,-5.79
2024-11-21 15:09:51,20.5,0.01,59.6,0.0,-5.79
2024-11-21 15:09:52,20.5,0.01,59.6,0.0,-5.79
2024-11-21 15:09:53,20.5,0.01,59.6,0.0,-5.79
2024-11-21 15:09:54,20.5,0.01,59.6,0.0,-5.79
2024-11-21 15:09:55,20.5,0.01,59.6,0.0,-5.79
2024-11-21 15:09:56,20.5,0.01,59.6,0.0,-5.79
2024-11-21 15:09:57,20.5,0.01,59.6,0.0,-5.79
2024-11-21 15:09:58,20.5,0.01,59.6,0.0,-5.79
2024-11-21 15:09:59,20.5,0.01,59.6,0.0,-5.79
2024-11-21 15:10:00,20.5,0.01,59.6,0.0,-5.79
2024-11-21 15:10:01,20.5,0.01,59.6,0.0,-5.79
2024-11-21 15:10:02,20.5,0.01,59.6,0.0,-5.79
2024-11-21 15:10:03,20.5,0.01,59.6,0.0,-5.79
2024-11-21 15:10:04,20.5,0.01,59.6,0.0,-5.79
2024-11-21 15:10:05,20.5,0.01,59.7,0.0,-5.79
2024-11-21 15:10:06,20.5,0.01,59.7,0.0,-5.79
2024-11-21 15:10:07,20.5,0.01,59.6,0.0,-5.79
2024-11-21 15:10:08,20.5,0.01,59.6,0.0,-5.79
2024-11-21 15:10:09,20.5,0.01,59.6,0.0,-5.79
2024-11-21 15:10:10,20.5,0.01,59.6,0.0,-5.79
2024-11-21 15:10:11,20.5,0.01,59.7,0.0,-5.79
2024-11-21 15:10:12,20.5,0.01,59.7,0.0,-5.79
2024-11-21 15:10:13,20.5,0.05,59.7,0.0,-5.79
2024-11-21 15:10:14,20.5,0.05,59.7,0.0,-5.79
2024-11-21 15:10:15,20.5,0.06,59.7,0.0,-5.79
2024-11-21 15:10:16,20.5,0.06,59.7,0.0,-5.79
2024-11-21 15:10:17,20.5,0.02,59.6,0.0,-5.79
2024-11-21 15:10:18,20.5,0.02,59.6,0.0,-5.79
2024-11-21 15:10:19,20.5,0.01,59.7,0.0,-5.79
2024-11-21 15:10:20,20.5,0.01,59.7,0.0,-5.79
2024-11-21 15:10:21,20.5,0.01,59.7,0.0,-5.79
2024-11-21 15:10:22,20.5,0.01,59.7,0.0,-5.79
2024-11-21 15:10:23,20.5,0.01,59.7,0.0,-5.79
2024-11-21 15:10:24,20.5,0.01,59.7,0.0,-5.79
2024-11-21 15:10:25,20.5,0.01,59.7,0.0,-5.79
2024-11-21 15:10:26,20.5,0.01,59.7,0.0,-5.79
2024-11-21 15:10:27,20.5,0.01,59.7,0.0,-5.79
2024-11-21 15:10:28,20.5,0.01,59.7,0.0,-5.79
2024-11-21 15:10:29,20.5,0.01,59.7,0.0,-5.79
2024-11-21 15:10:30,20.5,0.01,59.7,0.0,-5.79
2024-11-21 15:10:31,20.5,0.01,59.7,0.0,-5.79
2024-11-21 15:10:32,20.5,0.01,59.7,0.0,-5.79
2024-11-21 15:10:33,20.5,0.01,59.7,0.0,-5.79
2024-11-21 15:10:34,20.5,0.01,59.7,0.0,-5.79
2024-11-21 15:10:35,20.5,0.01,59.7,0.0,-5.79
2024-11-21 15:10:36,20.5,0.01,59.7,0.0,-5.79
2024-11-21 15:10:37,20.5,0.01,59.7,0.0,-5.79
2024-11-21 15:10:38,20.5,0.01,59.7,0.0,-5.79
2024-11-21 15:10:39,20.5,0.02,59.7,0.0,-5.79
2024-11-21 15:10:40,20.5,0.02,59.7,0.0,-5.79
2024-11-21 15:10:41,20.5,0.01,59.7,0.0,-5.79
2024-11-21 15:10:42,20.5,0.01,59.7,0.0,-5.79
2024-11-21 15:10:43,20.5,0.01,59.7,0.0,-5.79
2024-11-21 15:10:44,20.5,0.01,59.7,0.0,-5.79
2024-11-21 15:10:45,20.5,0.01,59.7,0.0,-5.79
2024-11-21 15:10:46,20.5,0.01,59.7,0.0,-5.79
2024-11-21 15:10:47,20.5,0.01,59.7,0.0,-5.79
2024-11-21 15:10:48,20.5,0.01,59.7,0.0,-5.79
2024-11-21 15:10:49,20.5,0.01,59.7,0.0,-5.79
2024-11-21 15:10:50,20.5,0.01,59.7,0.0,-5.79
2024-11-21 15:10:51,20.5,0.01,59.7,0.0,-5.79
2024-11-21 15:10:52,20.5,0.01,59.7,0.0,-5.79
2024-11-21 15:10:53,20.5,0.01,59.7,0.0,-5.79
2024-11-21 15:10:54,20.5,0.01,59.7,0.0,-5.79
2024-11-21 15:10:55,20.5,0.01,59.7,0.0,-5.79
2024-11-21 15:10:56,20.5,0.01,59.7,0.0,-5.79
2024-11-21 15:10:57,20.5,0.01,59.7,0.0,-5.79
2024-11-21 15:10:58,20.5,0.01,59.7,0.0,-5.79
2024-11-21 15:10:59,20.5,0.01,59.7,0.0,-5.79
2024-11-21 15:11:00,20.5,0.01,59.7,0.0,-5.79
2024-11-21 15:11:01,20.5,0.01,59.7,0.0,-5.79
2024-11-21 15:11:02,20.5,0.01,59.7,0.0,-5.79
2024-11-21 15:11:03,20.5,0.01,59.7,0.0,-5.79
2024-11-21 15:11:04,20.5,0.01,59.7,0.0,-5.79
2024-11-21 15:11:05,20.4,0.01,59.7,0.0,-5.79
2024-11-21 15:11:06,20.4,0.01,59.7,0.0,-5.79
2024-11-21 15:11:07,20.4,0.01,59.7,0.0,-5.79
2024-11-21 15:11:08,20.4,0.01,59.7,0.0,-5.79
2024-11-21 15:11:09,20.5,0.01,59.7,0.0,-5.79
2024-11-21 15:11:10,20.5,0.01,59.7,0.0,-5.79
2024-11-21 15:11:11,20.5,0.01,59.8,0.0,-5.79
2024-11-21 15:11:12,20.5,0.01,59.8,0.0,-5.79
2024-11-21 15:11:13,20.5,0.01,59.8,0.0,-5.79
2024-11-21 15:11:14,20.5,0.01,59.8,0.0,-5.79
2024-11-21 15:11:15,20.4,0.01,59.7,0.0,-5.79
2024-11-21 15:11:16,20.4,0.01,59.7,0.0,-5.79
2024-11-21 15:11:17,20.5,0.01,59.8,0.0,-5.79
2024-11-21 15:11:18,20.5,0.01,59.8,0.0,-5.79
2024-11-21 15:11:19,20.5,0.01,59.8,0.0,-5.79
2024-11-21 15:11:20,20.5,0.01,59.8,0.0,-5.79
2024-11-21 15:11:21,20.4,0.79,59.8,0.0,-5.79
2024-11-21 15:11:22,20.4,0.79,59.8,0.0,-5.79
2024-11-21 15:11:23,20.5,0.01,59.8,0.0,-5.79
2024-11-21 15:11:24,20.5,0.01,59.8,0.0,-5.79
2024-11-21 15:11:25,20.4,0.01,59.8,0.0,-5.79
2024-11-21 15:11:26,20.4,0.01,59.8,0.0,-5.79
2024-11-21 15:11:27,20.4,0.01,59.8,0.0,-5.79
2024-11-21 15:11:28,20.4,0.01,59.8,0.0,-5.79
2024-11-21 15:11:29,20.5,0.01,59.8,0.0,-5.79
2024-11-21 15:11:30,20.5,0.01,59.8,0.0,-5.79
2024-11-21 15:11:31,20.5,0.01,59.8,0.0,-5.79
2024-11-21 15:11:32,20.5,0.01,59.8,0.0,-5.79
2024-11-21 15:11:33,20.4,0.01,59.8,0.0,-5.79
2024-11-21 15:11:34,20.4,0.01,59.8,0.0,-5.79
2024-11-21 15:11:35,20.5,0.2,59.8,0.0,-5.79
2024-11-21 15:11:36,20.5,0.2,59.8,0.0,-5.79
2024-11-21 15:11:37,20.5,0.01,59.8,0.0,-5.79
2024-11-21 15:11:38,20.5,0.01,59.8,0.0,-5.79
2024-11-21 15:11:39,20.4,0.01,59.8,0.0,-5.79
2024-11-21 15:11:40,20.4,0.01,59.8,0.0,-5.79
2024-11-21 15:11:41,20.4,0.01,59.8,0.0,-5.79
2024-11-21 15:11:42,20.4,0.01,59.8,0.0,-5.79
2024-11-21 15:11:43,20.4,0.01,59.8,0.0,-5.79
2024-11-21 15:11:44,20.4,0.01,59.8,0.0,-5.79
2024-11-21 15:11:45,20.5,0.01,59.8,0.0,-5.79
2024-11-21 15:11:46,20.5,0.01,59.8,0.0,-5.79
2024-11-21 15:11:47,20.4,0.01,59.8,0.0,-5.79
2024-11-21 15:11:48,20.4,0.01,59.8,0.0,-5.79
2024-11-21 15:11:49,20.5,0.01,59.8,0.0,-5.79
2024-11-21 15:11:50,20.5,0.01,59.8,0.0,-5.79
2024-11-21 15:11:51,20.4,0.01,59.8,0.0,-5.79
2024-11-21 15:11:52,20.4,0.01,59.8,0.0,-5.79
2024-11-21 15:11:53,20.5,0.01,59.9,0.0,-5.79
2024-11-21 15:11:54,20.5,0.01,59.9,0.0,-5.79
2024-11-21 15:11:55,20.5,0.01,59.9,0.0,-5.79
2024-11-21 15:11:56,20.5,0.01,59.9,0.0,-5.79
2024-11-21 15:11:57,20.5,0.01,59.9,0.0,-5.79
2024-11-21 15:11:58,20.5,0.01,59.9,0.0,-5.79
2024-11-21 15:11:59,20.4,0.01,59.9,0.0,-5.79
2024-11-21 15:12:00,20.4,0.01,59.9,0.0,-5.79
2024-11-21 15:12:01,20.5,0.08,59.9,0.0,-5.79
2024-11-21 15:12:02,20.5,0.08,59.9,0.0,-5.79
2024-11-21 15:12:03,20.5,0.01,59.9,0.0,-5.79
2024-11-21 15:12:04,20.5,0.01,59.9,0.0,-5.79
2024-11-21 15:12:05,20.5,0.01,59.9,0.0,-5.79
2024-11-21 15:12:06,20.5,0.01,59.9,0.0,-5.79
2024-11-21 15:12:07,20.4,0.01,59.9,0.0,-5.79
2024-11-21 15:12:08,20.4,0.01,59.9,0.0,-5.79
2024-11-21 15:12:09,20.4,0.01,59.8,0.0,-5.79
2024-11-21 15:12:10,20.4,0.01,59.8,0.0,-5.79
2024-11-21 15:12:11,20.5,0.01,59.8,0.0,-5.79
2024-11-21 15:12:12,20.5,0.01,59.8,0.0,-5.79
2024-11-21 15:12:13,20.4,0.01,59.8,0.0,-5.79
2024-11-21 15:12:14,20.4,0.01,59.8,0.0,-5.79
2024-11-21 15:12:15,20.4,0.01,59.8,0.0,-5.79
2024-11-21 15:12:16,20.4,0.01,59.8,0.0,-5.79
2024-11-21 15:12:17,20.4,0.01,59.8,0.0,-5.79
2024-11-21 15:12:18,20.4,0.01,59.8,0.0,-5.79
2024-11-21 15:12:19,20.4,0.01,59.8,0.0,-5.79
2024-11-21 15:12:20,20.4,0.01,59.8,0.0,-5.79
2024-11-21 15:12:21,20.4,0.01,59.8,0.0,-5.79
2024-11-21 15:12:23,20.4,0.01,59.8,0.0,-5.79
2024-11-21 15:12:24,20.4,0.16,59.8,0.0,-5.79
2024-11-21 15:12:25,20.4,0.16,59.8,0.0,-5.79
2024-11-21 15:12:25,20.4,0.01,59.8,0.0,-5.79
2024-11-21 15:12:26,20.4,0.01,59.8,0.0,-5.79
2024-11-21 15:12:28,20.4,0.15,59.8,0.0,-5.79
2024-11-21 15:12:29,20.4,0.15,59.8,0.0,-5.79
2024-11-21 15:12:30,20.4,0.51,59.8,0.0,-5.79
2024-11-21 15:12:31,20.4,0.51,59.8,0.0,-5.79
2024-11-21 15:12:32,20.4,0.01,59.8,0.0,-5.79
2024-11-21 15:12:32,20.4,0.01,59.8,0.0,-5.79
2024-11-21 15:12:33,20.4,0.02,59.8,0.0,-5.79
2024-11-21 15:12:34,20.4,0.02,59.8,0.0,-5.79
2024-11-21 15:12:35,20.4,0.01,59.8,0.0,-5.79
2024-11-21 15:12:36,20.4,0.01,59.8,0.0,-5.79
2024-11-21 15:12:37,20.4,0.01,59.8,0.0,-5.79
2024-11-21 15:12:38,20.4,0.01,59.8,0.0,-5.79
2024-11-21 15:12:39,20.4,0.01,59.8,0.0,-5.79
2024-11-21 15:12:40,20.4,0.01,59.8,0.0,-5.79
2024-11-21 15:12:41,20.4,0.01,59.8,0.0,-5.79
2024-11-21 15:12:42,20.4,0.01,59.8,0.0,-5.79
2024-11-21 15:12:43,20.4,0.01,59.8,0.0,-5.79
2024-11-21 15:12:44,20.4,0.01,59.8,0.0,-5.79
2024-11-21 15:12:45,20.4,0.0,59.9,0.0,-5.79
2024-11-21 15:12:46,20.4,0.0,59.9,0.0,-5.79
2024-11-21 15:12:47,20.4,0.01,59.9,0.0,-5.79
2024-11-21 15:12:48,20.4,0.01,59.9,0.0,-5.79
2024-11-21 15:12:49,20.4,0.41,59.8,0.0,-5.79
2024-11-21 15:12:50,20.4,0.41,59.8,0.0,-5.79
2024-11-21 15:12:51,20.4,0.01,59.9,0.0,-5.79
2024-11-21 15:12:52,20.4,0.01,59.9,0.0,-5.79
2024-11-21 15:12:53,20.4,0.01,59.9,0.0,-5.79
2024-11-21 15:12:54,20.4,0.01,59.9,0.0,-5.79
2024-11-21 15:12:55,20.4,0.01,59.9,0.0,-5.79
2024-11-21 15:12:56,20.4,0.01,59.9,0.0,-5.79
2024-11-21 15:12:57,20.4,0.01,59.9,0.0,-5.79
2024-11-21 15:12:58,20.4,0.01,59.9,0.0,-5.79
2024-11-21 15:12:59,20.4,0.01,59.9,0.0,-5.79
2024-11-21 15:13:00,20.4,0.01,59.9,0.0,-5.79
2024-11-21 15:13:01,20.4,0.01,59.9,0.0,-5.79
2024-11-21 15:13:02,20.4,0.01,59.9,0.0,-5.79
2024-11-21 15:13:03,20.4,0.01,59.9,0.0,-5.79
2024-11-21 15:13:04,20.4,0.01,59.9,0.0,-5.79
2024-11-21 15:13:05,20.4,0.01,59.9,0.0,-5.79
2024-11-21 15:13:06,20.4,0.01,59.9,0.0,-5.79
2024-11-21 15:13:07,20.4,0.01,59.9,0.0,-5.79
2024-11-21 15:13:08,20.4,0.01,59.9,0.0,-5.79
2024-11-21 15:13:09,20.4,0.01,59.9,0.0,-5.79
2024-11-21 15:13:10,20.4,0.01,59.9,0.0,-5.79
2024-11-21 15:13:11,20.4,0.01,59.9,0.0,-5.79
2024-11-21 15:13:12,20.4,0.01,59.9,0.0,-5.79
2024-11-21 15:13:13,20.4,0.01,59.9,0.0,-5.79
2024-11-21 15:13:14,20.4,0.01,59.9,0.0,-5.79
2024-11-21 15:13:15,20.4,0.01,59.9,0.0,-5.79
2024-11-21 15:13:16,20.4,0.01,59.9,0.0,-5.79
2024-11-21 15:13:17,20.4,0.01,59.9,0.0,-5.79
2024-11-21 15:13:18,20.4,0.01,59.9,0.0,-5.79
2024-11-21 15:13:19,20.4,0.24,59.9,0.0,-5.79
2024-11-21 15:13:20,20.4,0.24,59.9,0.0,-5.79
2024-11-21 15:13:21,20.4,0.01,60.0,0.0,-5.79
2024-11-21 15:13:22,20.4,0.01,60.0,0.0,-5.79
2024-11-21 15:13:23,20.4,0.01,60.0,0.0,-5.79
2024-11-21 15:13:24,20.4,0.01,60.0,0.0,-5.79
2024-11-21 15:13:25,20.4,0.01,60.0,0.0,-5.79
2024-11-21 15:13:26,20.4,0.01,60.0,0.0,-5.79
2024-11-21 15:13:27,20.4,0.01,60.0,0.0,-5.79
2024-11-21 15:13:28,20.4,0.01,60.0,0.0,-5.79
2024-11-21 15:13:29,20.4,0.08,60.0,0.0,-5.79
2024-11-21 15:13:30,20.4,0.08,60.0,0.0,-5.79
2024-11-21 15:13:31,20.4,0.01,60.0,0.0,-5.79
2024-11-21 15:13:32,20.4,0.01,60.0,0.0,-5.79
2024-11-21 15:13:33,20.4,0.01,60.0,0.0,-5.79
2024-11-21 15:13:34,20.4,0.01,60.0,0.0,-5.79
2024-11-21 15:13:35,20.4,0.01,60.0,0.0,-5.79
2024-11-21 15:13:36,20.4,0.01,60.0,0.0,-5.79
2024-11-21 15:13:37,20.4,0.01,60.0,0.0,-5.79
2024-11-21 15:13:38,20.4,0.01,60.0,0.0,-5.79
2024-11-21 15:13:39,20.4,0.01,60.0,0.0,-5.79
2024-11-21 15:13:40,20.4,0.01,60.0,0.0,-5.79
2024-11-21 15:13:41,20.4,0.01,60.0,0.0,-5.79
2024-11-21 15:13:42,20.4,0.01,60.0,0.0,-5.79
2024-11-21 15:13:43,20.4,0.01,60.0,0.0,-5.79
2024-11-21 15:13:44,20.4,0.0,60.0,0.0,-5.79
2024-11-21 15:13:45,20.4,0.0,60.0,0.0,-5.79
2024-11-21 15:13:46,20.4,0.01,60.0,0.0,-5.79
2024-11-21 15:13:47,20.4,0.01,60.0,0.0,-5.79
2024-11-21 15:13:48,20.4,0.01,59.9,0.0,-5.79
2024-11-21 15:13:49,20.4,0.01,59.9,0.0,-5.79
2024-11-21 15:13:50,20.4,0.01,60.0,0.0,-5.79
2024-11-21 15:13:51,20.4,0.01,60.0,0.0,-5.79
2024-11-21 15:13:52,20.4,0.01,59.9,0.0,-5.79
2024-11-21 15:13:53,20.4,0.01,59.9,0.0,-5.79
2024-11-21 15:13:54,20.4,0.01,59.9,0.0,-5.79
2024-11-21 15:13:55,20.4,0.01,59.9,0.0,-5.79
2024-11-21 15:13:56,20.4,0.0,60.0,0.0,-5.79
2024-11-21 15:13:57,20.4,0.0,60.0,0.0,-5.79
2024-11-21 15:13:58,20.4,0.01,60.0,0.0,-5.79
2024-11-21 15:13:59,20.4,0.01,60.0,0.0,-5.79
2024-11-21 15:14:00,20.4,0.01,60.0,0.0,-5.79
2024-11-21 15:14:01,20.4,0.01,60.0,0.0,-5.79
2024-11-21 15:14:02,20.3,0.01,60.0,0.0,-5.79
2024-11-21 15:14:03,20.3,0.01,60.0,0.0,-5.79
2024-11-21 15:14:04,20.4,0.01,60.0,0.0,-5.79
2024-11-21 15:14:05,20.4,0.01,60.0,0.0,-5.79
2024-11-21 15:14:06,20.4,0.01,60.0,0.0,-5.79
2024-11-21 15:14:07,20.4,0.01,60.0,0.0,-5.79
2024-11-21 15:14:08,20.4,0.01,60.0,0.0,-5.79
2024-11-21 15:14:09,20.4,0.01,60.0,0.0,-5.79
2024-11-21 15:14:10,20.4,0.01,60.0,0.0,-5.79
2024-11-21 15:14:11,20.4,0.01,60.0,0.0,-5.79
2024-11-21 15:14:12,20.4,0.47,60.0,0.0,-5.79
2024-11-21 15:14:13,20.4,0.47,60.0,0.0,-5.79
2024-11-21 15:14:14,20.4,0.01,60.0,0.0,-5.79
2024-11-21 15:14:15,20.4,0.01,60.0,0.0,-5.79
2024-11-21 15:14:16,20.4,0.01,60.0,0.0,-5.79
2024-11-21 15:14:17,20.4,0.01,60.0,0.0,-5.79
2024-11-21 15:14:18,20.4,0.01,60.0,0.0,-5.79
2024-11-21 15:14:19,20.4,0.01,60.0,0.0,-5.79
2024-11-21 15:14:20,20.4,0.01,60.1,0.0,-5.79
2024-11-21 15:14:21,20.4,0.01,60.1,0.0,-5.79
2024-11-21 15:14:22,20.4,0.0,60.1,0.0,-5.79
2024-11-21 15:14:23,20.4,0.0,60.1,0.0,-5.79
2024-11-21 15:14:24,20.4,0.01,60.1,0.0,-5.79
2024-11-21 15:14:25,20.4,0.01,60.1,0.0,-5.79
2024-11-21 15:14:26,20.4,0.01,60.1,0.0,-5.79
2024-11-21 15:14:27,20.4,0.01,60.1,0.0,-5.79
2024-11-21 15:14:28,20.4,0.01,60.0,0.0,-5.79
2024-11-21 15:14:29,20.4,0.01,60.0,0.0,-5.79
2024-11-21 15:14:30,20.4,0.01,60.0,0.0,-5.79
2024-11-21 15:14:31,20.4,0.01,60.0,0.0,-5.79
2024-11-21 15:14:32,20.4,0.01,60.0,0.0,-5.79
2024-11-21 15:14:33,20.4,0.01,60.0,0.0,-5.79
2024-11-21 15:14:34,20.4,0.01,60.0,0.0,-5.79
2024-11-21 15:14:35,20.4,0.01,60.0,0.0,-5.79
2024-11-21 15:14:36,20.4,0.01,60.0,0.0,-5.79
2024-11-21 15:14:37,20.4,0.01,60.0,0.0,-5.79
2024-11-21 15:14:38,20.4,0.0,60.0,0.0,-5.79
2024-11-21 15:14:39,20.4,0.0,60.0,0.0,-5.79
2024-11-21 15:14:40,20.4,0.01,60.0,0.0,-5.79
2024-11-21 15:14:41,20.4,0.01,60.0,0.0,-5.79
2024-11-21 15:14:42,20.3,0.01,60.0,0.0,-5.79
2024-11-21 15:14:43,20.3,0.01,60.0,0.0,-5.79
2024-11-21 15:14:44,20.3,0.01,60.0,0.0,-5.79
2024-11-21 15:14:45,20.3,0.01,60.0,0.0,-5.79
2024-11-21 15:14:46,20.4,0.01,60.0,0.0,-5.79
2024-11-21 15:14:47,20.4,0.01,60.0,0.0,-5.79
2024-11-21 15:14:48,20.3,0.01,60.0,0.0,-5.79
2024-11-21 15:14:49,20.3,0.01,60.0,0.0,-5.79
2024-11-21 15:14:50,20.3,0.01,60.0,0.0,-5.79
2024-11-21 15:14:51,20.3,0.01,60.0,0.0,-5.79
2024-11-21 15:14:52,20.4,0.01,60.0,0.0,-5.79
2024-11-21 15:14:53,20.4,0.01,60.0,0.0,-5.79
2024-11-21 15:14:54,20.3,0.0,60.0,0.0,-5.79
2024-11-21 15:14:55,20.3,0.0,60.0,0.0,-5.79
2024-11-21 15:14:56,20.3,0.03,60.0,0.0,-5.79
2024-11-21 15:14:57,20.3,0.03,60.0,0.0,-5.79
2024-11-21 15:14:58,20.4,0.01,60.0,0.0,-5.79
2024-11-21 15:14:59,20.4,0.01,60.0,0.0,-5.79
2024-11-21 15:15:00,20.4,0.01,60.0,0.0,-5.79
2024-11-21 15:15:01,20.4,0.01,60.0,0.0,-5.79
2024-11-21 15:15:02,20.4,0.01,60.0,0.0,-5.79
2024-11-21 15:15:03,20.4,0.01,60.0,0.0,-5.79
2024-11-21 15:15:04,20.3,0.01,60.0,0.0,-5.79
2024-11-21 15:15:05,20.3,0.01,60.0,0.0,-5.79
2024-11-21 15:15:06,20.3,0.01,60.0,0.0,-5.79
2024-11-21 15:15:07,20.3,0.01,60.0,0.0,-5.79
2024-11-21 15:15:08,20.3,0.01,60.0,0.0,-5.79
2024-11-21 15:15:09,20.3,0.01,60.0,0.0,-5.79
2024-11-21 15:15:10,20.3,0.01,60.0,0.0,-5.79
2024-11-21 15:15:11,20.3,0.01,60.0,0.0,-5.79
2024-11-21 15:15:12,20.3,0.01,60.0,0.0,-5.79
2024-11-21 15:15:13,20.3,0.01,60.0,0.0,-5.79
2024-11-21 15:15:14,20.3,0.01,60.0,0.0,-5.79
2024-11-21 15:15:15,20.3,0.01,60.0,0.0,-5.79
2024-11-21 15:15:16,20.3,0.01,60.0,0.0,-5.79
2024-11-21 15:15:17,20.3,0.01,60.0,0.0,-5.79
2024-11-21 15:15:18,20.3,0.01,60.0,0.0,-5.79
2024-11-21 15:15:19,20.3,0.01,60.0,0.0,-5.79
2024-11-21 15:15:20,20.3,0.01,60.0,0.0,-5.79
2024-11-21 15:15:21,20.3,0.01,60.0,0.0,-5.79
2024-11-21 15:15:22,20.3,0.01,60.0,0.0,-5.79
2024-11-21 15:15:23,20.3,0.01,60.0,0.0,-5.79
2024-11-21 15:15:24,20.3,0.01,60.0,0.0,-5.79
2024-11-21 15:15:25,20.3,0.01,60.0,0.0,-5.79
2024-11-21 15:15:26,20.3,0.01,60.0,0.0,-5.79
2024-11-21 15:15:27,20.3,0.01,60.0,0.0,-5.79
2024-11-21 15:15:28,20.3,0.01,60.1,0.0,-5.79
2024-11-21 15:15:29,20.3,0.01,60.1,0.0,-5.79
2024-11-21 15:15:30,20.3,0.01,60.0,0.0,-5.79
2024-11-21 15:15:31,20.3,0.01,60.0,0.0,-5.79
2024-11-21 15:15:32,20.3,0.01,60.1,0.0,-5.79
2024-11-21 15:15:33,20.3,0.01,60.1,0.0,-5.79
2024-11-21 15:15:34,20.3,0.01,60.1,0.0,-5.79
2024-11-21 15:15:35,20.3,0.01,60.1,0.0,-5.79
2024-11-21 15:15:36,20.3,0.01,60.0,0.0,-5.79
2024-11-21 15:15:37,20.3,0.01,60.0,0.0,-5.79
2024-11-21 15:15:38,20.3,0.01,60.0,0.0,-5.79
2024-11-21 15:15:39,20.3,0.01,60.0,0.0,-5.79
2024-11-21 15:15:40,20.3,0.01,60.1,0.0,-5.79
2024-11-21 15:15:41,20.3,0.01,60.1,0.0,-5.79
2024-11-21 15:15:42,20.3,0.01,60.1,0.0,-5.79
2024-11-21 15:15:43,20.3,0.01,60.1,0.0,-5.79
2024-11-21 15:15:44,20.3,0.01,60.1,0.0,-5.79
2024-11-21 15:15:45,20.3,0.01,60.1,0.0,-5.79
2024-11-21 15:15:46,20.3,0.01,60.1,0.0,-5.79
2024-11-21 15:15:47,20.3,0.01,60.1,0.0,-5.79
2024-11-21 15:15:48,20.3,0.01,60.1,0.0,-5.79
2024-11-21 15:15:49,20.3,0.01,60.1,0.0,-5.79
2024-11-21 15:15:50,20.3,0.01,60.1,0.0,-5.79
2024-11-21 15:15:51,20.3,0.01,60.1,0.0,-5.79
2024-11-21 15:15:52,20.3,0.01,60.1,0.0,-5.79
2024-11-21 15:15:53,20.3,0.01,60.1,0.0,-5.79
2024-11-21 15:15:54,20.3,0.01,60.1,0.0,-5.79
2024-11-21 15:15:55,20.3,0.01,60.1,0.0,-5.79
2024-11-21 15:15:56,20.4,0.01,60.2,0.0,-5.79
2024-11-21 15:15:57,20.4,0.01,60.2,0.0,-5.79
2024-11-21 15:15:58,20.3,0.0,60.1,0.0,-5.79
2024-11-21 15:15:59,20.3,0.0,60.1,0.0,-5.79
2024-11-21 15:16:00,20.3,0.01,60.1,0.0,-5.79
2024-11-21 15:16:01,20.3,0.01,60.1,0.0,-5.79
2024-11-21 15:16:02,20.9,0.01,62.3,0.0,-5.79
2024-11-21 15:16:03,20.9,0.01,62.3,0.0,-5.79
2024-11-21 15:16:04,20.7,0.01,71.8,0.0,-5.79
2024-11-21 15:16:05,20.7,0.01,71.8,0.0,-5.79
2024-11-21 15:16:06,20.7,0.01,78.5,0.0,-5.79
2024-11-21 15:16:07,20.7,0.01,78.5,0.0,-5.79
2024-11-21 15:16:08,20.6,0.01,82.7,0.0,-5.79
2024-11-21 15:16:09,20.6,0.01,82.7,0.0,-5.79
2024-11-21 15:16:10,20.5,0.01,85.3,0.0,-5.79
2024-11-21 15:16:11,20.5,0.01,85.3,0.0,-5.79
2024-11-21 15:16:12,20.5,0.01,87.1,0.0,-5.79
2024-11-21 15:16:13,20.5,0.01,87.1,0.0,-5.79
2024-11-21 15:16:14,20.4,0.01,88.4,0.0,-5.79
2024-11-21 15:16:15,20.4,0.01,88.4,0.0,-5.79
2024-11-21 15:16:16,21.5,0.01,89.3,0.0,-5.79
2024-11-21 15:16:17,21.5,0.01,89.3,0.0,-5.79
2024-11-21 15:16:18,21.3,0.01,89.9,0.0,-5.79
2024-11-21 15:16:19,21.3,0.01,89.9,0.0,-5.79
2024-11-21 15:16:20,21.3,0.01,90.3,0.0,-5.79
2024-11-21 15:16:21,21.3,0.01,90.3,0.0,-5.79
2024-11-21 15:16:22,21.3,0.01,90.6,0.0,-5.79
2024-11-21 15:16:23,21.3,0.01,90.6,0.0,-5.79
2024-11-21 15:16:24,22.0,0.26,90.9,0.0,-5.79
2024-11-21 15:16:25,22.0,0.26,90.9,0.0,-5.79
2024-11-21 15:16:26,22.1,0.01,91.1,0.0,-5.79
2024-11-21 15:16:27,22.1,0.01,91.1,0.0,-5.79
2024-11-21 15:16:28,22.2,0.01,91.2,0.0,-5.79
2024-11-21 15:16:29,22.2,0.01,91.2,0.0,-5.79
2024-11-21 15:16:30,22.2,0.01,91.3,0.0,-5.79
2024-11-21 15:16:31,22.2,0.01,91.3,0.0,-5.79
2024-11-21 15:16:32,22.1,0.01,91.3,0.0,-5.79
2024-11-21 15:16:33,22.1,0.01,91.3,0.0,-5.79
2024-11-21 15:16:34,22.1,0.01,91.3,0.0,-5.79
2024-11-21 15:16:35,22.1,0.01,91.3,0.0,-5.79
2024-11-21 15:16:36,22.0,0.01,91.4,0.0,-5.79
2024-11-21 15:16:37,22.0,0.01,91.4,0.0,-5.79
2024-11-21 15:16:38,21.9,0.01,91.4,0.0,-5.79
2024-11-21 15:16:39,21.9,0.01,91.4,0.0,-5.79
2024-11-21 15:16:40,21.8,0.01,91.5,0.0,-5.79
2024-11-21 15:16:41,21.8,0.01,91.5,0.0,-5.79
2024-11-21 15:16:42,21.7,0.01,91.5,0.0,-5.79
2024-11-21 15:16:43,21.7,0.01,91.5,0.0,-5.79
2024-11-21 15:16:44,21.5,0.01,91.5,0.0,-5.79
2024-11-21 15:16:45,21.5,0.01,91.5,0.0,-5.79
2024-11-21 15:16:46,21.5,0.01,91.5,0.0,-5.79
2024-11-21 15:16:47,21.5,0.01,91.5,0.0,-5.79
2024-11-21 15:16:48,21.4,0.01,91.6,0.0,-5.79
2024-11-21 15:16:49,21.4,0.01,91.6,0.0,-5.79
2024-11-21 15:16:50,21.3,0.01,91.6,0.0,-5.79
2024-11-21 15:16:51,21.3,0.01,91.6,0.0,-5.79
2024-11-21 15:16:52,21.3,0.01,91.6,0.0,-5.79
2024-11-21 15:16:53,21.3,0.01,91.6,0.0,-5.79
2024-11-21 15:16:54,21.3,0.01,91.6,0.0,-5.79
2024-11-21 15:16:55,21.3,0.01,91.6,0.0,-5.79
2024-11-21 15:16:56,21.3,0.01,91.7,0.0,-5.79
2024-11-21 15:16:57,21.3,0.01,91.7,0.0,-5.79
2024-11-21 15:16:58,21.2,0.01,91.6,0.0,-5.79
2024-11-21 15:16:59,21.2,0.01,91.6,0.0,-5.79
2024-11-21 15:17:00,21.2,0.01,91.4,0.0,-5.79
2024-11-21 15:17:01,21.2,0.01,91.4,0.0,-5.79
2024-11-21 15:17:02,21.2,0.01,91.1,0.0,-5.79
2024-11-21 15:17:03,21.2,0.01,91.1,0.0,-5.79
2024-11-21 15:17:04,21.2,0.02,90.2,0.0,-5.79
2024-11-21 15:17:05,21.2,0.02,90.2,0.0,-5.79
2024-11-21 15:17:06,21.2,0.01,88.6,0.0,-5.79
2024-11-21 15:17:07,21.2,0.01,88.6,0.0,-5.79
2024-11-21 15:17:08,21.3,0.01,86.5,0.0,-5.79
2024-11-21 15:17:09,21.3,0.01,86.5,0.0,-5.79
2024-11-21 15:17:10,21.3,0.01,84.0,0.0,-5.79
2024-11-21 15:17:11,21.3,0.01,84.0,0.0,-5.79
2024-11-21 15:17:12,21.3,0.01,81.2,0.0,-5.79
2024-11-21 15:17:13,21.3,0.01,81.2,0.0,-5.79
2024-11-21 15:17:14,21.3,0.01,77.9,0.0,-5.79
2024-11-21 15:17:15,21.3,0.01,77.9,0.0,-5.79
2024-11-21 15:17:16,21.3,0.01,74.3,0.0,-5.79
2024-11-21 15:17:17,21.3,0.01,74.3,0.0,-5.79
2024-11-21 15:17:18,21.4,0.01,70.0,0.0,-5.79
2024-11-21 15:17:19,21.4,0.01,70.0,0.0,-5.79
2024-11-21 15:17:20,21.4,0.01,66.6,0.0,-5.79
2024-11-21 15:17:21,21.4,0.01,66.6,0.0,-5.79
2024-11-21 15:17:22,21.4,0.01,64.2,0.0,-5.79
2024-11-21 15:17:23,21.4,0.01,64.2,0.0,-5.79
2024-11-21 15:17:24,21.4,0.01,62.5,0.0,-5.79
2024-11-21 15:17:25,21.4,0.01,62.5,0.0,-5.79
2024-11-21 15:17:26,21.3,0.01,61.3,0.0,-5.79
2024-11-21 15:17:27,21.3,0.01,61.3,0.0,-5.79
2024-11-21 15:17:28,21.3,0.01,60.5,0.0,-5.79
2024-11-21 15:17:29,21.3,0.01,60.5,0.0,-5.79
2024-11-21 15:17:30,21.2,0.01,60.0,0.0,-5.79
2024-11-21 15:17:31,21.2,0.01,60.0,0.0,-5.79
2024-11-21 15:17:32,21.2,0.01,59.6,0.0,-5.79
2024-11-21 15:17:33,21.2,0.01,59.6,0.0,-5.79
2024-11-21 15:17:34,21.2,0.01,59.4,0.0,-5.79
2024-11-21 15:17:35,21.2,0.01,59.4,0.0,-5.79
2024-11-21 15:17:36,21.1,0.01,59.3,0.0,-5.79
2024-11-21 15:17:37,21.1,0.01,59.3,0.0,-5.79
2024-11-21 15:17:38,21.2,0.01,59.2,0.0,-5.79
2024-11-21 15:17:39,21.2,0.01,59.2,0.0,-5.79
2024-11-21 15:17:40,21.2,0.01,60.3,0.0,-5.79
2024-11-21 15:17:41,21.2,0.01,60.3,0.0,-5.79
2024-11-21 15:17:42,21.1,0.01,60.6,0.0,-5.79
2024-11-21 15:17:43,21.1,0.01,60.6,0.0,-5.79
2024-11-21 15:17:44,21.1,0.01,60.5,0.0,-5.79
2024-11-21 15:17:45,21.1,0.01,60.5,0.0,-5.79
2024-11-21 15:17:46,21.2,0.01,62.0,0.0,-5.79
2024-11-21 15:17:47,21.2,0.01,62.0,0.0,-5.79
2024-11-21 15:17:48,21.2,0.01,67.4,0.0,-5.79
2024-11-21 15:17:49,21.2,0.01,67.4,0.0,-5.79
2024-11-21 15:17:50,21.3,0.01,72.4,0.0,-5.79
2024-11-21 15:17:51,21.3,0.01,72.4,0.0,-5.79
2024-11-21 15:17:52,21.4,0.01,75.8,0.0,-5.79
2024-11-21 15:17:53,21.4,0.01,75.8,0.0,-5.79
2024-11-21 15:17:54,21.5,0.01,74.3,0.0,-5.79
2024-11-21 15:17:55,21.5,0.01,74.3,0.0,-5.79
2024-11-21 15:17:56,21.6,0.0,72.7,0.0,-5.79
2024-11-21 15:17:57,21.6,0.0,72.7,0.0,-5.79
2024-11-21 15:17:58,21.7,0.01,72.3,0.0,-5.79
2024-11-21 15:17:59,21.7,0.01,72.3,0.0,-5.79
2024-11-21 15:18:00,21.8,0.01,71.0,0.0,-5.79
2024-11-21 15:18:01,21.8,0.01,71.0,0.0,-5.79
2024-11-21 15:18:02,21.9,0.01,68.6,0.0,-5.79
2024-11-21 15:18:03,21.9,0.01,68.6,0.0,-5.79
2024-11-21 15:18:04,21.9,0.01,66.0,0.0,-5.79
2024-11-21 15:18:05,21.9,0.01,66.0,0.0,-5.79
2024-11-21 15:18:06,22.0,0.01,63.9,0.0,-5.79
2024-11-21 15:18:07,22.0,0.01,63.9,0.0,-5.79
2024-11-21 15:18:08,22.0,0.01,62.3,0.0,-5.79
2024-11-21 15:18:09,22.0,0.01,62.3,0.0,-5.79
2024-11-21 15:18:10,22.1,0.01,61.1,0.0,-5.79
2024-11-21 15:18:11,22.1,0.01,61.1,0.0,-5.79
2024-11-21 15:18:12,22.2,0.01,61.8,0.0,-5.79
2024-11-21 15:18:13,22.2,0.01,61.8,0.0,-5.79
2024-11-21 15:18:14,22.2,0.01,64.8,0.0,-5.79
2024-11-21 15:18:15,22.2,0.01,64.8,0.0,-5.79
2024-11-21 15:18:16,22.3,0.01,68.5,0.0,-5.79
2024-11-21 15:18:17,22.3,0.01,68.5,0.0,-5.79
2024-11-21 15:18:18,22.4,0.01,71.4,0.0,-5.79
2024-11-21 15:18:19,22.4,0.01,71.4,0.0,-5.79
2024-11-21 15:18:20,22.5,0.01,73.7,0.0,-5.79
2024-11-21 15:18:21,22.5,0.01,73.7,0.0,-5.79
2024-11-21 15:18:22,22.5,0.01,75.0,0.0,-5.79
2024-11-21 15:18:23,22.5,0.01,75.0,0.0,-5.79
2024-11-21 15:18:24,22.6,0.01,75.1,0.0,-5.79
2024-11-21 15:18:25,22.6,0.01,75.1,0.0,-5.79
2024-11-21 15:18:26,22.6,0.01,73.0,0.0,-5.79
2024-11-21 15:18:27,22.6,0.01,73.0,0.0,-5.79
2024-11-21 15:18:28,22.7,0.01,69.3,0.0,-5.79
2024-11-21 15:18:29,22.7,0.01,69.3,0.0,-5.79
2024-11-21 15:18:30,22.7,0.01,65.9,0.0,-5.79
2024-11-21 15:18:31,22.7,0.01,65.9,0.0,-5.79
2024-11-21 15:18:32,22.8,0.01,63.2,0.0,-5.79
2024-11-21 15:18:33,22.8,0.01,63.2,0.0,-5.79
2024-11-21 15:18:34,22.9,0.01,61.2,0.0,-5.79
2024-11-21 15:18:35,22.9,0.01,61.2,0.0,-5.79
2024-11-21 15:18:36,22.9,0.01,59.8,0.0,-5.79
2024-11-21 15:18:37,22.9,0.01,59.8,0.0,-5.79
2024-11-21 15:18:38,22.9,0.01,58.7,0.0,-5.79
2024-11-21 15:18:39,22.9,0.01,58.7,0.0,-5.79
2024-11-21 15:18:40,22.9,0.01,59.8,0.0,-5.79
2024-11-21 15:18:41,22.9,0.01,59.8,0.0,-5.79
2024-11-21 15:18:42,23.0,0.01,61.3,0.0,-5.79
2024-11-21 15:18:43,23.0,0.01,61.3,0.0,-5.79
2024-11-21 15:18:44,23.0,0.01,62.7,0.0,-5.79
2024-11-21 15:18:45,23.0,0.01,62.7,0.0,-5.79
2024-11-21 15:18:46,23.1,0.01,63.4,0.0,-5.79
2024-11-21 15:18:47,23.1,0.01,63.4,0.0,-5.79
2024-11-21 15:18:48,23.2,0.01,62.6,0.0,-5.79
2024-11-21 15:18:49,23.2,0.01,62.6,0.0,-5.79
2024-11-21 15:18:50,24.3,0.01,62.8,0.0,-5.79
2024-11-21 15:18:51,24.3,0.01,62.8,0.0,-5.79
2024-11-21 15:18:52,24.0,0.01,73.5,0.0,-5.79
2024-11-21 15:18:53,24.0,0.01,73.5,0.0,-5.79
2024-11-21 15:18:54,23.4,0.01,80.4,0.0,-5.79
2024-11-21 15:18:55,23.4,0.01,80.4,0.0,-5.79
2024-11-21 15:18:56,23.1,1.27,84.5,0.0,-5.79
2024-11-21 15:18:57,23.1,1.27,84.5,0.0,-5.79
2024-11-21 15:18:58,23.2,1.17,80.0,0.0,-5.79
2024-11-21 15:18:59,23.2,1.17,80.0,0.0,-5.79
2024-11-21 15:19:00,23.2,0.04,71.8,0.0,-5.79
2024-11-21 15:19:01,23.2,0.04,71.8,0.0,-5.79
2024-11-21 15:19:02,23.0,0.31,65.9,0.0,-5.79
2024-11-21 15:19:03,23.0,0.31,65.9,0.0,-5.79
2024-11-21 15:19:04,23.0,0.01,62.0,0.0,-5.79
2024-11-21 15:19:05,22.9,0.5,59.6,0.0,-5.79
2024-11-21 15:19:06,22.9,0.5,59.6,0.0,-5.79
2024-11-21 15:19:07,22.8,0.38,58.0,0.0,-5.79
2024-11-21 15:19:08,22.8,0.38,58.0,0.0,-5.79
2024-11-21 15:19:09,22.8,0.01,56.9,0.0,-5.79
2024-11-21 15:19:10,22.8,0.01,56.9,0.0,-5.79
2024-11-21 15:19:11,22.7,0.01,56.4,0.0,-5.79
2024-11-21 15:19:12,22.7,0.01,56.4,0.0,-5.79
2024-11-21 15:19:13,22.6,0.13,56.0,0.0,-5.79
2024-11-21 15:19:14,22.6,0.13,56.0,0.0,-5.79
2024-11-21 15:19:15,22.5,0.02,55.8,0.0,-5.79
2024-11-21 15:19:16,22.5,0.02,55.8,0.0,-5.79
2024-11-21 15:19:17,22.5,0.01,55.7,0.0,-5.79
2024-11-21 15:19:18,22.5,0.01,55.7,0.0,-5.79
2024-11-21 15:19:19,22.4,0.02,55.7,0.0,-5.79
2024-11-21 15:19:20,22.4,0.02,55.7,0.0,-5.79
2024-11-21 15:19:21,22.3,0.03,55.7,0.0,-5.79
2024-11-21 15:19:22,22.3,0.03,55.7,0.0,-5.79
2024-11-21 15:19:23,22.2,0.66,55.8,0.0,-5.79
2024-11-21 15:19:24,22.2,0.66,55.8,0.0,-5.79
2024-11-21 15:19:25,22.2,0.36,55.9,0.0,-5.79
2024-11-21 15:19:26,22.2,0.36,55.9,0.0,-5.79
2024-11-21 15:19:27,22.1,2.49,56.1,0.0,-5.79
2024-11-21 15:19:28,22.1,2.49,56.1,0.0,-5.79
2024-11-21 15:19:29,22.1,0.34,56.2,0.0,-5.79
2024-11-21 15:19:30,22.1,0.34,56.2,0.0,-5.79
2024-11-21 15:19:31,22.0,0.12,56.3,0.0,-5.79
2024-11-21 15:19:32,22.0,0.12,56.3,0.0,-5.79
2024-11-21 15:19:33,22.0,1.55,56.5,0.0,-5.79
2024-11-21 15:19:34,22.0,1.55,56.5,0.0,-5.79
2024-11-21 15:19:35,21.9,0.51,56.6,0.0,-5.79
2024-11-21 15:19:36,21.9,0.51,56.6,0.0,-5.79
2024-11-21 15:19:37,21.9,0.01,56.6,0.0,-5.79
2024-11-21 15:19:38,21.9,0.01,56.6,0.0,-5.79
2024-11-21 15:19:39,21.8,0.01,56.8,0.0,-5.79
2024-11-21 15:19:40,21.8,0.01,56.8,0.0,-5.79
2024-11-21 15:19:41,21.8,0.01,56.9,0.0,-5.79
2024-11-21 15:19:42,21.8,0.01,56.9,0.0,-5.79
2024-11-21 15:19:43,21.8,0.82,57.0,0.0,-5.79
2024-11-21 15:19:44,21.8,0.82,57.0,0.0,-5.79
2024-11-21 15:19:45,21.8,0.07,57.1,0.0,-5.79
2024-11-21 15:19:46,21.8,0.07,57.1,0.0,-5.79
2024-11-21 15:19:47,21.7,0.01,57.1,0.0,-5.79
2024-11-21 15:19:48,21.7,0.01,57.1,0.0,-5.79
2024-11-21 15:19:49,21.7,0.01,57.2,0.0,-5.79
2024-11-21 15:19:50,21.7,0.01,57.2,0.0,-5.79
2024-11-21 15:19:51,21.6,0.01,57.3,0.0,-5.79
2024-11-21 15:19:52,21.6,0.01,57.3,0.0,-5.79
2024-11-21 15:19:53,21.6,0.01,57.3,0.0,-5.79
2024-11-21 15:19:54,21.6,0.01,57.3,0.0,-5.79
2024-11-21 15:19:55,21.5,0.01,57.3,0.0,-5.79
2024-11-21 15:19:56,21.5,0.01,57.3,0.0,-5.79
2024-11-21 15:19:57,21.5,0.01,57.5,0.0,-5.79
2024-11-21 15:19:58,21.5,0.01,57.5,0.0,-5.79
2024-11-21 15:19:59,21.5,0.01,57.6,0.0,-5.79
2024-11-21 15:20:00,21.5,0.01,57.6,0.0,-5.79
2024-11-21 15:20:01,21.5,0.02,57.8,0.0,-5.79
2024-11-21 15:20:02,21.5,0.02,57.8,0.0,-5.79
2024-11-21 15:20:03,21.4,0.01,57.9,0.0,-5.79
2024-11-21 15:20:04,21.4,0.01,57.9,0.0,-5.79
2024-11-21 15:20:05,21.4,0.01,58.0,0.0,-5.79
2024-11-21 15:20:06,21.4,0.01,58.0,0.0,-5.79
2024-11-21 15:20:07,21.4,0.36,58.1,0.0,-5.79
2024-11-21 15:20:08,21.4,0.36,58.1,0.0,-5.79
2024-11-21 15:20:09,21.4,0.01,58.1,0.0,-5.79
2024-11-21 15:20:10,21.4,0.01,58.1,0.0,-5.79
2024-11-21 15:20:11,21.3,0.01,58.1,0.0,-5.79
2024-11-21 15:20:12,21.3,0.01,58.1,0.0,-5.79
2024-11-21 15:20:13,21.3,0.18,58.2,0.0,-5.79
2024-11-21 15:20:14,21.3,0.18,58.2,0.0,-5.79
2024-11-21 15:20:15,21.3,0.01,58.2,0.0,-5.79
2024-11-21 15:20:16,21.3,0.01,58.2,0.0,-5.79
2024-11-21 15:20:17,21.3,0.01,58.1,0.0,-5.79
2024-11-21 15:20:18,21.3,0.01,58.1,0.0,-5.79
2024-11-21 15:20:19,21.2,0.01,58.2,0.0,-5.79
2024-11-21 15:20:20,21.2,0.01,58.2,0.0,-5.79
2024-11-21 15:20:21,21.2,0.16,58.2,0.0,-5.79
2024-11-21 15:20:22,21.2,0.16,58.2,0.0,-5.79
2024-11-21 15:20:23,21.2,0.01,58.2,0.0,-5.79
2024-11-21 15:20:24,21.2,0.01,58.2,0.0,-5.79
2024-11-21 15:20:25,21.2,0.01,58.3,0.0,-5.79
2024-11-21 15:20:26,21.2,0.01,58.3,0.0,-5.79
2024-11-21 15:20:27,21.1,0.02,58.3,0.0,-5.79
2024-11-21 15:20:28,21.1,0.02,58.3,0.0,-5.79
2024-11-21 15:20:29,21.1,0.01,58.3,0.0,-5.79
2024-11-21 15:20:30,21.1,0.01,58.3,0.0,-5.79
2024-11-21 15:20:31,21.1,0.01,58.4,0.0,-5.79
2024-11-21 15:20:32,21.1,0.01,58.4,0.0,-5.79
2024-11-21 15:20:33,21.1,0.04,58.4,0.0,-5.79
2024-11-21 15:20:34,21.1,0.04,58.4,0.0,-5.79
2024-11-21 15:20:35,21.0,0.01,58.5,0.0,-5.79
2024-11-21 15:20:36,21.0,0.01,58.5,0.0,-5.79
2024-11-21 15:20:37,21.0,0.01,58.5,0.0,-5.79
2024-11-21 15:20:38,21.0,0.01,58.5,0.0,-5.79
2024-11-21 15:20:39,21.0,0.01,58.5,0.0,-5.79
2024-11-21 15:20:40,21.0,0.01,58.5,0.0,-5.79
2024-11-21 15:20:41,21.1,0.01,58.6,0.0,-5.79
2024-11-21 15:20:42,21.1,0.01,58.6,0.0,-5.79
2024-11-21 15:20:43,21.0,0.8,58.6,0.0,-5.79
2024-11-21 15:20:44,21.0,0.8,58.6,0.0,-5.79
2024-11-21 15:20:45,21.0,0.01,58.6,0.0,-5.79
2024-11-21 15:20:46,21.0,0.01,58.6,0.0,-5.79
2024-11-21 15:20:47,21.0,0.53,58.6,0.0,-5.79
2024-11-21 15:20:48,21.0,0.53,58.6,0.0,-5.79
2024-11-21 15:20:49,21.0,0.01,58.7,0.0,-5.79
2024-11-21 15:20:50,21.0,0.01,58.7,0.0,-5.79
2024-11-21 15:20:51,21.0,0.25,58.7,0.0,-5.79
2024-11-21 15:20:52,21.0,0.25,58.7,0.0,-5.79
2024-11-21 15:20:53,21.0,0.01,58.8,0.0,-5.79
2024-11-21 15:20:54,21.0,0.01,58.8,0.0,-5.79
2024-11-21 15:20:55,21.0,0.01,58.8,0.0,-5.79
2024-11-21 15:20:56,21.0,0.01,58.8,0.0,-5.79
2024-11-21 15:20:57,21.0,0.01,58.8,0.0,-5.79
2024-11-21 15:20:58,21.0,0.01,58.8,0.0,-5.79
2024-11-21 15:20:59,21.0,0.01,58.8,0.0,-5.79
2024-11-21 15:21:00,21.0,0.01,58.8,0.0,-5.79
2024-11-21 15:21:01,20.9,0.01,58.9,0.0,-5.79
2024-11-21 15:21:02,20.9,0.01,58.9,0.0,-5.79
2024-11-21 15:21:03,21.0,0.01,58.9,0.0,-5.79
2024-11-21 15:21:04,21.0,0.01,58.9,0.0,-5.79
2024-11-21 15:21:05,20.9,0.02,59.0,0.0,-5.79
2024-11-21 15:21:06,20.9,0.02,59.0,0.0,-5.79
2024-11-21 15:21:07,20.9,0.08,59.2,0.0,-5.79
2024-11-21 15:21:08,20.9,0.08,59.2,0.0,-5.79
2024-11-21 15:21:09,20.9,0.01,59.7,0.0,-5.79
2024-11-21 15:21:10,20.9,0.01,59.7,0.0,-5.79
2024-11-21 15:21:11,20.8,0.01,59.9,0.0,-5.79
2024-11-21 15:21:12,20.8,0.01,59.9,0.0,-5.79
2024-11-21 15:21:13,20.8,0.01,60.0,0.0,-5.79
2024-11-21 15:21:14,20.8,0.01,60.0,0.0,-5.79
2024-11-21 15:21:15,20.9,0.01,59.9,0.0,-5.79
2024-11-21 15:21:16,20.9,0.01,59.9,0.0,-5.79
2024-11-21 15:21:17,20.8,0.01,59.7,0.0,-5.79
2024-11-21 15:21:18,20.8,0.01,59.7,0.0,-5.79
2024-11-21 15:21:19,20.8,0.01,59.6,0.0,-5.79
2024-11-21 15:21:20,20.8,0.01,59.6,0.0,-5.79
2024-11-21 15:21:21,20.8,0.01,59.5,0.0,-5.79
2024-11-21 15:21:22,20.8,0.01,59.5,0.0,-5.79
2024-11-21 15:21:23,20.8,0.01,59.4,0.0,-5.79
2024-11-21 15:21:24,20.8,0.01,59.4,0.0,-5.79
2024-11-21 15:21:25,20.8,0.01,59.3,0.0,-5.79
2024-11-21 15:21:26,20.8,0.01,59.3,0.0,-5.79
2024-11-21 15:21:27,20.7,0.01,59.3,0.0,-5.79
2024-11-21 15:21:28,20.7,0.01,59.3,0.0,-5.79
2024-11-21 15:21:29,20.8,0.01,59.3,0.0,-5.79
2024-11-21 15:21:30,20.8,0.01,59.3,0.0,-5.79
2024-11-21 15:21:31,20.8,0.01,59.3,0.0,-5.79
2024-11-21 15:21:32,20.8,0.01,59.3,0.0,-5.79
2024-11-21 15:21:33,20.7,0.01,59.3,0.0,-5.79
2024-11-21 15:21:34,20.7,0.01,59.3,0.0,-5.79
2024-11-21 15:21:35,20.7,0.22,59.3,0.0,-5.79
2024-11-21 15:21:36,20.7,0.22,59.3,0.0,-5.79
2024-11-21 15:21:37,20.7,0.16,59.3,0.0,-5.79
2024-11-21 15:21:38,20.7,0.16,59.3,0.0,-5.79
2024-11-21 15:21:39,20.7,0.04,59.3,0.0,-5.79
2024-11-21 15:21:40,20.7,0.04,59.3,0.0,-5.79
2024-11-21 15:21:41,20.7,0.01,59.3,0.0,-5.79
2024-11-21 15:21:42,20.7,0.01,59.3,0.0,-5.79
2024-11-21 15:21:43,20.7,0.4,59.4,0.0,-5.79
2024-11-21 15:21:44,20.7,0.4,59.4,0.0,-5.79
2024-11-21 15:21:45,20.7,0.02,59.4,0.0,-5.79
2024-11-21 15:21:46,20.7,0.02,59.4,0.0,-5.79
2024-11-21 15:21:47,20.7,0.21,59.4,0.0,-5.79
2024-11-21 15:21:48,20.7,0.21,59.4,0.0,-5.79
2024-11-21 15:21:49,20.7,0.01,59.4,0.0,-5.79
2024-11-21 15:21:50,20.7,0.01,59.4,0.0,-5.79
2024-11-21 15:21:51,20.6,0.01,59.4,0.0,-5.79
2024-11-21 15:21:52,20.6,0.01,59.4,0.0,-5.79
2024-11-21 15:21:53,20.7,0.1,59.5,0.0,-5.79
2024-11-21 15:21:54,20.7,0.1,59.5,0.0,-5.79
2024-11-21 15:21:55,20.7,0.01,59.5,0.0,-5.79
2024-11-21 15:21:56,20.7,0.01,59.5,0.0,-5.79
2024-11-21 15:21:57,20.6,0.34,59.5,0.0,-5.79
2024-11-21 15:21:58,20.6,0.34,59.5,0.0,-5.79
2024-11-21 15:21:59,20.6,0.01,59.5,0.0,-5.79
2024-11-21 15:22:00,20.6,0.01,59.5,0.0,-5.79
2024-11-21 15:22:01,20.6,0.23,59.5,0.0,-5.79
2024-11-21 15:22:02,20.6,0.23,59.5,0.0,-5.79
2024-11-21 15:22:03,20.6,0.01,59.5,0.0,-5.79
2024-11-21 15:22:04,20.6,0.01,59.5,0.0,-5.79
2024-11-21 15:22:05,20.6,0.01,59.6,0.0,-5.79
2024-11-21 15:22:06,20.6,0.01,59.6,0.0,-5.79
2024-11-21 15:22:07,20.6,0.01,59.6,0.0,-5.79
2024-11-21 15:22:08,20.6,0.01,59.6,0.0,-5.79
2024-11-21 15:22:09,20.6,0.01,59.6,0.0,-5.79
2024-11-21 15:22:10,20.6,0.01,59.6,0.0,-5.79
2024-11-21 15:22:11,20.6,0.01,59.6,0.0,-5.79
2024-11-21 15:22:12,20.6,0.01,59.6,0.0,-5.79
2024-11-21 15:22:13,20.6,0.01,59.7,0.0,-5.79
2024-11-21 15:22:14,20.6,0.01,59.7,0.0,-5.79
2024-11-21 15:22:15,20.6,0.19,59.7,0.0,-5.79
2024-11-21 15:22:16,20.6,0.19,59.7,0.0,-5.79
2024-11-21 15:22:17,20.6,0.01,59.7,0.0,-5.79
2024-11-21 15:22:18,20.6,0.01,59.7,0.0,-5.79
2024-11-21 15:22:19,20.5,0.01,59.7,0.0,-5.79
2024-11-21 15:22:20,20.5,0.01,59.7,0.0,-5.79
2024-11-21 15:22:21,20.5,0.01,59.7,0.0,-5.79
2024-11-21 15:22:22,20.5,0.01,59.7,0.0,-5.79
2024-11-21 15:22:23,20.6,0.01,59.7,0.0,-5.79
2024-11-21 15:22:24,20.6,0.01,59.7,0.0,-5.79
2024-11-21 15:22:25,20.5,0.01,59.7,0.0,-5.79
2024-11-21 15:22:26,20.5,0.01,59.7,0.0,-5.79
2024-11-21 15:22:27,20.5,0.01,59.8,0.0,-5.79
2024-11-21 15:22:28,20.5,0.01,59.8,0.0,-5.79
2024-11-21 15:22:29,20.5,0.01,59.8,0.0,-5.79
2024-11-21 15:22:30,20.5,0.01,59.8,0.0,-5.79
2024-11-21 15:22:31,20.5,0.01,59.8,0.0,-5.79
2024-11-21 15:22:32,20.5,0.01,59.8,0.0,-5.79
2024-11-21 15:22:33,20.5,0.01,59.8,0.0,-5.79
2024-11-21 15:22:34,20.5,0.01,59.8,0.0,-5.79
2024-11-21 15:22:35,20.5,0.01,59.8,0.0,-5.79
2024-11-21 15:22:36,20.5,0.01,59.8,0.0,-5.79
2024-11-21 15:22:37,20.5,0.01,59.8,0.0,-5.79
2024-11-21 15:22:38,20.5,0.01,59.8,0.0,-5.79
2024-11-21 15:22:39,20.5,0.01,59.8,0.0,-5.79
2024-11-21 15:22:40,20.5,0.01,59.8,0.0,-5.79
2024-11-21 15:22:41,20.5,0.01,59.8,0.0,-5.79
2024-11-21 15:22:42,20.5,0.01,59.8,0.0,-5.79
2024-11-21 15:22:43,20.5,0.01,59.8,0.0,-5.79
2024-11-21 15:22:44,20.5,0.01,59.8,0.0,-5.79
2024-11-21 15:22:45,20.5,0.01,59.8,0.0,-5.79
2024-11-21 15:22:46,20.5,0.01,59.8,0.0,-5.79
2024-11-21 15:22:47,20.5,0.01,59.8,0.0,-5.79
2024-11-21 15:22:48,20.5,0.01,59.8,0.0,-5.79
2024-11-21 15:22:49,20.5,0.01,59.8,0.0,-5.79
2024-11-21 15:22:50,20.5,0.01,59.8,0.0,-5.79
2024-11-21 15:22:51,20.5,0.16,59.8,0.0,-5.79
2024-11-21 15:22:52,20.5,0.16,59.8,0.0,-5.79
2024-11-21 15:22:53,20.5,0.01,59.8,0.0,-5.79
2024-11-21 15:22:54,20.5,0.01,59.8,0.0,-5.79
2024-11-21 15:22:55,20.5,0.01,59.8,0.0,-5.79
2024-11-21 15:22:56,20.5,0.01,59.8,0.0,-5.79
2024-11-21 15:22:57,20.5,0.01,59.8,0.0,-5.79
2024-11-21 15:22:58,20.5,0.01,59.8,0.0,-5.79
2024-11-21 15:22:59,20.5,0.01,59.8,0.0,-5.79
2024-11-21 15:23:00,20.5,0.01,59.8,0.0,-5.79
2024-11-21 15:23:01,20.5,0.01,59.9,0.0,-5.79
2024-11-21 15:23:02,20.5,0.01,59.9,0.0,-5.79
2024-11-21 15:23:03,20.5,0.01,59.9,0.0,-5.79
2024-11-21 15:23:04,20.5,0.01,59.9,0.0,-5.79
2024-11-21 15:23:05,20.5,0.01,59.9,0.0,-5.79
2024-11-21 15:23:06,20.5,0.01,59.9,0.0,-5.79
2024-11-21 15:23:07,20.5,0.01,59.9,0.0,-5.79
2024-11-21 15:23:08,20.5,0.01,59.9,0.0,-5.79
2024-11-21 15:23:09,20.5,0.01,59.9,0.0,-5.79
2024-11-21 15:23:10,20.5,0.01,59.9,0.0,-5.79
2024-11-21 15:23:11,20.5,0.01,59.9,0.0,-5.79
2024-11-21 15:23:12,20.5,0.01,59.9,0.0,-5.79
2024-11-21 15:23:13,20.5,0.01,60.0,0.0,-5.79
2024-11-21 15:23:14,20.5,0.01,60.0,0.0,-5.79
2024-11-21 15:23:15,20.5,0.01,60.0,0.0,-5.79
2024-11-21 15:23:16,20.5,0.01,60.0,0.0,-5.79
2024-11-21 15:23:17,20.5,0.01,60.0,0.0,-5.79
2024-11-21 15:23:18,20.5,0.01,60.0,0.0,-5.79
2024-11-21 15:23:19,20.5,0.01,60.0,0.0,-5.79
2024-11-21 15:23:20,20.5,0.01,60.0,0.0,-5.79
2024-11-21 15:23:21,20.4,0.01,60.0,0.0,-5.79
2024-11-21 15:23:22,20.4,0.01,60.0,0.0,-5.79
2024-11-21 15:23:23,20.4,0.01,60.1,0.0,-5.79
2024-11-21 15:23:24,20.4,0.01,60.1,0.0,-5.79
2024-11-21 15:23:25,20.4,0.01,60.1,0.0,-5.79
2024-11-21 15:23:26,20.4,0.01,60.1,0.0,-5.79
2024-11-21 15:23:27,20.4,0.01,60.1,0.0,-5.79
2024-11-21 15:23:28,20.4,0.01,60.1,0.0,-5.79
2024-11-21 15:23:29,20.4,0.01,60.1,0.0,-5.79
2024-11-21 15:23:30,20.4,0.01,60.1,0.0,-5.79
2024-11-21 15:23:31,20.4,0.01,60.1,0.0,-5.79
2024-11-21 15:23:32,20.4,0.01,60.1,0.0,-5.79
2024-11-21 15:23:33,20.3,0.24,60.1,0.0,-5.79
2024-11-21 15:23:34,20.3,0.24,60.1,0.0,-5.79
2024-11-21 15:23:35,20.4,0.01,60.1,0.0,-5.79
2024-11-21 15:23:36,20.4,0.01,60.1,0.0,-5.79
2024-11-21 15:23:37,20.4,0.01,60.1,0.0,-5.79
2024-11-21 15:23:38,20.4,0.01,60.1,0.0,-5.79
2024-11-21 15:23:39,20.4,0.01,60.1,0.0,-5.79
2024-11-21 15:23:40,20.3,0.01,60.1,0.0,-5.79
2024-11-21 15:23:41,20.3,0.01,60.1,0.0,-5.79
2024-11-21 15:23:42,20.4,0.01,60.2,0.0,-5.79
2024-11-21 15:23:43,20.4,0.01,60.2,0.0,-5.79
2024-11-21 15:23:44,20.3,0.01,60.3,0.0,-5.79
2024-11-21 15:23:45,20.3,0.01,60.3,0.0,-5.79
2024-11-21 15:23:46,20.4,0.01,60.4,0.0,-5.79
2024-11-21 15:23:47,20.4,0.01,60.4,0.0,-5.79
2024-11-21 15:23:48,20.4,0.01,60.5,0.0,-5.79
2024-11-21 15:23:49,20.4,0.01,60.5,0.0,-5.79
2024-11-21 15:23:50,20.3,0.01,60.5,0.0,-5.79
2024-11-21 15:23:51,20.3,0.01,60.5,0.0,-5.79
2024-11-21 15:23:52,20.4,0.01,60.4,0.0,-5.79
2024-11-21 15:23:53,20.4,0.01,60.4,0.0,-5.79
2024-11-21 15:23:54,20.4,0.01,60.4,0.0,-5.79
2024-11-21 15:23:55,20.4,0.01,60.4,0.0,-5.79
2024-11-21 15:23:56,20.4,0.01,60.4,0.0,-5.79
2024-11-21 15:23:57,20.4,0.01,60.4,0.0,-5.79
2024-11-21 15:23:58,20.3,0.01,60.3,0.0,-5.79
2024-11-21 15:23:59,20.3,0.01,60.3,0.0,-5.79
2024-11-21 15:24:00,20.4,0.01,60.3,0.0,-5.79
2024-11-21 15:24:01,20.4,0.01,60.3,0.0,-5.79
2024-11-21 15:24:02,20.3,0.01,60.3,0.0,-5.79
2024-11-21 15:24:03,20.3,0.01,60.3,0.0,-5.79
2024-11-21 15:24:04,20.4,0.01,60.3,0.0,-5.79
2024-11-21 15:24:05,20.4,0.01,60.3,0.0,-5.79
2024-11-21 15:24:06,20.4,0.01,60.3,0.0,-5.79
2024-11-21 15:24:07,20.4,0.01,60.3,0.0,-5.79
2024-11-21 15:24:08,20.4,0.01,60.3,0.0,-5.79
2024-11-21 15:24:09,20.4,0.01,60.3,0.0,-5.79
2024-11-21 15:24:10,20.4,0.01,60.3,0.0,-5.79
2024-11-21 15:24:11,20.4,0.01,60.3,0.0,-5.79
2024-11-21 15:24:12,20.3,0.01,60.3,0.0,-5.79
2024-11-21 15:24:13,20.3,0.01,60.3,0.0,-5.79
2024-11-21 15:24:14,20.4,0.01,60.3,0.0,-5.79
2024-11-21 15:24:15,20.4,0.01,60.3,0.0,-5.79
2024-11-21 15:24:16,20.3,0.01,60.3,0.0,-5.79
2024-11-21 15:24:17,20.3,0.01,60.3,0.0,-5.79
2024-11-21 15:24:18,20.4,0.01,60.4,0.0,-5.79
2024-11-21 15:24:19,20.4,0.01,60.4,0.0,-5.79
2024-11-21 15:24:20,20.3,0.01,60.4,0.0,-5.79
2024-11-21 15:24:21,20.3,0.01,60.4,0.0,-5.79
2024-11-21 15:24:22,20.4,0.01,60.4,0.0,-5.79
2024-11-21 15:24:23,20.4,0.01,60.4,0.0,-5.79
2024-11-21 15:24:24,20.3,0.01,60.4,0.0,-5.79
2024-11-21 15:24:25,20.3,0.01,60.4,0.0,-5.79
2024-11-21 15:24:26,20.3,0.01,60.4,0.0,-5.79
2024-11-21 15:24:27,20.3,0.01,60.4,0.0,-5.79
2024-11-21 15:24:28,20.3,0.01,60.4,0.0,-5.79
2024-11-21 15:24:29,20.3,0.01,60.4,0.0,-5.79
2024-11-21 15:24:30,20.3,0.01,60.3,0.0,-5.79
2024-11-21 15:24:31,20.3,0.01,60.3,0.0,-5.79
2024-11-21 15:24:32,20.3,0.01,60.3,0.0,-5.79
2024-11-21 15:24:33,20.3,0.01,60.3,0.0,-5.79
2024-11-21 15:24:34,20.3,0.01,60.3,0.0,-5.79
2024-11-21 15:24:35,20.3,0.01,60.3,0.0,-5.79
2024-11-21 15:24:36,20.3,0.01,60.3,0.0,-5.79
2024-11-21 15:24:37,20.3,0.01,60.3,0.0,-5.79
2024-11-21 15:24:38,20.3,0.01,60.3,0.0,-5.79
2024-11-21 15:24:39,20.3,0.01,60.3,0.0,-5.79
2024-11-21 15:24:40,20.3,0.01,60.3,0.0,-5.79
2024-11-21 15:24:41,20.3,0.01,60.3,0.0,-5.79
2024-11-21 15:24:42,20.3,0.01,60.3,0.0,-5.79
2024-11-21 15:24:43,20.3,0.01,60.3,0.0,-5.79
2024-11-21 15:24:44,20.3,0.01,60.3,0.0,-5.79
2024-11-21 15:24:45,20.3,0.01,60.3,0.0,-5.79
2024-11-21 15:24:46,20.3,0.01,60.3,0.0,-5.79
2024-11-21 15:24:47,20.3,0.01,60.3,0.0,-5.79
2024-11-21 15:24:48,20.3,0.01,60.3,0.0,-5.79
2024-11-21 15:24:49,20.3,0.01,60.3,0.0,-5.79
2024-11-21 15:24:50,20.3,0.01,60.4,0.0,-5.79
2024-11-21 15:24:51,20.3,0.01,60.4,0.0,-5.79
2024-11-21 15:24:52,20.3,0.01,60.4,0.0,-5.79
2024-11-21 15:24:53,20.3,0.01,60.4,0.0,-5.79
2024-11-21 15:24:54,20.3,0.01,61.0,0.0,-5.79
2024-11-21 15:24:55,20.3,0.01,61.0,0.0,-5.79
2024-11-21 15:24:56,20.3,0.01,61.4,0.0,-5.79
2024-11-21 15:24:57,20.3,0.01,61.4,0.0,-5.79
2024-11-21 15:24:58,20.3,0.01,61.5,0.0,-5.79
2024-11-21 15:24:59,20.3,0.01,61.5,0.0,-5.79
2024-11-21 15:25:00,20.3,0.01,61.5,0.0,-5.79
2024-11-21 15:25:01,20.3,0.01,61.5,0.0,-5.79
2024-11-21 15:25:02,20.3,0.01,61.4,0.0,-5.79
2024-11-21 15:25:03,20.3,0.01,61.4,0.0,-5.79
2024-11-21 15:25:04,20.3,0.01,61.2,0.0,-5.79
2024-11-21 15:25:05,20.3,0.01,61.2,0.0,-5.79
2024-11-21 15:25:06,20.3,0.01,61.0,0.0,-5.79
2024-11-21 15:25:07,20.3,0.01,61.0,0.0,-5.79
2024-11-21 15:25:08,20.3,0.01,60.9,0.0,-5.79
2024-11-21 15:25:09,20.3,0.01,60.9,0.0,-5.79
2024-11-21 15:25:10,20.3,0.01,60.8,0.0,-5.79
2024-11-21 15:25:11,20.3,0.01,60.8,0.0,-5.79
2024-11-21 15:25:12,20.3,0.01,60.7,0.0,-5.79
2024-11-21 15:25:13,20.3,0.01,60.7,0.0,-5.79
2024-11-21 15:25:14,20.3,0.01,60.6,0.0,-5.79
2024-11-21 15:25:15,20.3,0.01,60.6,0.0,-5.79
2024-11-21 15:25:16,20.3,0.01,60.5,0.0,-5.79
2024-11-21 15:25:17,20.3,0.01,60.5,0.0,-5.79
2024-11-21 15:25:18,20.3,0.01,60.5,0.0,-5.79
2024-11-21 15:25:19,20.3,0.01,60.5,0.0,-5.79
2024-11-21 15:25:20,20.3,0.01,60.5,0.0,-5.79
2024-11-21 15:25:21,20.3,0.01,60.5,0.0,-5.79
2024-11-21 15:25:22,20.3,0.01,60.5,0.0,-5.79
2024-11-21 15:25:23,20.3,0.01,60.5,0.0,-5.79
2024-11-21 15:25:24,20.3,0.01,60.5,0.0,-5.79
2024-11-21 15:25:25,20.3,0.01,60.5,0.0,-5.79
2024-11-21 15:25:26,20.3,0.01,60.5,0.0,-5.79
2024-11-21 15:25:27,20.3,0.01,60.5,0.0,-5.79
2024-11-21 15:25:28,20.3,0.01,60.5,0.0,-5.79
2024-11-21 15:25:29,20.3,0.01,60.5,0.0,-5.79
2024-11-21 15:25:30,20.3,0.01,60.4,0.0,-5.79
2024-11-21 15:25:31,20.3,0.01,60.4,0.0,-5.79
2024-11-21 15:25:32,20.3,0.01,60.4,0.0,-5.79
2024-11-21 15:25:33,20.3,0.01,60.4,0.0,-5.79
2024-11-21 15:25:34,20.3,0.01,60.4,0.0,-5.79
2024-11-21 15:25:35,20.3,0.01,60.4,0.0,-5.79
2024-11-21 15:25:36,20.3,0.01,60.4,0.0,-5.79
2024-11-21 15:25:37,20.3,0.01,60.4,0.0,-5.79
2024-11-21 15:25:38,20.3,0.01,60.4,0.0,-5.79
2024-11-21 15:25:39,20.3,0.01,60.4,0.0,-5.79
2024-11-21 15:25:40,20.3,0.01,60.4,0.0,-5.79
2024-11-21 15:25:41,20.3,0.01,60.4,0.0,-5.79
2024-11-21 15:25:42,20.3,0.38,60.5,0.0,-5.79
2024-11-21 15:25:43,20.3,0.38,60.5,0.0,-5.79
2024-11-21 15:25:44,20.3,0.01,60.7,0.0,-5.79
2024-11-21 15:25:45,20.3,0.01,60.7,0.0,-5.79
2024-11-21 15:25:46,20.3,0.08,60.7,0.0,-5.79
2024-11-21 15:25:47,20.3,0.08,60.7,0.0,-5.79
2024-11-21 15:25:48,20.3,0.01,60.7,0.0,-5.79
2024-11-21 15:25:49,20.3,0.01,60.7,0.0,-5.79
2024-11-21 15:25:50,20.3,0.01,60.7,0.0,-5.79
2024-11-21 15:25:51,20.3,0.01,60.7,0.0,-5.79
2024-11-21 15:25:52,20.3,0.96,60.6,0.0,-5.79
2024-11-21 15:25:53,20.3,0.96,60.6,0.0,-5.79
2024-11-21 15:25:54,20.3,1.74,60.6,0.0,-5.79
2024-11-21 15:25:55,20.3,1.74,60.6,0.0,-5.79
2024-11-21 15:25:56,20.3,1.65,60.6,0.0,-5.79
2024-11-21 15:25:57,20.3,1.65,60.6,0.0,-5.79
2024-11-21 15:25:58,20.2,0.01,60.6,0.0,-5.79
2024-11-21 15:25:59,20.2,0.01,60.6,0.0,-5.79
2024-11-21 15:26:00,20.3,0.01,60.5,0.0,-5.79
2024-11-21 15:26:01,20.3,0.01,60.5,0.0,-5.79
2024-11-21 15:26:02,20.3,0.01,60.5,0.0,-5.79
2024-11-21 15:26:03,20.3,0.01,60.5,0.0,-5.79
2024-11-21 15:26:04,20.3,0.25,60.5,0.0,-5.79
2024-11-21 15:26:05,20.3,0.25,60.5,0.0,-5.79
2024-11-21 15:26:06,20.3,1.08,60.5,0.0,-5.79
2024-11-21 15:26:07,20.3,1.08,60.5,0.0,-5.79
2024-11-21 15:26:08,20.3,0.01,60.5,0.0,-5.79
2024-11-21 15:26:09,20.3,0.01,60.5,0.0,-5.79
2024-11-21 15:26:10,20.3,0.01,60.5,0.0,-5.79
2024-11-21 15:26:11,20.3,0.01,60.5,0.0,-5.79
2024-11-21 15:26:12,20.2,0.01,60.4,0.0,-5.79
2024-11-21 15:26:13,20.2,0.01,60.4,0.0,-5.79
2024-11-21 15:26:14,20.3,0.01,60.4,0.0,-5.79
2024-11-21 15:26:15,20.3,0.01,60.4,0.0,-5.79
2024-11-21 15:26:16,20.3,0.01,60.4,0.0,-5.79
2024-11-21 15:26:17,20.3,0.01,60.4,0.0,-5.79
2024-11-21 15:26:18,20.3,0.01,60.4,0.0,-5.79
2024-11-21 15:26:19,20.3,0.01,60.4,0.0,-5.79
2024-11-21 15:26:20,20.3,0.01,60.4,0.0,-5.79
2024-11-21 15:26:21,20.3,0.01,60.4,0.0,-5.79
2024-11-21 15:26:22,20.3,0.01,60.4,0.0,-5.79
2024-11-21 15:26:23,20.3,0.01,60.4,0.0,-5.79
2024-11-21 15:26:24,20.3,0.01,60.4,0.0,-5.79
2024-11-21 15:26:25,20.3,0.01,60.4,0.0,-5.79
2024-11-21 15:26:26,20.3,0.01,60.4,0.0,-5.79
2024-11-21 15:26:27,20.3,0.01,60.4,0.0,-5.79
2024-11-21 15:26:28,20.3,0.01,60.4,0.0,-5.79
2024-11-21 15:26:29,20.3,0.01,60.4,0.0,-5.79
2024-11-21 15:26:30,20.3,0.01,60.4,0.0,-5.79
2024-11-21 15:26:31,20.3,0.01,60.4,0.0,-5.79
2024-11-21 15:26:32,20.3,0.01,60.4,0.0,-5.79
2024-11-21 15:26:33,20.3,0.01,60.4,0.0,-5.79
2024-11-21 15:26:34,20.3,0.01,60.4,0.0,-5.79
2024-11-21 15:26:35,20.3,0.01,60.4,0.0,-5.79
2024-11-21 15:26:36,20.3,0.01,60.4,0.0,-5.79
2024-11-21 15:26:37,20.3,0.01,60.4,0.0,-5.79
2024-11-21 15:26:38,20.3,0.01,60.4,0.0,-5.79
2024-11-21 15:26:39,20.3,0.01,60.4,0.0,-5.79
2024-11-21 15:26:40,20.3,0.01,60.4,0.0,-5.79
2024-11-21 15:26:41,20.3,0.01,60.4,0.0,-5.79
2024-11-21 15:26:42,20.2,0.18,60.4,0.0,-5.79
2024-11-21 15:26:43,20.2,0.18,60.4,0.0,-5.79
2024-11-21 15:26:44,20.3,0.01,60.4,0.0,-5.79
2024-11-21 15:26:45,20.3,0.01,60.4,0.0,-5.79
2024-11-21 15:26:46,20.3,0.05,60.4,0.0,-5.79
2024-11-21 15:26:47,20.3,0.05,60.4,0.0,-5.79
2024-11-21 15:26:48,20.3,0.36,60.4,0.0,-5.79
2024-11-21 15:26:49,20.3,0.36,60.4,0.0,-5.79
2024-11-21 15:26:50,20.3,0.01,60.4,0.0,-5.79
2024-11-21 15:26:51,20.3,0.01,60.4,0.0,-5.79
2024-11-21 15:26:52,20.3,0.01,60.4,0.0,-5.79
2024-11-21 15:26:53,20.3,0.01,60.4,0.0,-5.79
2024-11-21 15:26:54,20.3,0.01,60.4,0.0,-5.79
2024-11-21 15:26:55,20.3,0.01,60.4,0.0,-5.79
2024-11-21 15:26:56,20.2,0.01,60.4,0.0,-5.79
2024-11-21 15:26:57,20.2,0.01,60.4,0.0,-5.79
2024-11-21 15:26:58,20.2,0.24,60.4,0.0,-5.79
2024-11-21 15:26:59,20.2,0.24,60.4,0.0,-5.79
2024-11-21 15:27:00,20.3,0.01,60.4,0.0,-5.79
2024-11-21 15:27:01,20.3,0.01,60.4,0.0,-5.79
2024-11-21 15:27:02,20.2,0.01,60.4,0.0,-5.79
2024-11-21 15:27:03,20.2,0.01,60.4,0.0,-5.79
2024-11-21 15:27:04,20.3,0.01,60.4,0.0,-5.79
2024-11-21 15:27:05,20.3,0.01,60.4,0.0,-5.79
2024-11-21 15:27:06,20.2,0.01,60.4,0.0,-5.79
2024-11-21 15:27:07,20.2,0.01,60.4,0.0,-5.79
2024-11-21 15:27:08,20.3,0.01,60.4,0.0,-5.79
2024-11-21 15:27:09,20.3,0.01,60.4,0.0,-5.79
2024-11-21 15:27:10,20.2,0.01,60.5,0.0,-5.79
2024-11-21 15:27:11,20.2,0.01,60.5,0.0,-5.79
2024-11-21 15:27:12,20.2,0.01,60.5,0.0,-5.79
2024-11-21 15:27:13,20.2,0.01,60.5,0.0,-5.79
2024-11-21 15:27:14,20.2,0.01,60.5,0.0,-5.79
2024-11-21 15:27:15,20.2,0.01,60.5,0.0,-5.79
2024-11-21 15:27:16,20.2,0.01,60.5,0.0,-5.79
2024-11-21 15:27:17,20.2,0.01,60.5,0.0,-5.79
2024-11-21 15:27:18,20.2,0.01,60.5,0.0,-5.79
2024-11-21 15:27:19,20.2,0.01,60.5,0.0,-5.79
2024-11-21 15:27:20,20.2,0.01,60.6,0.0,-5.79
2024-11-21 15:27:21,20.2,0.01,60.6,0.0,-5.79
2024-11-21 15:27:22,20.2,0.46,60.5,0.0,-5.79
2024-11-21 15:27:23,20.2,0.46,60.5,0.0,-5.79
2024-11-21 15:27:24,20.2,0.01,60.5,0.0,-5.79
2024-11-21 15:27:25,20.2,0.01,60.5,0.0,-5.79
2024-11-21 15:27:26,20.2,0.52,60.5,0.0,-5.79
2024-11-21 15:27:27,20.2,0.52,60.5,0.0,-5.79
2024-11-21 15:27:28,20.2,0.54,60.5,0.0,-5.79
2024-11-21 15:27:29,20.2,0.54,60.5,0.0,-5.79
2024-11-21 15:27:30,20.3,0.01,60.5,0.0,-5.79
2024-11-21 15:27:31,20.3,0.01,60.5,0.0,-5.79
2024-11-21 15:27:32,20.3,0.01,60.5,0.0,-5.79
2024-11-21 15:27:33,20.3,0.01,60.5,0.0,-5.79
2024-11-21 15:27:34,20.2,0.01,60.5,0.0,-5.79
2024-11-21 15:27:35,20.2,0.01,60.5,0.0,-5.79
2024-11-21 15:27:36,20.2,0.01,60.5,0.0,-5.79
2024-11-21 15:27:37,20.2,0.01,60.5,0.0,-5.79
2024-11-21 15:27:38,20.2,0.01,60.5,0.0,-5.79
2024-11-21 15:27:39,20.2,0.01,60.5,0.0,-5.79
2024-11-21 15:27:40,20.2,0.01,60.5,0.0,-5.79
2024-11-21 15:27:41,20.2,0.01,60.5,0.0,-5.79
2024-11-21 15:27:42,20.2,0.01,60.5,0.0,-5.79
2024-11-21 15:27:43,20.2,0.01,60.5,0.0,-5.79
2024-11-21 15:27:44,20.2,0.01,60.5,0.0,-5.79
2024-11-21 15:27:45,20.2,0.01,60.5,0.0,-5.79
2024-11-21 15:27:46,20.2,0.01,60.5,0.0,-5.79
2024-11-21 15:27:47,20.2,0.01,60.5,0.0,-5.79
2024-11-21 15:27:48,20.2,0.01,60.5,0.0,-5.79
2024-11-21 15:27:49,20.2,0.01,60.5,0.0,-5.79
2024-11-21 15:27:50,20.2,0.01,60.5,0.0,-5.79
2024-11-21 15:27:51,20.2,0.01,60.5,0.0,-5.79
2024-11-21 15:27:52,20.2,0.09,60.6,0.0,-5.79
2024-11-21 15:27:53,20.2,0.09,60.6,0.0,-5.79
2024-11-21 15:27:54,20.2,0.01,60.5,0.0,-5.79
2024-11-21 15:27:55,20.2,0.01,60.5,0.0,-5.79
2024-11-21 15:27:56,20.2,0.01,60.6,0.0,-5.79
2024-11-21 15:27:57,20.2,0.01,60.6,0.0,-5.79
2024-11-21 15:27:58,20.2,0.01,60.6,0.0,-5.79
2024-11-21 15:27:59,20.2,0.01,60.6,0.0,-5.79
2024-11-21 15:28:00,20.2,0.01,60.6,0.0,-5.79
2024-11-21 15:28:01,20.2,0.01,60.6,0.0,-5.79
2024-11-21 15:28:02,20.2,0.12,60.6,0.0,-5.79
2024-11-21 15:28:03,20.2,0.12,60.6,0.0,-5.79
2024-11-21 15:28:04,20.2,0.01,60.6,0.0,-5.79
2024-11-21 15:28:05,20.2,0.01,60.6,0.0,-5.79
2024-11-21 15:28:06,20.2,0.01,60.6,0.0,-5.79
2024-11-21 15:28:07,20.2,0.01,60.6,0.0,-5.79
2024-11-21 15:28:08,20.2,0.01,60.6,0.0,-5.79
2024-11-21 15:28:09,20.2,0.01,60.6,0.0,-5.79
2024-11-21 15:28:10,20.2,0.01,60.6,0.0,-5.79
2024-11-21 15:28:11,20.2,0.01,60.6,0.0,-5.79
2024-11-21 15:28:12,20.2,0.01,60.6,0.0,-5.79
2024-11-21 15:28:13,20.2,0.01,60.6,0.0,-5.79
2024-11-21 15:28:14,20.2,0.01,60.6,0.0,-5.79
2024-11-21 15:28:15,20.2,0.01,60.6,0.0,-5.79
2024-11-21 15:28:16,20.2,0.31,60.7,0.0,-5.79
2024-11-21 15:28:18,20.2,0.31,60.7,0.0,-5.79
2024-11-21 15:28:19,20.2,0.01,60.7,0.0,-5.79
2024-11-21 15:28:20,20.2,0.01,60.7,0.0,-5.79
2024-11-21 15:28:21,20.2,0.01,60.7,0.0,-5.79
2024-11-21 15:28:22,20.2,0.01,60.7,0.0,-5.79
2024-11-21 15:28:23,20.2,0.01,60.7,0.0,-5.79
2024-11-21 15:28:24,20.2,0.01,60.7,0.0,-5.79
2024-11-21 15:28:25,20.2,0.22,60.7,0.0,-5.79
2024-11-21 15:28:26,20.2,0.22,60.7,0.0,-5.79
2024-11-21 15:28:27,20.2,0.92,60.7,0.0,-5.79
2024-11-21 15:28:28,20.2,0.92,60.7,0.0,-5.79
2024-11-21 15:28:29,20.1,0.01,60.6,0.0,-5.79
2024-11-21 15:28:30,20.1,0.01,60.6,0.0,-5.79
2024-11-21 15:28:31,20.2,0.01,60.7,0.0,-5.79
2024-11-21 15:28:32,20.2,0.01,60.7,0.0,-5.79
2024-11-21 15:28:33,20.2,0.01,60.7,0.0,-5.79
2024-11-21 15:28:34,20.2,0.01,60.7,0.0,-5.79
2024-11-21 15:28:35,20.2,0.02,60.7,0.0,-5.79
2024-11-21 15:28:36,20.2,0.02,60.7,0.0,-5.79
2024-11-21 15:28:37,20.2,0.01,60.7,0.0,-5.79
2024-11-21 15:28:38,20.2,0.01,60.7,0.0,-5.79
2024-11-21 15:28:39,20.2,0.06,60.7,0.0,-5.79
2024-11-21 15:28:40,20.2,0.06,60.7,0.0,-5.79
2024-11-21 15:28:41,20.1,0.01,60.7,0.0,-5.79
2024-11-21 15:28:42,20.1,0.01,60.7,0.0,-5.79
2024-11-21 15:28:43,20.2,0.01,60.6,0.0,-5.79
2024-11-21 15:28:44,20.2,0.01,60.6,0.0,-5.79
2024-11-21 15:28:45,20.2,0.01,60.7,0.0,-5.79
2024-11-21 15:28:46,20.2,0.01,60.7,0.0,-5.79
2024-11-21 15:28:47,20.1,0.01,60.7,0.0,-5.79
2024-11-21 15:28:48,20.1,0.01,60.7,0.0,-5.79
2024-11-21 15:28:49,20.2,0.01,60.7,0.0,-5.79
2024-11-21 15:28:50,20.2,0.01,60.7,0.0,-5.79
2024-11-21 15:28:51,20.2,0.01,60.7,0.0,-5.79
2024-11-21 15:28:52,20.2,0.01,60.7,0.0,-5.79
2024-11-21 15:28:53,20.1,0.02,60.7,0.0,-5.79
2024-11-21 15:28:54,20.1,0.02,60.7,0.0,-5.79
2024-11-21 15:28:55,20.2,0.0,60.7,0.0,-5.79
2024-11-21 15:28:56,20.2,0.0,60.7,0.0,-5.79
2024-11-21 15:28:57,20.2,0.02,60.7,0.0,-5.79
2024-11-21 15:28:58,20.2,0.02,60.7,0.0,-5.79
2024-11-21 15:28:59,20.2,0.01,60.7,0.0,-5.79
2024-11-21 15:29:00,20.2,0.01,60.7,0.0,-5.79
2024-11-21 15:29:01,20.1,0.01,60.7,0.0,-5.79
2024-11-21 15:29:02,20.1,0.01,60.7,0.0,-5.79
2024-11-21 15:29:03,20.2,0.04,60.6,0.0,-5.79
2024-11-21 15:29:04,20.2,0.04,60.6,0.0,-5.79
2024-11-21 15:29:05,20.2,0.01,60.6,0.0,-5.79
2024-11-21 15:29:06,20.2,0.01,60.6,0.0,-5.79
2024-11-21 15:29:07,20.2,0.02,60.6,0.0,-5.79
2024-11-21 15:29:08,20.2,0.02,60.6,0.0,-5.79
2024-11-21 15:29:09,20.2,0.02,60.6,0.0,-5.79
2024-11-21 15:29:10,20.2,0.02,60.6,0.0,-5.79
2024-11-21 15:29:11,20.2,0.01,60.6,0.0,-5.79
2024-11-21 15:29:12,20.2,0.01,60.6,0.0,-5.79
2024-11-21 15:29:13,20.2,0.01,60.6,0.0,-5.79
2024-11-21 15:29:14,20.2,0.01,60.6,0.0,-5.79
2024-11-21 15:29:15,20.2,0.01,60.6,0.0,-5.79
2024-11-21 15:29:15,20.2,0.01,60.6,0.0,-5.79
2024-11-21 15:29:17,20.1,0.87,60.6,0.0,-5.79
2024-11-21 15:29:17,20.1,0.87,60.6,0.0,-5.79
2024-11-21 15:29:18,20.2,0.69,60.6,0.0,-5.79
2024-11-21 15:29:19,20.2,0.69,60.6,0.0,-5.79
2024-11-21 15:29:20,20.1,0.01,60.6,0.0,-5.79
2024-11-21 15:29:21,20.1,0.01,60.6,0.0,-5.79
2024-11-21 15:29:22,20.2,0.01,60.6,0.0,-5.79
2024-11-21 15:29:23,20.2,0.01,60.6,0.0,-5.79
2024-11-21 15:29:24,20.2,0.01,60.6,0.0,-5.79
2024-11-21 15:29:25,20.2,0.01,60.6,0.0,-5.79
2024-11-21 15:29:26,20.2,0.01,60.6,0.0,-5.79
2024-11-21 15:29:27,20.2,0.01,60.6,0.0,-5.79
2024-11-21 15:29:28,20.2,0.01,60.6,0.0,-5.79
2024-11-21 15:29:29,20.2,0.01,60.6,0.0,-5.79
2024-11-21 15:29:30,20.1,0.18,60.6,0.0,-5.79
2024-11-21 15:29:31,20.1,0.18,60.6,0.0,-5.79
2024-11-21 15:29:32,20.1,0.01,60.7,0.0,-5.79
2024-11-21 15:29:33,20.1,0.01,60.7,0.0,-5.79
2024-11-21 15:29:35,20.1,0.15,60.7,0.0,-5.79
2024-11-21 15:29:36,20.1,0.15,60.7,0.0,-5.79
2024-11-21 15:29:36,20.1,0.02,60.7,0.0,-5.79
2024-11-21 15:29:38,20.1,0.02,60.7,0.0,-5.79
2024-11-21 15:29:39,20.2,0.01,60.7,0.0,-5.79
2024-11-21 15:29:40,20.2,0.01,60.7,0.0,-5.79
2024-11-21 15:29:41,20.1,0.01,60.7,0.0,-5.79
2024-11-21 15:29:41,20.1,0.01,60.7,0.0,-5.79
2024-11-21 15:29:43,20.1,0.1,60.7,0.0,-5.79
2024-11-21 15:29:44,20.1,0.1,60.7,0.0,-5.79
2024-11-21 15:29:44,20.1,0.02,60.7,0.0,-5.79
2024-11-21 15:29:45,20.1,0.02,60.7,0.0,-5.79
2024-11-21 15:29:46,20.1,0.01,60.7,0.0,-5.79
2024-11-21 15:29:47,20.1,0.01,60.7,0.0,-5.79
2024-11-21 15:29:48,20.2,0.02,60.7,0.0,-5.79
2024-11-21 15:29:49,20.2,0.02,60.7,0.0,-5.79
2024-11-21 15:29:50,20.1,0.15,60.7,0.0,-5.79
2024-11-21 15:29:51,20.1,0.15,60.7,0.0,-5.79
2024-11-21 15:29:52,20.1,0.01,60.7,0.0,-5.79
2024-11-21 15:29:53,20.1,0.01,60.7,0.0,-5.79
2024-11-21 15:29:54,20.1,0.01,60.7,0.0,-5.79
2024-11-21 15:29:55,20.1,0.01,60.7,0.0,-5.79
2024-11-21 15:29:56,20.1,0.01,60.7,0.0,-5.79
2024-11-21 15:29:57,20.1,0.01,60.7,0.0,-5.79
2024-11-21 15:29:58,20.1,0.16,60.7,0.0,-5.79
2024-11-21 15:29:59,20.1,0.16,60.7,0.0,-5.79
2024-11-21 15:30:01,20.1,0.02,60.7,0.0,-5.79
2024-11-21 15:30:02,20.1,0.02,60.7,0.0,-5.79
2024-11-21 15:30:03,20.1,0.01,60.7,0.0,-5.79
2024-11-21 15:30:04,20.1,0.01,60.7,0.0,-5.79
2024-11-21 15:30:05,20.1,0.01,60.7,0.0,-5.79
2024-11-21 15:30:06,20.1,0.01,60.7,0.0,-5.79
2024-11-21 15:30:07,20.1,0.01,60.7,0.0,-5.79
2024-11-21 15:30:07,20.1,0.01,60.7,0.0,-5.79
2024-11-21 15:30:08,20.1,0.65,60.7,0.0,-5.79
2024-11-21 15:30:09,20.1,0.65,60.7,0.0,-5.79
2024-11-21 15:30:11,20.1,0.01,60.7,0.0,-5.79
2024-11-21 15:30:12,20.1,0.01,60.7,0.0,-5.79
2024-11-21 15:30:13,20.1,0.01,60.7,0.0,-5.79
2024-11-21 15:30:14,20.1,0.01,60.7,0.0,-5.79
2024-11-21 15:30:15,20.1,0.01,60.7,0.0,-5.79
2024-11-21 15:30:16,20.1,0.01,60.7,0.0,-5.79
2024-11-21 15:30:17,20.1,0.01,60.7,0.0,-5.79
2024-11-21 15:30:18,20.1,0.01,60.7,0.0,-5.79
2024-11-21 15:30:19,20.1,0.01,60.7,0.0,-5.79
2024-11-21 15:30:20,20.1,0.01,60.7,0.0,-5.79
2024-11-21 15:30:21,20.1,0.01,60.7,0.0,-5.79
2024-11-21 15:30:22,20.1,0.01,60.7,0.0,-5.79
2024-11-21 15:30:23,20.1,0.01,60.7,0.0,-5.79
2024-11-21 15:30:24,20.1,0.01,60.7,0.0,-5.79
2024-11-21 15:30:25,20.1,0.01,60.7,0.0,-5.79
2024-11-21 15:30:26,20.1,0.01,60.7,0.0,-5.79
2024-11-21 15:30:27,20.1,0.01,60.7,0.0,-5.79
2024-11-21 15:30:28,20.1,0.01,60.7,0.0,-5.79
2024-11-21 15:30:29,20.1,0.01,60.7,0.0,-5.79
2024-11-21 15:30:30,20.1,0.01,60.7,0.0,-5.79
2024-11-21 15:30:31,20.1,0.02,60.7,0.0,-5.79
2024-11-21 15:30:32,20.1,0.02,60.7,0.0,-5.79
2024-11-21 15:30:33,20.1,0.02,60.7,0.0,-5.79
2024-11-21 15:30:34,20.1,0.02,60.7,0.0,-5.79
2024-11-21 15:30:35,20.1,0.01,60.7,0.0,-5.79
2024-11-21 15:30:36,20.1,0.01,60.7,0.0,-5.79
2024-11-21 15:30:37,20.1,0.02,60.8,0.0,-5.79
2024-11-21 15:30:38,20.1,0.02,60.8,0.0,-5.79
2024-11-21 15:30:39,20.1,0.01,60.8,0.0,-5.79
2024-11-21 15:30:40,20.1,0.01,60.8,0.0,-5.79
2024-11-21 15:30:41,20.1,0.01,60.8,0.0,-5.79
2024-11-21 15:30:42,20.1,0.01,60.8,0.0,-5.79
2024-11-21 15:30:43,20.1,0.01,60.8,0.0,-5.79
2024-11-21 15:30:44,20.1,0.01,60.8,0.0,-5.79
2024-11-21 15:30:45,20.1,0.01,60.8,0.0,-5.79
2024-11-21 15:30:46,20.1,0.01,60.8,0.0,-5.79
2024-11-21 15:30:47,20.1,0.01,60.8,0.0,-5.79
2024-11-21 15:30:48,20.1,0.01,60.8,0.0,-5.79
2024-11-21 15:30:49,20.1,0.01,60.8,0.0,-5.79
2024-11-21 15:30:50,20.1,0.01,60.8,0.0,-5.79
2024-11-21 15:30:51,20.1,0.01,60.8,0.0,-5.79
2024-11-21 15:30:52,20.1,0.01,60.8,0.0,-5.79
2024-11-21 15:30:53,20.1,0.05,60.8,0.0,-5.79
2024-11-21 15:30:54,20.1,0.05,60.8,0.0,-5.79
2024-11-21 15:30:55,20.1,0.06,60.8,0.0,-5.79
2024-11-21 15:30:56,20.1,0.06,60.8,0.0,-5.79
2024-11-21 15:30:57,20.1,0.01,60.8,0.0,-5.79
2024-11-21 15:30:58,20.1,0.01,60.8,0.0,-5.79
2024-11-21 15:30:59,20.1,0.01,60.8,0.0,-5.79
2024-11-21 15:31:00,20.1,0.01,60.8,0.0,-5.79
2024-11-21 15:31:01,20.1,0.02,60.8,0.0,-5.79
2024-11-21 15:31:02,20.1,0.02,60.8,0.0,-5.79
2024-11-21 15:31:03,20.1,0.01,60.8,0.0,-5.79
2024-11-21 15:31:04,20.1,0.01,60.8,0.0,-5.79
2024-11-21 15:31:05,20.1,0.01,60.8,0.0,-5.79
2024-11-21 15:31:06,20.1,0.01,60.8,0.0,-5.79
2024-11-21 15:31:07,20.1,0.03,60.8,0.0,-5.79
2024-11-21 15:31:08,20.1,0.03,60.8,0.0,-5.79
2024-11-21 15:31:09,20.1,0.01,60.8,0.0,-5.79
2024-11-21 15:31:43,20.1,0.01,60.8,0.0,-5.79
2024-11-21 15:32:43,20.1,0.0,60.8,0.0,-5.79
2024-11-21 15:33:43,20.1,0.0,60.8,0.0,-5.79
2024-11-21 15:33:47,20.1,0.04,60.8,0.0,-5.79
2024-11-21 15:33:47,20.1,0.04,60.8,0.0,-5.79
2024-11-21 15:33:48,20.1,0.01,60.8,0.0,-5.79
2024-11-21 15:33:49,20.1,0.01,60.8,0.0,-5.79
2024-11-21 15:33:51,20.1,0.62,60.8,0.0,-5.79
2024-11-21 15:33:51,20.1,0.62,60.8,0.0,-5.79
2024-11-21 15:33:53,20.1,0.14,60.8,0.0,-5.79
2024-11-21 15:33:53,20.1,0.14,60.8,0.0,-5.79
2024-11-21 15:33:55,20.1,0.01,60.9,0.0,-5.79
2024-11-21 15:33:55,20.1,0.01,60.9,0.0,-5.79
2024-11-21 15:33:57,20.1,0.83,61.0,0.0,-5.79
2024-11-21 15:33:57,20.1,0.83,61.0,0.0,-5.79
2024-11-21 15:33:59,20.1,0.01,60.9,0.0,-5.79
2024-11-21 15:33:59,20.1,0.01,60.9,0.0,-5.79
2024-11-21 15:34:01,20.1,0.01,60.9,0.0,-5.79
2024-11-21 15:34:01,20.1,0.01,60.9,0.0,-5.79
2024-11-21 15:34:03,20.1,0.7,60.9,0.0,-5.79
2024-11-21 15:34:03,20.1,0.7,60.9,0.0,-5.79
2024-11-21 15:34:05,20.1,0.19,60.9,0.0,-5.79
2024-11-21 15:34:05,20.1,0.19,60.9,0.0,-5.79
2024-11-21 15:34:07,20.1,0.03,60.9,0.0,-5.79
2024-11-21 15:34:08,20.1,0.03,60.9,0.0,-5.79
2024-11-21 15:34:09,20.1,0.01,60.9,0.0,-5.79
2024-11-21 15:34:10,20.1,0.01,60.9,0.0,-5.79
2024-11-21 15:34:11,20.1,0.0,60.9,0.0,-5.79
2024-11-21 15:34:11,20.1,0.0,60.9,0.0,-5.79
2024-11-21 15:34:13,20.0,0.07,60.8,0.0,-5.79
2024-11-21 15:34:13,20.0,0.07,60.8,0.0,-5.79
2024-11-21 15:34:15,20.1,0.01,60.9,0.0,-5.79
2024-11-21 15:34:15,20.1,0.01,60.9,0.0,-5.79
2024-11-21 15:34:17,20.1,0.01,60.9,0.0,-5.79
2024-11-21 15:34:18,20.1,0.01,60.9,0.0,-5.79
2024-11-21 15:34:19,20.1,0.01,60.9,0.0,-5.79
2024-11-21 15:34:20,20.1,0.01,60.9,0.0,-5.79
2024-11-21 15:34:21,20.1,0.34,60.9,0.0,-5.79
2024-11-21 15:34:22,20.1,0.34,60.9,0.0,-5.79
2024-11-21 15:34:23,20.1,0.01,60.9,0.0,-5.79
2024-11-21 15:34:24,20.1,0.01,60.9,0.0,-5.79
2024-11-21 15:34:25,20.1,0.02,60.9,0.0,-5.79
2024-11-21 15:34:26,20.1,0.02,60.9,0.0,-5.79
2024-11-21 15:34:27,20.1,0.02,60.9,0.0,-5.79
2024-11-21 15:34:28,20.1,0.02,60.9,0.0,-5.79
2024-11-21 15:34:29,20.1,0.02,60.9,0.0,-5.79
2024-11-21 15:34:30,20.1,0.02,60.9,0.0,-5.79
2024-11-21 15:34:31,20.0,0.01,60.9,0.0,-5.79
2024-11-21 15:34:32,20.0,0.01,60.9,0.0,-5.79
2024-11-21 15:34:33,20.1,0.01,60.9,0.0,-5.79
2024-11-21 15:34:34,20.1,0.01,60.9,0.0,-5.79
2024-11-21 15:34:35,20.0,0.01,60.9,0.0,-5.79
2024-11-21 15:34:36,20.0,0.01,60.9,0.0,-5.79
2024-11-21 15:34:37,20.1,0.0,60.9,0.0,-5.79
2024-11-21 15:34:38,20.1,0.0,60.9,0.0,-5.79
2024-11-21 15:34:39,20.1,0.01,60.9,0.0,-5.79
2024-11-21 15:34:40,20.1,0.01,60.9,0.0,-5.79
2024-11-21 15:34:41,20.0,0.01,60.9,0.0,-5.79
2024-11-21 15:34:42,20.0,0.01,60.9,0.0,-5.79
2024-11-21 15:34:43,20.1,0.01,60.9,0.0,-5.79
2024-11-21 15:34:44,20.1,0.01,60.9,0.0,-5.79
2024-11-21 15:34:45,20.1,0.03,60.9,0.0,-5.79
2024-11-21 15:34:46,20.1,0.03,60.9,0.0,-5.79
2024-11-21 15:34:47,20.1,0.0,60.9,0.0,-5.79
2024-11-21 15:34:48,20.1,0.0,60.9,0.0,-5.79
2024-11-21 15:34:49,20.0,0.01,60.9,0.0,-5.79
2024-11-21 15:34:50,20.0,0.01,60.9,0.0,-5.79
2024-11-21 15:34:51,20.1,0.01,60.9,0.0,-5.79
2024-11-21 15:34:52,20.1,0.01,60.9,0.0,-5.79
2024-11-21 15:34:53,20.1,0.01,60.9,0.0,-5.79
2024-11-21 15:34:54,20.1,0.01,60.9,0.0,-5.79
2024-11-21 15:34:55,20.1,0.01,60.9,0.0,-5.79
2024-11-21 15:34:56,20.1,0.01,60.9,0.0,-5.79
2024-11-21 15:34:57,20.0,0.01,60.9,0.0,-5.79
2024-11-21 15:34:58,20.0,0.01,60.9,0.0,-5.79
2024-11-21 15:34:59,20.1,0.01,60.9,0.0,-5.79
2024-11-21 15:35:00,20.1,0.01,60.9,0.0,-5.79
2024-11-21 15:35:01,20.1,0.03,60.9,0.0,-5.79
2024-11-21 15:35:02,20.1,0.03,60.9,0.0,-5.79
2024-11-21 15:35:03,20.1,0.01,60.9,0.0,-5.79
2024-11-21 15:35:04,20.1,0.01,60.9,0.0,-5.79
2024-11-21 15:35:05,20.0,0.01,60.8,0.0,-5.79
2024-11-21 15:35:06,20.0,0.01,60.8,0.0,-5.79
2024-11-21 15:35:07,20.1,0.01,60.8,0.0,-5.79
2024-11-21 15:35:08,20.1,0.01,60.8,0.0,-5.79
2024-11-21 15:35:09,20.1,0.01,60.8,0.0,-5.79
2024-11-21 15:35:10,20.1,0.01,60.8,0.0,-5.79
2024-11-21 15:35:11,20.1,0.02,60.8,0.0,-5.79
2024-11-21 15:35:11,20.1,0.02,60.8,0.0,-5.79
2024-11-21 15:35:13,20.1,0.83,60.8,0.0,-5.79
2024-11-21 15:35:14,20.1,0.83,60.8,0.0,-5.79
2024-11-21 15:35:15,20.0,0.34,60.8,0.0,-5.79
2024-11-21 15:35:16,20.0,0.34,60.8,0.0,-5.79
2024-11-21 15:35:17,20.1,0.01,60.8,0.0,-5.79
2024-11-21 15:35:18,20.1,0.01,60.8,0.0,-5.79
2024-11-21 15:35:19,20.1,0.11,60.8,0.0,-5.79
2024-11-21 15:35:20,20.1,0.11,60.8,0.0,-5.79
2024-11-21 15:35:21,20.1,0.01,60.8,0.0,-5.79
2024-11-21 15:35:22,20.1,0.01,60.8,0.0,-5.79
2024-11-21 15:35:23,20.1,0.01,60.8,0.0,-5.79
2024-11-21 15:35:24,20.1,0.01,60.8,0.0,-5.79
2024-11-21 15:35:25,20.1,0.01,60.8,0.0,-5.79
2024-11-21 15:35:26,20.1,0.01,60.8,0.0,-5.79
2024-11-21 15:35:27,20.1,0.01,60.8,0.0,-5.79
2024-11-21 15:35:28,20.1,0.01,60.8,0.0,-5.79
2024-11-21 15:35:29,20.1,0.01,60.9,0.0,-5.79
2024-11-21 15:35:31,20.1,0.01,60.9,0.0,-5.79
2024-11-21 15:35:32,20.1,0.01,60.9,0.0,-5.79
2024-11-21 15:35:33,20.1,0.01,60.9,0.0,-5.79
2024-11-21 15:35:34,20.1,0.01,60.8,0.0,-5.79
2024-11-21 15:35:35,20.1,0.01,60.8,0.0,-5.79
2024-11-21 15:35:36,20.1,0.01,60.9,0.0,-5.79
2024-11-21 15:35:37,20.1,0.01,60.9,0.0,-5.79
2024-11-21 15:35:38,20.1,0.02,60.8,0.0,-5.79
2024-11-21 15:35:39,20.1,0.02,60.8,0.0,-5.79
2024-11-21 15:35:40,20.1,0.01,60.8,0.0,-5.79
2024-11-21 15:35:41,20.1,0.01,60.8,0.0,-5.79
2024-11-21 15:35:42,20.1,0.02,60.8,0.0,-5.79
2024-11-21 15:35:43,20.1,0.02,60.8,0.0,-5.79
2024-11-21 15:35:44,20.1,0.01,60.8,0.0,-5.79
2024-11-21 15:35:45,20.1,0.01,60.8,0.0,-5.79
2024-11-21 15:35:46,20.1,0.01,60.8,0.0,-5.79
2024-11-21 15:35:47,20.1,0.01,60.8,0.0,-5.79
2024-11-21 15:35:48,20.1,0.01,60.8,0.0,-5.79
2024-11-21 15:35:49,20.1,0.01,60.8,0.0,-5.79
2024-11-21 15:35:50,20.1,0.01,60.8,0.0,-5.79
2024-11-21 15:35:51,20.1,0.01,60.8,0.0,-5.79
2024-11-21 15:35:52,20.1,0.01,60.8,0.0,-5.79
2024-11-21 15:35:53,20.1,0.01,60.8,0.0,-5.79
2024-11-21 15:35:54,20.1,0.01,60.8,0.0,-5.79
2024-11-21 15:35:55,20.1,0.01,60.8,0.0,-5.79
2024-11-21 15:35:56,20.1,0.01,60.8,0.0,-5.79
2024-11-21 15:35:57,20.1,0.01,60.8,0.0,-5.79
2024-11-21 15:35:58,20.1,0.01,60.8,0.0,-5.79
2024-11-21 15:35:59,20.1,0.01,60.8,0.0,-5.79
2024-11-21 15:36:00,20.1,0.01,60.8,0.0,-5.79
2024-11-21 15:36:01,20.1,0.01,60.8,0.0,-5.79
2024-11-21 15:36:02,20.1,0.01,60.8,0.0,-5.79
2024-11-21 15:36:03,20.1,0.01,60.8,0.0,-5.79
2024-11-21 15:36:04,20.1,0.01,60.8,0.0,-5.79
2024-11-21 15:36:05,20.1,0.01,60.8,0.0,-5.79
2024-11-21 15:36:06,20.1,0.01,60.8,0.0,-5.79
2024-11-21 15:36:07,20.1,0.01,60.8,0.0,-5.79
2024-11-21 15:36:08,20.1,0.03,60.7,0.0,-5.79
2024-11-21 15:36:09,20.1,0.03,60.7,0.0,-5.79
2024-11-21 15:36:10,20.1,0.02,60.8,0.0,-5.79
2024-11-21 15:36:11,20.1,0.02,60.8,0.0,-5.79
2024-11-21 15:36:12,20.1,0.02,60.8,0.0,-5.79
2024-11-21 15:36:13,20.1,0.02,60.8,0.0,-5.79
2024-11-21 15:36:14,20.1,0.01,60.8,0.0,-5.79
2024-11-21 15:36:15,20.1,0.01,60.8,0.0,-5.79
2024-11-21 15:36:16,20.1,0.01,60.8,0.0,-5.79
2024-11-21 15:36:17,20.1,0.01,60.8,0.0,-5.79
2024-11-21 15:36:18,20.1,0.01,60.8,0.0,-5.79
2024-11-21 15:36:19,20.1,0.01,60.8,0.0,-5.79
2024-11-21 15:36:20,20.1,0.01,60.8,0.0,-5.79
2024-11-21 15:36:21,20.1,0.02,60.8,0.0,-5.79
2024-11-21 15:36:22,20.1,0.02,60.8,0.0,-5.79
2024-11-21 15:36:23,20.1,0.02,60.8,0.0,-5.79
2024-11-21 15:36:24,20.1,0.02,60.8,0.0,-5.79
2024-11-21 15:36:25,20.1,0.01,60.8,0.0,-5.79
2024-11-21 15:36:26,20.1,0.01,60.8,0.0,-5.79
2024-11-21 15:36:27,20.1,0.02,60.8,0.0,-5.79
2024-11-21 15:36:27,20.1,0.02,60.8,0.0,-5.79
2024-11-21 15:36:28,20.0,0.03,60.7,0.0,-5.79
2024-11-21 15:36:29,20.0,0.03,60.7,0.0,-5.79
2024-11-21 15:36:38,20.1,0.06,60.7,0.0,-5.79
2024-11-21 15:36:39,20.1,0.06,60.7,0.0,-5.79
2024-11-21 15:36:40,20.1,0.02,60.8,0.0,-5.79
2024-11-21 15:36:41,20.1,0.02,60.8,0.0,-5.79
2024-11-21 15:36:42,20.1,0.01,60.8,0.0,-5.79
2024-11-21 15:36:43,20.1,0.01,60.8,0.0,-5.79
2024-11-21 15:36:44,20.1,0.01,60.8,0.0,-5.79
2024-11-21 15:36:45,20.1,0.01,60.8,0.0,-5.79
2024-11-21 15:36:46,20.1,0.57,60.8,0.0,-5.79
2024-11-21 15:36:46,20.1,0.57,60.8,0.0,-5.79
2024-11-21 15:36:47,20.1,0.71,60.8,0.0,-5.79
2024-11-21 15:36:48,20.1,0.71,60.8,0.0,-5.79
2024-11-21 15:36:49,20.1,0.01,60.8,0.0,-5.79
2024-11-21 15:36:50,20.1,0.01,60.8,0.0,-5.79
2024-11-21 15:36:51,20.1,1.16,60.8,0.0,-5.79
2024-11-21 15:36:52,20.1,1.16,60.8,0.0,-5.79
2024-11-21 15:36:53,20.1,0.01,60.8,0.0,-5.79
2024-11-21 15:36:54,20.1,0.01,60.8,0.0,-5.79
2024-11-21 15:36:55,20.1,0.01,60.8,0.0,-5.79
2024-11-21 15:36:56,20.1,0.01,60.8,0.0,-5.79
2024-11-21 15:36:57,20.1,0.01,60.8,0.0,-5.79
2024-11-21 15:36:58,20.1,0.01,60.8,0.0,-5.79
2024-11-21 15:36:59,20.1,0.01,60.8,0.0,-5.79
2024-11-21 15:37:00,20.1,0.01,60.8,0.0,-5.79
2024-11-21 15:37:01,20.1,0.01,60.8,0.0,-5.79
2024-11-21 15:37:02,20.1,0.01,60.8,0.0,-5.79
2024-11-21 15:37:03,20.1,0.01,60.8,0.0,-5.79
2024-11-21 15:37:04,20.1,0.01,60.8,0.0,-5.79
2024-11-21 15:37:05,20.1,0.01,60.8,0.0,-5.79
2024-11-21 15:37:06,20.1,0.01,60.8,0.0,-5.79
2024-11-21 15:37:07,20.1,0.01,60.8,0.0,-5.79
2024-11-21 15:37:08,20.1,0.01,60.8,0.0,-5.79
2024-11-21 15:37:09,20.1,0.01,60.9,0.0,-5.79
2024-11-21 15:37:10,20.1,0.01,60.9,0.0,-5.79
2024-11-21 15:37:11,20.1,0.01,60.8,0.0,-5.79
2024-11-21 15:37:12,20.1,0.01,60.8,0.0,-5.79
2024-11-21 15:37:13,20.1,0.01,60.8,0.0,-5.79
2024-11-21 15:37:14,20.1,0.01,60.8,0.0,-5.79
2024-11-21 15:37:15,20.1,0.01,60.8,0.0,-5.79
2024-11-21 15:37:16,20.1,0.01,60.8,0.0,-5.79
2024-11-21 15:37:17,20.1,0.01,60.9,0.0,-5.79
2024-11-21 15:37:18,20.1,0.01,60.9,0.0,-5.79
2024-11-21 15:37:19,20.1,0.32,60.8,0.0,-5.79
2024-11-21 15:37:20,20.1,0.32,60.8,0.0,-5.79
2024-11-21 15:37:21,20.1,0.02,60.8,0.0,-5.79
2024-11-21 15:37:22,20.1,0.02,60.8,0.0,-5.79
2024-11-21 15:37:23,20.1,0.01,60.8,0.0,-5.79
2024-11-21 15:37:24,20.1,0.01,60.8,0.0,-5.79
2024-11-21 15:37:25,20.1,0.01,60.8,0.0,-5.79
2024-11-21 15:37:26,20.1,0.01,60.8,0.0,-5.79
2024-11-21 15:37:27,20.1,0.01,60.8,0.0,-5.79
2024-11-21 15:37:28,20.1,0.01,60.8,0.0,-5.79
2024-11-21 15:37:29,20.1,0.01,60.8,0.0,-5.79
2024-11-21 15:37:30,20.1,0.01,60.8,0.0,-5.79
2024-11-21 15:37:31,20.1,0.01,60.8,0.0,-5.79
2024-11-21 15:37:32,20.1,0.01,60.8,0.0,-5.79
2024-11-21 15:37:33,20.1,0.07,60.8,0.0,-5.79
2024-11-21 15:37:34,20.1,0.07,60.8,0.0,-5.79
2024-11-21 15:37:35,20.1,0.01,60.8,0.0,-5.79
2024-11-21 15:37:36,20.1,0.01,60.8,0.0,-5.79
2024-11-21 15:37:37,20.0,0.01,60.8,0.0,-5.79
2024-11-21 15:37:38,20.0,0.01,60.8,0.0,-5.79
2024-11-21 15:37:39,20.1,0.01,60.8,0.0,-5.79
2024-11-21 15:37:40,20.1,0.01,60.8,0.0,-5.79
2024-11-21 15:37:41,20.0,0.02,60.8,0.0,-5.79
2024-11-21 15:37:42,20.0,0.02,60.8,0.0,-5.79
2024-11-21 15:37:43,20.1,0.01,60.9,0.0,-5.79
2024-11-21 15:37:44,20.1,0.01,60.9,0.0,-5.79
2024-11-21 15:37:45,20.1,0.01,60.9,0.0,-5.79
2024-11-21 15:37:46,20.1,0.01,60.9,0.0,-5.79
2024-11-21 15:37:47,20.1,0.01,60.9,0.0,-5.79
2024-11-21 15:37:48,20.0,0.01,60.9,0.0,-5.79
2024-11-21 15:37:49,20.0,0.01,60.9,0.0,-5.79
2024-11-21 15:37:50,20.1,0.02,60.9,0.0,-5.79
2024-11-21 15:37:51,20.0,0.01,60.8,0.0,-5.79
2024-11-21 15:37:52,20.0,0.01,60.8,0.0,-5.79
2024-11-21 15:37:53,20.0,0.01,60.8,0.0,-5.79
2024-11-21 15:37:54,20.0,0.01,60.8,0.0,-5.79
2024-11-21 15:37:55,20.1,0.01,60.8,0.0,-5.79
2024-11-21 15:37:56,20.1,0.01,60.8,0.0,-5.79
2024-11-21 15:37:57,20.0,0.01,60.8,0.0,-5.79
2024-11-21 15:37:58,20.0,0.01,60.8,0.0,-5.79
2024-11-21 15:37:59,20.1,0.01,60.8,0.0,-5.79
2024-11-21 15:38:00,20.1,0.01,60.8,0.0,-5.79
2024-11-21 15:38:01,20.1,0.01,60.8,0.0,-5.79
2024-11-21 15:38:02,20.1,0.01,60.8,0.0,-5.79
2024-11-21 15:38:03,20.0,0.02,60.8,0.0,-5.79
2024-11-21 15:38:04,20.0,0.02,60.8,0.0,-5.79
2024-11-21 15:38:05,20.1,0.01,60.8,0.0,-5.79
2024-11-21 15:38:06,20.1,0.01,60.8,0.0,-5.79
2024-11-21 15:38:07,20.1,0.01,60.8,0.0,-5.79
2024-11-21 15:38:08,20.1,0.01,60.8,0.0,-5.79
2024-11-21 15:38:09,20.1,0.01,60.8,0.0,-5.79
2024-11-21 15:38:10,20.1,0.01,60.8,0.0,-5.79
2024-11-21 15:38:11,20.1,0.01,60.8,0.0,-5.79
2024-11-21 15:38:12,20.1,0.01,60.8,0.0,-5.79
2024-11-21 15:38:13,20.1,0.01,60.8,0.0,-5.79
2024-11-21 15:38:14,20.0,0.01,60.8,0.0,-5.79
2024-11-21 15:38:15,20.0,0.01,60.8,0.0,-5.79
2024-11-21 15:38:16,20.0,0.01,60.8,0.0,-5.79
2024-11-21 15:38:17,20.0,0.01,60.8,0.0,-5.79
2024-11-21 15:38:18,20.1,0.01,60.8,0.0,-5.79
2024-11-21 15:38:19,20.1,0.01,60.8,0.0,-5.79
2024-11-21 15:38:20,20.1,0.01,60.8,0.0,-5.79
2024-11-21 15:38:21,20.1,0.01,60.8,0.0,-5.79
2024-11-21 15:38:22,20.1,0.01,60.8,0.0,-5.79
2024-11-21 15:38:23,20.1,0.01,60.8,0.0,-5.79
2024-11-21 15:38:24,20.1,0.01,60.8,0.0,-5.79
2024-11-21 15:38:25,20.1,0.01,60.8,0.0,-5.79
2024-11-21 15:38:26,20.1,0.01,60.8,0.0,-5.79
2024-11-21 15:38:27,20.1,0.01,60.8,0.0,-5.79
2024-11-21 15:38:28,20.1,0.01,60.8,0.0,-5.79
2024-11-21 15:38:29,20.1,0.01,60.8,0.0,-5.79
2024-11-21 15:38:30,20.1,0.01,60.8,0.0,-5.79
2024-11-21 15:38:31,20.1,0.01,60.8,0.0,-5.79
2024-11-21 15:38:32,20.0,0.01,60.8,0.0,-5.79
2024-11-21 15:38:33,20.0,0.01,60.8,0.0,-5.79
2024-11-21 15:38:34,20.1,0.01,60.8,0.0,-5.79
2024-11-21 15:38:35,20.1,0.01,60.8,0.0,-5.79
2024-11-21 15:38:36,20.1,0.01,60.8,0.0,-5.79
2024-11-21 15:38:38,20.1,0.01,60.8,0.0,-5.79
2024-11-21 15:38:39,20.1,0.13,60.8,0.0,-5.79
2024-11-21 15:38:40,20.1,0.13,60.8,0.0,-5.79
2024-11-21 15:38:41,20.1,1.35,60.8,0.0,-5.79
2024-11-21 15:38:42,20.1,1.35,60.8,0.0,-5.79
2024-11-21 15:38:43,20.1,0.1,60.8,0.0,-5.79
2024-11-21 15:38:44,20.1,0.1,60.8,0.0,-5.79
2024-11-21 15:38:45,20.1,0.01,60.8,0.0,-5.79
2024-11-21 15:38:46,20.1,0.01,60.8,0.0,-5.79
2024-11-21 15:38:47,20.1,0.09,60.8,0.0,-5.79
2024-11-21 15:38:48,20.1,0.09,60.8,0.0,-5.79
2024-11-21 15:38:48,20.1,0.01,60.8,0.0,-5.79
2024-11-21 15:38:49,20.1,0.01,60.8,0.0,-5.79
2024-11-21 15:38:50,20.1,0.01,60.8,0.0,-5.79
2024-11-21 15:38:51,20.1,0.01,60.8,0.0,-5.79
2024-11-21 15:38:52,20.1,0.01,60.8,0.0,-5.79
2024-11-21 15:38:53,20.1,0.01,60.8,0.0,-5.79
2024-11-21 15:38:54,20.1,0.18,60.8,0.0,-5.79
2024-11-21 15:38:55,20.1,0.18,60.8,0.0,-5.79
2024-11-21 15:38:56,20.1,0.01,60.8,0.0,-5.79
2024-11-21 15:38:57,20.1,0.01,60.8,0.0,-5.79
2024-11-21 15:38:58,20.1,0.45,60.8,0.0,-5.79
2024-11-21 15:38:59,20.1,0.45,60.8,0.0,-5.79
2024-11-21 15:39:01,20.1,0.01,60.8,0.0,-5.79
2024-11-21 15:39:02,20.1,0.01,60.8,0.0,-5.79
2024-11-21 15:39:03,20.1,0.01,60.8,0.0,-5.79
2024-11-21 15:39:04,20.1,0.01,60.8,0.0,-5.79
2024-11-21 15:39:06,20.1,0.01,60.8,0.0,-5.79
2024-11-21 15:39:07,20.1,0.01,60.8,0.0,-5.79
2024-11-21 15:39:08,20.1,0.01,60.8,0.0,-5.79
2024-11-21 15:39:09,20.1,0.01,60.8,0.0,-5.79
2024-11-21 15:39:10,20.1,0.01,60.8,0.0,-5.79
2024-11-21 15:39:11,20.1,0.01,60.8,0.0,-5.79
2024-11-21 15:39:12,20.0,0.01,60.8,0.0,-5.79
2024-11-21 15:39:13,20.0,0.01,60.8,0.0,-5.79
2024-11-21 15:39:14,20.0,0.01,60.8,0.0,-5.79
2024-11-21 15:39:15,20.0,0.01,60.8,0.0,-5.79
2024-11-21 15:39:16,20.0,0.01,60.8,0.0,-5.79
2024-11-21 15:39:17,20.0,0.01,60.8,0.0,-5.79
2024-11-21 15:39:18,20.1,0.01,60.8,0.0,-5.79
2024-11-21 15:39:19,20.1,0.01,60.8,0.0,-5.79
2024-11-21 15:39:20,20.0,0.01,60.8,0.0,-5.79
2024-11-21 15:39:21,20.0,0.01,60.8,0.0,-5.79
2024-11-21 15:39:22,20.1,0.01,60.8,0.0,-5.79
2024-11-21 15:39:23,20.1,0.01,60.8,0.0,-5.79
2024-11-21 15:39:24,20.1,0.01,60.8,0.0,-5.79
2024-11-21 15:39:25,20.1,0.01,60.8,0.0,-5.79
2024-11-21 15:39:26,20.1,0.01,60.8,0.0,-5.79
2024-11-21 15:39:27,20.1,0.01,60.8,0.0,-5.79
2024-11-21 15:39:28,20.1,0.01,60.8,0.0,-5.79
2024-11-21 15:39:29,20.1,0.01,60.8,0.0,-5.79
2024-11-21 15:39:30,20.0,0.01,60.8,0.0,-5.79
2024-11-21 15:39:31,20.0,0.01,60.8,0.0,-5.79
2024-11-21 15:39:32,20.0,0.01,60.8,0.0,-5.79
2024-11-21 15:39:33,20.0,0.01,60.8,0.0,-5.79
2024-11-21 15:39:34,20.1,0.01,60.8,0.0,-5.79
2024-11-21 15:39:35,20.1,0.01,60.8,0.0,-5.79
2024-11-21 15:39:36,20.0,0.01,60.8,0.0,-5.79
2024-11-21 15:39:37,20.0,0.01,60.8,0.0,-5.79
2024-11-21 15:39:37,20.0,0.01,60.8,0.0,-5.79
2024-11-21 15:39:38,20.0,0.01,60.8,0.0,-5.79
2024-11-21 15:39:39,20.0,0.01,60.8,0.0,-5.79
2024-11-21 15:39:40,20.0,0.01,60.8,0.0,-5.79
2024-11-21 15:39:41,20.0,0.01,60.8,0.0,-5.79
2024-11-21 15:39:42,20.0,0.01,60.8,0.0,-5.79
2024-11-21 15:39:43,20.1,0.01,60.9,0.0,-5.79
2024-11-21 15:39:44,20.1,0.01,60.9,0.0,-5.79
2024-11-21 15:39:45,20.0,0.01,60.8,0.0,-5.79
2024-11-21 15:39:46,20.0,0.01,60.8,0.0,-5.79
2024-11-21 15:39:47,20.0,0.01,60.8,0.0,-5.79
2024-11-21 15:39:48,20.0,0.01,60.8,0.0,-5.79
2024-11-21 15:39:49,20.0,0.01,60.8,0.0,-5.79
2024-11-21 15:39:50,20.0,0.01,60.8,0.0,-5.79
2024-11-21 15:39:51,20.1,0.01,60.9,0.0,-5.79
2024-11-21 15:39:52,20.1,0.01,60.9,0.0,-5.79
2024-11-21 15:39:53,20.0,0.01,60.9,0.0,-5.79
2024-11-21 15:39:55,20.0,0.01,60.9,0.0,-5.79
2024-11-21 15:39:56,20.0,0.01,60.9,0.0,-5.79
2024-11-21 15:39:57,20.0,0.01,60.9,0.0,-5.79
2024-11-21 15:39:58,20.0,0.62,60.9,0.0,-5.79
2024-11-21 15:39:59,20.0,0.62,60.9,0.0,-5.79
2024-11-21 15:40:00,20.0,0.01,60.9,0.0,-5.79
2024-11-21 15:40:01,20.0,0.01,60.9,0.0,-5.79
2024-11-21 15:40:02,20.0,0.01,60.9,0.0,-5.79
2024-11-21 15:40:03,20.0,0.01,60.9,0.0,-5.79
2024-11-21 15:40:04,20.0,0.01,60.9,0.0,-5.79
2024-11-21 15:40:05,20.0,0.01,60.9,0.0,-5.79
2024-11-21 15:40:06,20.1,0.01,60.9,0.0,-5.79
2024-11-21 15:40:07,20.1,0.01,60.9,0.0,-5.79
2024-11-21 15:40:08,20.0,0.01,60.9,0.0,-5.79
2024-11-21 15:40:09,20.0,0.01,60.9,0.0,-5.79
2024-11-21 15:40:10,20.0,0.0,60.9,0.0,-5.79
2024-11-21 15:40:11,20.0,0.0,60.9,0.0,-5.79
2024-11-21 15:40:12,20.0,0.02,60.9,0.0,-5.79
2024-11-21 15:40:13,20.0,0.02,60.9,0.0,-5.79
2024-11-21 15:40:13,20.0,0.01,60.9,0.0,-5.79
2024-11-21 15:40:14,20.0,0.01,60.9,0.0,-5.79
2024-11-21 15:40:15,20.0,0.01,60.9,0.0,-5.79
2024-11-21 15:40:16,20.0,0.01,60.9,0.0,-5.79
2024-11-21 15:40:17,20.0,0.01,60.9,0.0,-5.79
2024-11-21 15:40:18,20.0,0.01,60.9,0.0,-5.79
2024-11-21 15:40:19,20.0,0.01,60.9,0.0,-5.79
2024-11-21 15:40:20,20.0,0.01,60.9,0.0,-5.79
2024-11-21 15:40:22,20.0,0.02,60.9,0.0,-5.79
2024-11-21 15:40:23,20.0,0.02,60.9,0.0,-5.79
2024-11-21 15:40:24,20.0,0.01,60.9,0.0,-5.79
2024-11-21 15:40:25,20.0,0.01,60.9,0.0,-5.79
2024-11-21 15:40:26,20.0,0.01,60.9,0.0,-5.79
2024-11-21 15:40:27,20.0,0.01,60.9,0.0,-5.79
2024-11-21 15:40:28,20.0,0.01,60.9,0.0,-5.79
2024-11-21 15:40:29,20.0,0.01,60.9,0.0,-5.79
2024-11-21 15:40:30,20.0,0.01,60.9,0.0,-5.79
2024-11-21 15:40:31,20.0,0.01,60.9,0.0,-5.79
2024-11-21 15:40:32,20.0,0.01,60.9,0.0,-5.79
2024-11-21 15:40:33,20.0,0.01,60.9,0.0,-5.79
2024-11-21 15:40:35,20.0,0.62,60.9,0.0,-5.79
2024-11-21 15:40:36,20.0,0.62,60.9,0.0,-5.79
2024-11-21 15:40:37,20.0,0.01,60.9,0.0,-5.79
2024-11-21 15:40:38,20.0,0.01,60.9,0.0,-5.79
2024-11-21 15:40:39,20.0,0.01,60.9,0.0,-5.79
2024-11-21 15:40:40,20.0,0.01,60.9,0.0,-5.79
2024-11-21 15:40:41,20.0,0.01,60.9,0.0,-5.79
2024-11-21 15:40:42,20.0,0.01,60.9,0.0,-5.79
2024-11-21 15:40:43,20.0,0.01,60.9,0.0,-5.79
2024-11-21 15:40:44,20.0,0.01,60.9,0.0,-5.79
2024-11-21 15:40:45,20.0,0.01,60.9,0.0,-5.79
2024-11-21 15:40:46,20.0,0.01,60.9,0.0,-5.79
2024-11-21 15:40:47,20.0,0.01,60.9,0.0,-5.79
2024-11-21 15:40:48,20.0,0.01,60.9,0.0,-5.79
2024-11-21 15:40:49,20.0,0.01,60.9,0.0,-5.79
2024-11-21 15:40:50,20.0,0.01,60.9,0.0,-5.79
2024-11-21 15:40:51,20.0,0.01,60.9,0.0,-5.79
2024-11-21 15:40:52,20.0,0.01,60.9,0.0,-5.79
2024-11-21 15:40:53,20.0,0.01,60.9,0.0,-5.79
2024-11-21 15:40:54,20.0,0.01,60.9,0.0,-5.79
2024-11-21 15:40:55,20.0,0.01,60.9,0.0,-5.79
2024-11-21 15:40:56,20.0,0.01,60.9,0.0,-5.79
2024-11-21 15:40:57,20.0,0.01,60.9,0.0,-5.79
2024-11-21 15:40:58,20.0,0.01,60.9,0.0,-5.79
2024-11-21 15:40:59,20.0,0.01,60.9,0.0,-5.79
2024-11-21 15:41:00,20.0,0.01,60.9,0.0,-5.79
2024-11-21 15:41:01,20.0,0.01,61.0,0.0,-5.79
2024-11-21 15:41:03,20.0,0.01,61.0,0.0,-5.79
2024-11-21 15:41:04,20.0,0.01,60.9,0.0,-5.79
2024-11-21 15:41:05,20.0,0.01,60.9,0.0,-5.79
2024-11-21 15:41:06,20.1,0.01,61.0,0.0,-5.79
2024-11-21 15:41:07,20.1,0.01,61.0,0.0,-5.79
2024-11-21 15:41:08,20.0,0.01,60.9,0.0,-5.79
2024-11-21 15:41:09,20.0,0.01,60.9,0.0,-5.79
2024-11-21 15:41:10,20.0,0.01,60.9,0.0,-5.79
2024-11-21 15:41:11,20.0,0.01,60.9,0.0,-5.79
2024-11-21 15:41:12,20.0,0.01,60.9,0.0,-5.79
2024-11-21 15:41:13,20.0,0.01,60.9,0.0,-5.79
2024-11-21 15:41:14,20.0,0.01,60.9,0.0,-5.79
2024-11-21 15:41:15,20.0,0.01,60.9,0.0,-5.79
2024-11-21 15:41:16,20.0,0.01,60.9,0.0,-5.79
2024-11-21 15:41:17,20.0,0.01,60.9,0.0,-5.79
2024-11-21 15:41:18,20.0,0.01,60.9,0.0,-5.79
2024-11-21 15:41:19,20.0,0.01,60.9,0.0,-5.79
2024-11-21 15:41:20,20.0,0.01,61.0,0.0,-5.79
2024-11-21 15:41:39,20.0,0.01,61.0,0.0,-5.79
2024-11-21 15:41:40,20.0,0.07,60.9,0.0,-5.79
2024-11-21 15:41:41,20.0,0.07,60.9,0.0,-5.79
2024-11-21 15:41:42,20.0,0.01,60.9,0.0,-5.79
2024-11-21 15:41:43,20.0,0.01,60.9,0.0,-5.79
2024-11-21 15:41:44,20.0,0.01,60.9,0.0,-5.79
2024-11-21 15:41:45,20.0,0.01,60.9,0.0,-5.79
2024-11-21 15:41:46,20.0,0.01,60.9,0.0,-5.79
2024-11-21 15:41:47,20.0,0.01,60.9,0.0,-5.79
2024-11-21 15:41:48,20.0,0.01,60.9,0.0,-5.79
2024-11-21 15:41:49,20.0,0.01,60.9,0.0,-5.79
2024-11-21 15:41:50,20.0,0.01,60.9,0.0,-5.79
2024-11-21 15:41:51,20.0,0.01,60.9,0.0,-5.79
2024-11-21 15:41:52,20.0,0.01,61.0,0.0,-5.79
2024-11-21 15:41:53,20.0,0.01,61.0,0.0,-5.79
2024-11-21 15:41:55,20.0,0.12,60.9,0.0,-5.79
2024-11-21 15:41:56,20.0,0.12,60.9,0.0,-5.79
2024-11-21 15:41:56,20.0,0.04,61.0,0.0,-5.79
2024-11-21 15:41:57,20.0,0.04,61.0,0.0,-5.79
2024-11-21 15:41:59,20.0,0.53,61.0,0.0,-5.79
2024-11-21 15:41:59,20.0,0.53,61.0,0.0,-5.79
2024-11-21 15:42:01,20.0,0.81,61.0,0.0,-5.79
2024-11-21 15:42:01,20.0,0.81,61.0,0.0,-5.79
2024-11-21 15:42:03,20.0,0.01,61.0,0.0,-5.79
2024-11-21 15:42:03,20.0,0.01,61.0,0.0,-5.79
2024-11-21 15:42:05,20.0,0.01,61.0,0.0,-5.79
2024-11-21 15:42:05,20.0,0.01,61.0,0.0,-5.79
2024-11-21 15:42:07,20.0,0.01,61.0,0.0,-5.79
2024-11-21 15:42:07,20.0,0.01,61.0,0.0,-5.79
2024-11-21 15:42:09,20.0,0.01,60.9,0.0,-5.79
2024-11-21 15:42:09,20.0,0.01,60.9,0.0,-5.79
2024-11-21 15:42:11,20.0,0.01,60.9,0.0,-5.79
2024-11-21 15:42:11,20.0,0.01,60.9,0.0,-5.79
2024-11-21 15:42:13,20.0,0.01,61.0,0.0,-5.79
2024-11-21 15:42:13,20.0,0.01,61.0,0.0,-5.79
2024-11-21 15:42:15,20.0,0.0,60.9,0.0,-5.79
2024-11-21 15:42:15,20.0,0.0,60.9,0.0,-5.79
2024-11-21 15:42:17,20.0,0.01,61.0,0.0,-5.79
2024-11-21 15:42:17,20.0,0.01,61.0,0.0,-5.79
2024-11-21 15:42:19,20.0,0.01,60.9,0.0,-5.79
2024-11-21 15:42:19,20.0,0.01,60.9,0.0,-5.79
2024-11-21 15:42:21,20.0,0.01,60.9,0.0,-5.79
2024-11-21 15:42:21,20.0,0.01,60.9,0.0,-5.79
2024-11-21 15:42:23,20.0,0.01,60.9,0.0,-5.79
2024-11-21 15:42:23,20.0,0.01,60.9,0.0,-5.79
2024-11-21 15:42:25,20.0,0.01,60.9,0.0,-5.79
2024-11-21 15:42:25,20.0,0.01,60.9,0.0,-5.79
2024-11-21 15:42:27,20.0,0.01,60.9,0.0,-5.79
2024-11-21 15:42:27,20.0,0.01,60.9,0.0,-5.79
2024-11-21 15:42:29,20.0,0.01,60.9,0.0,-5.79
2024-11-21 15:42:29,20.0,0.01,60.9,0.0,-5.79
2024-11-21 15:42:31,20.0,0.08,60.9,0.0,-5.79
2024-11-21 15:42:31,20.0,0.08,60.9,0.0,-5.79
2024-11-21 15:42:33,20.0,0.02,60.9,0.0,-5.79
2024-11-21 15:42:33,20.0,0.02,60.9,0.0,-5.79
2024-11-21 15:42:35,20.0,0.02,60.9,0.0,-5.79
2024-11-21 15:42:35,20.0,0.02,60.9,0.0,-5.79
2024-11-21 15:42:37,20.0,0.04,60.9,0.0,-5.79
2024-11-21 15:42:37,20.0,0.04,60.9,0.0,-5.79
2024-11-21 15:42:39,20.0,0.12,60.9,0.0,-5.79
2024-11-21 15:42:39,20.0,0.12,60.9,0.0,-5.79
2024-11-21 15:42:41,20.0,0.01,60.9,0.0,-5.79
2024-11-21 15:42:41,20.0,0.01,60.9,0.0,-5.79
2024-11-21 15:42:43,20.0,0.01,60.9,0.0,-5.79
2024-11-21 15:42:43,20.0,0.01,60.9,0.0,-5.79
2024-11-21 15:42:45,20.0,0.01,61.2,0.0,-5.79
2024-11-21 15:42:45,20.0,0.01,61.2,0.0,-5.79
2024-11-21 15:42:47,20.0,0.01,61.3,0.0,-5.79
2024-11-21 15:42:47,20.0,0.01,61.3,0.0,-5.79
2024-11-21 15:42:49,20.0,0.01,61.2,0.0,-5.79
2024-11-21 15:42:50,20.0,0.01,61.2,0.0,-5.79
2024-11-21 15:42:51,20.0,0.03,61.1,0.0,-5.79
2024-11-21 15:42:52,20.0,0.03,61.1,0.0,-5.79
2024-11-21 15:42:53,20.0,0.36,61.1,0.0,-5.79
2024-11-21 15:42:54,20.0,0.36,61.1,0.0,-5.79
2024-11-21 15:42:55,20.0,1.23,61.0,0.0,-5.79
2024-11-21 15:42:56,20.0,1.23,61.0,0.0,-5.79
2024-11-21 15:42:57,20.0,1.01,61.0,0.0,-5.79
2024-11-21 15:42:58,20.0,1.01,61.0,0.0,-5.79
2024-11-21 15:42:59,20.0,0.11,61.2,0.0,-5.79
2024-11-21 15:43:00,20.0,0.11,61.2,0.0,-5.79
2024-11-21 15:43:01,20.0,0.01,61.3,0.0,-5.79
2024-11-21 15:43:02,20.0,0.01,61.3,0.0,-5.79
2024-11-21 15:43:03,20.0,0.01,61.3,0.0,-5.79
2024-11-21 15:43:04,20.0,0.01,61.3,0.0,-5.79
2024-11-21 15:43:05,20.0,0.01,61.2,0.0,-5.79
2024-11-21 15:43:06,20.0,0.01,61.2,0.0,-5.79
2024-11-21 15:43:07,20.0,0.01,61.1,0.0,-5.79
2024-11-21 15:43:08,20.0,0.01,61.1,0.0,-5.79
2024-11-21 15:43:09,20.0,0.01,61.1,0.0,-5.79
2024-11-21 15:43:10,20.0,0.01,61.1,0.0,-5.79
2024-11-21 15:43:11,20.0,0.01,61.1,0.0,-5.79
2024-11-21 15:43:12,20.0,0.01,61.1,0.0,-5.79
2024-11-21 15:43:13,20.0,0.01,61.1,0.0,-5.79
2024-11-21 15:43:14,20.0,0.01,61.1,0.0,-5.79
2024-11-21 15:43:15,20.0,0.01,61.0,0.0,-5.79
2024-11-21 15:43:15,20.0,0.01,61.0,0.0,-5.79
2024-11-21 15:43:17,20.1,0.69,61.0,0.0,-5.79
2024-11-21 15:43:17,20.1,0.69,61.0,0.0,-5.79
2024-11-21 15:43:19,20.0,0.66,61.0,0.0,-5.79
2024-11-21 15:43:19,20.0,0.66,61.0,0.0,-5.79
2024-11-21 15:43:21,20.0,0.01,61.0,0.0,-5.79
2024-11-21 15:43:21,20.0,0.01,61.0,0.0,-5.79
2024-11-21 15:43:23,20.0,0.02,60.9,0.0,-5.79
2024-11-21 15:43:23,20.0,0.02,60.9,0.0,-5.79
2024-11-21 15:43:25,20.0,0.15,60.9,0.0,-5.79
2024-11-21 15:43:25,20.0,0.15,60.9,0.0,-5.79
2024-11-21 15:43:27,20.0,0.01,60.9,0.0,-5.79
2024-11-21 15:43:27,20.0,0.01,60.9,0.0,-5.79
2024-11-21 15:43:29,20.0,0.01,60.9,0.0,-5.79
2024-11-21 15:43:29,20.0,0.01,60.9,0.0,-5.79
2024-11-21 15:43:31,20.0,0.01,60.9,0.0,-5.79
2024-11-21 15:43:31,20.0,0.01,60.9,0.0,-5.79
2024-11-21 15:43:33,20.1,0.01,60.9,0.0,-5.79
2024-11-21 15:43:33,20.1,0.01,60.9,0.0,-5.79
2024-11-21 15:43:35,20.0,0.26,60.9,0.0,-5.79
2024-11-21 15:43:35,20.0,0.26,60.9,0.0,-5.79
2024-11-21 15:43:37,20.0,0.26,60.9,0.0,-5.79
2024-11-21 15:43:37,20.0,0.26,60.9,0.0,-5.79
2024-11-21 15:43:39,20.0,0.01,60.9,0.0,-5.79
2024-11-21 15:43:39,20.0,0.01,60.9,0.0,-5.79
2024-11-21 15:43:41,20.1,0.01,60.9,0.0,-5.79
2024-11-21 15:43:41,20.1,0.01,60.9,0.0,-5.79
2024-11-21 15:43:43,20.1,0.01,60.9,0.0,-5.79
2024-11-21 15:43:43,20.1,0.01,60.9,0.0,-5.79
2024-11-21 15:43:45,20.1,0.02,60.9,0.0,-5.79
2024-11-21 15:43:45,20.1,0.02,60.9,0.0,-5.79
2024-11-21 15:43:47,20.0,0.17,60.9,0.0,-5.79
2024-11-21 15:43:47,20.0,0.17,60.9,0.0,-5.79
2024-11-21 15:43:49,20.0,0.01,60.9,0.0,-5.79
2024-11-21 15:43:49,20.0,0.01,60.9,0.0,-5.79
2024-11-21 15:43:51,20.1,0.24,60.9,0.0,-5.79
2024-11-21 15:43:51,20.1,0.24,60.9,0.0,-5.79
2024-11-21 15:43:53,20.0,0.01,60.9,0.0,-5.79
2024-11-21 15:43:53,20.0,0.01,60.9,0.0,-5.79
2024-11-21 15:43:55,20.1,0.01,61.0,0.0,-5.79
2024-11-21 15:43:55,20.1,0.01,61.0,0.0,-5.79
2024-11-21 15:43:57,20.1,0.01,61.0,0.0,-5.79
2024-11-21 15:43:57,20.1,0.01,61.0,0.0,-5.79
2024-11-21 15:43:59,20.1,0.01,61.0,0.0,-5.79
2024-11-21 15:43:59,20.1,0.01,61.0,0.0,-5.79
2024-11-21 15:44:01,20.1,0.01,60.9,0.0,-5.79
2024-11-21 15:44:01,20.1,0.01,60.9,0.0,-5.79
2024-11-21 15:44:03,20.1,0.14,60.9,0.0,-5.79
2024-11-21 15:44:03,20.1,0.14,60.9,0.0,-5.79
2024-11-21 15:44:05,20.1,0.02,60.9,0.0,-5.79
2024-11-21 15:44:06,20.1,0.02,60.9,0.0,-5.79
2024-11-21 15:44:07,20.1,0.01,61.0,0.0,-5.79
2024-11-21 15:44:08,20.1,0.01,61.0,0.0,-5.79
2024-11-21 15:44:09,20.1,0.01,61.4,0.0,-5.79
2024-11-21 15:44:10,20.1,0.01,61.4,0.0,-5.79
2024-11-21 15:44:11,20.1,0.01,61.4,0.0,-5.79
2024-11-21 15:44:12,20.1,0.01,61.4,0.0,-5.79
2024-11-21 15:44:13,20.1,0.01,61.4,0.0,-5.79
2024-11-21 15:44:14,20.1,0.01,61.4,0.0,-5.79
2024-11-21 15:44:15,20.1,0.01,61.3,0.0,-5.79
2024-11-21 15:44:16,20.1,0.01,61.3,0.0,-5.79
2024-11-21 15:44:17,20.1,0.01,61.1,0.0,-5.79
2024-11-21 15:44:18,20.1,0.01,61.1,0.0,-5.79
2024-11-21 15:44:19,20.1,0.01,61.1,0.0,-5.79
2024-11-21 15:44:20,20.1,0.01,61.1,0.0,-5.79
2024-11-21 15:44:21,20.1,0.01,61.0,0.0,-5.79
2024-11-21 15:44:22,20.1,0.01,61.0,0.0,-5.79
2024-11-21 15:44:23,20.1,0.01,61.0,0.0,-5.79
2024-11-21 15:44:24,20.1,0.01,61.0,0.0,-5.79
2024-11-21 15:44:25,20.1,0.02,60.9,0.0,-5.79
2024-11-21 15:44:26,20.1,0.02,60.9,0.0,-5.79
2024-11-21 15:44:27,20.1,0.01,60.9,0.0,-5.79
2024-11-21 15:44:28,20.1,0.01,60.9,0.0,-5.79
2024-11-21 15:44:29,20.1,0.01,60.8,0.0,-5.79
2024-11-21 15:44:30,20.1,0.01,60.8,0.0,-5.79
2024-11-21 15:44:31,20.1,0.01,60.8,0.0,-5.79
2024-11-21 15:44:32,20.1,0.01,60.8,0.0,-5.79
2024-11-21 15:44:33,20.1,0.01,60.8,0.0,-5.79
2024-11-21 15:44:34,20.1,0.01,60.8,0.0,-5.79
2024-11-21 15:44:35,20.1,0.01,60.7,0.0,-5.79
2024-11-21 15:44:36,20.1,0.01,60.7,0.0,-5.79
2024-11-21 15:44:37,20.1,0.01,60.7,0.0,-5.79
2024-11-21 15:44:38,20.1,0.01,60.7,0.0,-5.79
2024-11-21 15:44:39,20.1,0.01,60.7,0.0,-5.79
2024-11-21 15:44:40,20.1,0.01,60.7,0.0,-5.79
2024-11-21 15:44:41,20.1,0.01,60.7,0.0,-5.79
2024-11-21 15:44:42,20.1,0.01,60.7,0.0,-5.79
2024-11-21 15:44:43,20.1,0.01,60.7,0.0,-5.79
2024-11-21 15:44:44,20.1,0.01,60.7,0.0,-5.79
2024-11-21 15:44:45,20.1,0.57,60.7,0.0,-5.79
2024-11-21 15:44:46,20.1,0.57,60.7,0.0,-5.79
2024-11-21 15:44:47,20.1,0.63,60.7,0.0,-5.79
2024-11-21 15:44:48,20.1,0.63,60.7,0.0,-5.79
2024-11-21 15:44:49,20.1,0.01,60.7,0.0,-5.79
2024-11-21 15:44:50,20.1,0.01,60.7,0.0,-5.79
2024-11-21 15:44:51,20.1,0.01,60.7,0.0,-5.79
2024-11-21 15:44:52,20.1,0.01,60.7,0.0,-5.79
2024-11-21 15:44:53,20.1,0.01,60.7,0.0,-5.79
2024-11-21 15:44:54,20.1,0.01,60.7,0.0,-5.79
2024-11-21 15:44:55,20.1,0.58,60.8,0.0,-5.79
2024-11-21 15:44:56,20.1,0.58,60.8,0.0,-5.79
2024-11-21 15:44:57,20.1,0.02,60.8,0.0,-5.79
2024-11-21 15:44:58,20.1,0.02,60.8,0.0,-5.79
2024-11-21 15:44:59,20.2,0.01,60.8,0.0,-5.79
2024-11-21 15:45:00,20.2,0.01,60.8,0.0,-5.79
2024-11-21 15:45:01,20.1,0.02,60.8,0.0,-5.79
2024-11-21 15:45:02,20.1,0.02,60.8,0.0,-5.79
2024-11-21 15:45:03,20.1,0.15,60.8,0.0,-5.79
2024-11-21 15:45:04,20.1,0.15,60.8,0.0,-5.79
2024-11-21 15:45:05,20.1,0.46,60.7,0.0,-5.79
2024-11-21 15:45:06,20.1,0.46,60.7,0.0,-5.79
2024-11-21 15:45:07,20.1,0.01,60.7,0.0,-5.79
2024-11-21 15:45:08,20.1,0.01,60.7,0.0,-5.79
2024-11-21 15:45:09,20.1,0.01,60.7,0.0,-5.79
2024-11-21 15:45:10,20.1,0.01,60.7,0.0,-5.79
2024-11-21 15:45:11,20.1,0.01,60.7,0.0,-5.79
2024-11-21 15:45:12,20.1,0.01,60.7,0.0,-5.79
2024-11-21 15:45:13,20.1,0.01,60.7,0.0,-5.79
2024-11-21 15:45:14,20.1,0.01,60.7,0.0,-5.79
2024-11-21 15:45:15,20.1,0.01,60.7,0.0,-5.79
2024-11-21 15:45:16,20.1,0.01,60.7,0.0,-5.79
2024-11-21 15:45:17,20.2,0.03,60.9,0.0,-5.79
2024-11-21 15:45:18,20.2,0.03,60.9,0.0,-5.79
2024-11-21 15:45:19,20.1,0.01,62.0,0.0,-5.79
2024-11-21 15:45:20,20.1,0.01,62.0,0.0,-5.79
2024-11-21 15:45:21,20.1,0.01,62.3,0.0,-5.79
2024-11-21 15:45:22,20.1,0.01,62.3,0.0,-5.79
2024-11-21 15:45:23,20.2,0.0,62.5,0.0,-5.79
2024-11-21 15:45:24,20.2,0.0,62.5,0.0,-5.79
2024-11-21 15:45:25,20.2,0.01,62.3,0.0,-5.79
2024-11-21 15:45:26,20.2,0.01,62.3,0.0,-5.79
2024-11-21 15:45:43,20.2,0.01,62.0,0.0,-5.79
2024-11-21 15:46:43,20.2,0.01,62.0,0.0,-5.79
2024-11-21 15:47:43,20.2,0.01,61.6,0.0,-5.79
2024-11-21 15:48:43,20.2,0.01,61.6,0.0,-5.79
2024-11-21 15:49:03,20.2,0.02,61.4,0.0,-5.79
2024-11-21 15:49:03,20.2,0.02,61.4,0.0,-5.79
2024-11-21 15:49:06,20.2,0.28,61.2,0.0,-5.79
2024-11-21 15:49:07,20.2,0.28,61.2,0.0,-5.79
2024-11-21 15:49:08,20.2,0.98,61.0,0.0,-5.79
2024-11-21 15:49:09,20.2,0.98,61.0,0.0,-5.79
2024-11-21 15:49:10,20.2,0.01,60.9,0.0,-5.79
2024-11-21 15:49:11,20.2,0.01,60.9,0.0,-5.79
2024-11-21 15:49:12,20.2,0.01,60.8,0.0,-5.79
2024-11-21 15:49:13,20.2,0.01,60.8,0.0,-5.79
2024-11-21 15:49:14,20.2,0.01,60.7,0.0,-5.79
2024-11-21 15:49:15,20.2,0.01,60.7,0.0,-5.79
2024-11-21 15:49:16,20.2,0.01,60.7,0.0,-5.79
2024-11-21 15:49:17,20.2,0.01,60.7,0.0,-5.79
2024-11-21 15:49:18,20.2,0.68,60.6,0.0,-5.79
2024-11-21 15:49:19,20.2,0.68,60.6,0.0,-5.79
2024-11-21 15:49:20,20.2,0.01,60.6,0.0,-5.79
2024-11-21 15:49:20,20.2,0.01,60.6,0.0,-5.79
2024-11-21 15:49:21,20.2,1.84,60.6,0.0,-5.79
2024-11-21 15:49:22,20.2,1.84,60.6,0.0,-5.79
2024-11-21 15:49:23,20.2,0.68,60.6,0.0,-5.79
2024-11-21 15:49:25,20.2,0.68,60.6,0.0,-5.79
2024-11-21 15:49:25,20.2,0.02,60.6,0.0,-5.79
2024-11-21 15:49:26,20.2,0.02,60.6,0.0,-5.79
2024-11-21 15:49:27,20.2,0.07,60.6,0.0,-5.79
2024-11-21 15:49:28,20.2,0.07,60.6,0.0,-5.79
2024-11-21 15:49:29,20.2,0.01,60.6,0.0,-5.79
2024-11-21 15:49:31,20.2,0.01,60.6,0.0,-5.79
2024-11-21 15:49:33,20.2,0.01,60.6,0.0,-5.79
2024-11-21 15:49:35,20.2,0.01,60.6,0.0,-5.79
2024-11-21 15:49:37,20.2,0.01,60.5,0.0,-5.79
2024-11-21 15:49:39,20.2,0.01,60.5,0.0,-5.79
2024-11-21 15:49:41,20.2,0.01,60.5,0.0,-5.79
2024-11-21 15:49:43,20.2,0.01,60.5,0.0,-5.79
2024-11-21 15:49:45,20.2,0.01,60.5,0.0,-5.79
2024-11-21 15:49:47,20.2,0.01,60.5,0.0,-5.79
2024-11-21 15:49:49,20.2,0.01,60.6,0.0,-5.79
2024-11-21 15:49:51,20.2,0.01,60.6,0.0,-5.79
2024-11-21 15:49:53,20.2,0.01,60.6,0.0,-5.79
2024-11-21 15:49:55,20.2,0.01,60.6,0.0,-5.79
2024-11-21 15:49:57,20.2,0.01,60.6,0.0,-5.79
2024-11-21 15:49:59,20.2,0.01,60.6,0.0,-5.79
2024-11-21 15:50:01,20.2,0.01,60.6,0.0,-5.79
2024-11-21 15:50:03,20.2,0.01,60.6,0.0,-5.79
2024-11-21 15:50:05,20.2,0.01,60.6,0.0,-5.79
2024-11-21 15:50:07,20.2,0.01,60.6,0.0,-5.79
2024-11-21 15:50:09,20.2,0.01,60.5,0.0,-5.79
2024-11-21 15:50:11,20.2,0.01,60.5,0.0,-5.79
2024-11-21 15:50:13,20.2,0.0,60.6,0.0,-5.79
2024-11-21 15:50:15,20.2,0.0,60.6,0.0,-5.79
2024-11-21 15:50:17,20.2,0.01,60.6,0.0,-5.79
2024-11-21 15:50:19,20.2,0.01,60.6,0.0,-5.79
2024-11-21 15:50:21,20.2,0.01,60.6,0.0,-5.79
2024-11-21 15:50:23,20.2,0.01,60.6,0.0,-5.79
2024-11-21 15:50:24,20.2,0.01,60.5,0.0,-5.79
2024-11-21 15:50:25,20.2,0.01,60.5,0.0,-5.79
2024-11-21 15:50:26,20.2,0.01,60.6,0.0,-5.79
2024-11-21 15:50:27,20.2,0.01,60.6,0.0,-5.79
2024-11-21 15:50:28,20.2,0.6,60.6,0.0,-5.79
2024-11-21 15:50:29,20.2,0.6,60.6,0.0,-5.79
2024-11-21 15:50:30,20.2,0.07,60.6,0.0,-5.79
2024-11-21 15:50:31,20.2,0.07,60.6,0.0,-5.79
2024-11-21 15:50:32,20.2,0.01,60.6,0.0,-5.79
2024-11-21 15:50:34,20.2,0.01,60.6,0.0,-5.79
2024-11-21 15:50:36,20.2,0.02,60.6,0.0,-5.79
2024-11-21 15:50:38,20.2,0.02,60.6,0.0,-5.79
2024-11-21 15:50:40,20.2,0.01,60.6,0.0,-5.79
2024-11-21 15:50:42,20.2,0.01,60.6,0.0,-5.79
2024-11-21 15:50:44,20.2,0.01,60.6,0.0,-5.79
2024-11-21 15:50:46,20.2,0.01,60.6,0.0,-5.79
2024-11-21 15:50:48,20.2,0.01,60.6,0.0,-5.79
2024-11-21 15:50:49,20.2,0.01,60.6,0.0,-5.79
2024-11-21 15:50:50,20.2,0.22,60.6,0.0,-5.79
2024-11-21 15:50:52,20.2,0.22,60.6,0.0,-5.79
2024-11-21 15:50:54,20.2,0.01,60.6,0.0,-5.79
2024-11-21 15:50:56,20.2,0.01,60.6,0.0,-5.79
2024-11-21 15:50:58,20.2,0.01,60.6,0.0,-5.79
2024-11-21 15:51:00,20.2,0.01,60.5,0.0,-5.79
2024-11-21 15:51:01,20.2,0.01,60.5,0.0,-5.79
2024-11-21 15:51:02,20.2,0.01,60.5,0.0,-5.79
2024-11-21 15:51:03,20.2,0.01,60.5,0.0,-5.79
2024-11-21 15:51:04,20.2,0.01,60.5,0.0,-5.79
2024-11-21 15:51:05,20.2,0.01,60.5,0.0,-5.79
2024-11-21 15:51:06,20.2,0.05,60.5,0.0,-5.79
2024-11-21 15:51:07,20.2,0.05,60.5,0.0,-5.79
2024-11-21 15:51:08,20.2,0.01,60.5,0.0,-5.79
2024-11-21 15:51:09,20.2,0.01,60.5,0.0,-5.79
2024-11-21 15:51:10,20.2,0.01,60.5,0.0,-5.79
2024-11-21 15:51:11,20.2,0.01,60.5,0.0,-5.79
2024-11-21 15:51:12,20.2,0.01,60.5,0.0,-5.79
2024-11-21 15:51:13,20.2,0.01,60.5,0.0,-5.79
2024-11-21 15:51:14,20.2,0.01,60.5,0.0,-5.79
2024-11-21 15:51:15,20.2,0.01,60.5,0.0,-5.79
2024-11-21 15:51:16,20.2,0.01,60.5,0.0,-5.79
2024-11-21 15:51:17,20.2,0.01,60.5,0.0,-5.79
2024-11-21 15:51:18,20.2,0.31,60.5,0.0,-5.79
2024-11-21 15:51:19,20.2,0.31,60.5,0.0,-5.79
2024-11-21 15:51:20,20.2,0.01,60.5,0.0,-5.79
2024-11-21 15:51:22,20.2,0.01,60.5,0.0,-5.79
2024-11-21 15:51:24,20.2,0.0,60.5,0.0,-5.79
2024-11-21 15:51:24,20.2,0.0,60.5,0.0,-5.79
2024-11-21 15:51:25,20.2,0.01,60.5,0.0,-5.79
2024-11-21 15:51:26,20.2,0.01,60.5,0.0,-5.79
2024-11-21 15:51:27,20.2,0.26,60.4,0.0,-5.79
2024-11-21 15:51:28,20.2,0.26,60.4,0.0,-5.79
2024-11-21 15:51:29,20.2,0.01,60.4,0.0,-5.79
2024-11-21 15:51:30,20.2,0.01,60.4,0.0,-5.79
2024-11-21 15:51:31,20.2,0.01,60.4,0.0,-5.79
2024-11-21 15:51:32,20.2,0.01,60.4,0.0,-5.79
2024-11-21 15:51:33,20.2,0.01,60.5,0.0,-5.79
2024-11-21 15:51:34,20.2,0.01,60.5,0.0,-5.79
2024-11-21 15:51:35,20.2,0.01,60.5,0.0,-5.79
2024-11-21 15:51:36,20.2,0.01,60.5,0.0,-5.79
2024-11-21 15:51:37,20.2,0.01,60.4,0.0,-5.79
2024-11-21 15:51:38,20.2,0.01,60.4,0.0,-5.79
2024-11-21 15:51:39,20.2,0.01,60.5,0.0,-5.79
2024-11-21 15:51:40,20.2,0.01,60.5,0.0,-5.79
2024-11-21 15:51:41,20.2,0.01,60.4,0.0,-5.79
2024-11-21 15:51:42,20.2,0.01,60.4,0.0,-5.79
2024-11-21 15:51:43,20.2,0.01,60.5,0.0,-5.79
2024-11-21 15:51:44,20.2,0.01,60.5,0.0,-5.79
2024-11-21 15:51:45,20.2,0.01,60.4,0.0,-5.79
2024-11-21 15:51:46,20.2,0.01,60.4,0.0,-5.79
2024-11-21 15:51:47,20.2,0.01,60.4,0.0,-5.79
2024-11-21 15:51:48,20.2,0.01,60.4,0.0,-5.79
2024-11-21 15:51:49,20.2,0.01,60.4,0.0,-5.79
2024-11-21 15:51:50,20.2,0.01,60.4,0.0,-5.79
2024-11-21 15:51:51,20.2,0.01,60.4,0.0,-5.79
2024-11-21 15:51:52,20.2,0.01,60.4,0.0,-5.79
2024-11-21 15:51:53,20.2,0.01,60.5,0.0,-5.79
2024-11-21 15:51:54,20.2,0.01,60.5,0.0,-5.79
2024-11-21 15:51:56,20.2,0.01,60.5,0.0,-5.79
2024-11-21 15:51:58,20.2,0.01,60.5,0.0,-5.79
2024-11-21 15:52:00,20.2,0.01,60.5,0.0,-5.79
2024-11-21 15:52:02,20.2,0.01,60.5,0.0,-5.79
2024-11-21 15:52:04,20.2,0.3,60.5,0.0,-5.79
2024-11-21 15:52:06,20.2,0.3,60.5,0.0,-5.79
2024-11-21 15:52:08,20.2,0.01,60.5,0.0,-5.79
2024-11-21 15:52:08,20.2,0.01,60.5,0.0,-5.79
2024-11-21 15:52:09,20.2,0.65,60.5,0.0,-5.79
2024-11-21 15:52:10,20.2,0.65,60.5,0.0,-5.79
2024-11-21 15:52:11,20.2,0.5,60.4,0.0,-5.79
2024-11-21 15:52:12,20.2,0.5,60.4,0.0,-5.79
2024-11-21 15:52:13,20.2,0.01,60.4,0.0,-5.79
2024-11-21 15:52:14,20.2,0.01,60.4,0.0,-5.79
2024-11-21 15:52:15,20.2,0.06,60.5,0.0,-5.79
2024-11-21 15:52:17,20.2,0.06,60.5,0.0,-5.79
2024-11-21 15:52:18,20.2,0.01,60.5,0.0,-5.79
2024-11-21 15:52:19,20.2,0.01,60.5,0.0,-5.79
2024-11-21 15:52:20,20.2,0.01,60.5,0.0,-5.79
2024-11-21 15:52:21,20.2,0.01,60.5,0.0,-5.79
2024-11-21 15:52:22,20.2,0.01,60.5,0.0,-5.79
2024-11-21 15:52:22,20.2,0.01,60.5,0.0,-5.79
2024-11-21 15:52:23,20.2,0.62,60.4,0.0,-5.79
2024-11-21 15:52:24,20.2,0.62,60.4,0.0,-5.79
2024-11-21 15:52:25,20.2,0.11,60.5,0.0,-5.79
2024-11-21 15:52:26,20.2,0.11,60.5,0.0,-5.79
2024-11-21 15:52:27,20.2,0.01,60.5,0.0,-5.79
2024-11-21 15:52:29,20.2,0.01,60.5,0.0,-5.79
2024-11-21 15:52:30,20.2,0.0,60.5,0.0,-5.79
2024-11-21 15:52:31,20.2,0.0,60.5,0.0,-5.79
2024-11-21 15:52:32,20.1,0.01,60.5,0.0,-5.79
2024-11-21 15:52:33,20.1,0.01,60.5,0.0,-5.79
2024-11-21 15:52:34,20.2,0.01,60.6,0.0,-5.79
2024-11-21 15:52:34,20.2,0.01,60.6,0.0,-5.79
2024-11-21 15:52:35,20.2,0.01,60.7,0.0,-5.79
2024-11-21 15:52:36,20.2,0.01,60.7,0.0,-5.79
2024-11-21 15:52:37,20.2,0.74,60.6,0.0,-5.79
2024-11-21 15:52:39,20.2,0.74,60.6,0.0,-5.79
2024-11-21 15:52:41,20.2,0.01,60.7,0.0,-5.79
2024-11-21 15:52:43,20.2,0.01,60.7,0.0,-5.79
2024-11-21 15:52:45,20.2,0.14,60.7,0.0,-5.79
2024-11-21 15:52:47,20.2,0.14,60.7,0.0,-5.79
2024-11-21 15:52:49,20.2,0.01,60.7,0.0,-5.79
2024-11-21 15:52:51,20.2,0.01,60.7,0.0,-5.79
2024-11-21 15:52:53,20.2,0.0,60.7,0.0,-5.79
2024-11-21 15:52:55,20.2,0.0,60.7,0.0,-5.79
2024-11-21 15:52:57,20.2,0.01,60.6,0.0,-5.79
2024-11-21 15:52:59,20.2,0.01,60.6,0.0,-5.79
2024-11-21 15:53:01,20.2,0.01,60.6,0.0,-5.79
2024-11-21 15:53:03,20.2,0.01,60.6,0.0,-5.79
2024-11-21 15:53:05,20.2,0.01,60.5,0.0,-5.79
2024-11-21 15:53:07,20.2,0.01,60.5,0.0,-5.79
2024-11-21 15:53:09,20.2,0.01,60.6,0.0,-5.79
2024-11-21 15:53:11,20.2,0.01,60.6,0.0,-5.79
2024-11-21 15:53:13,20.2,0.01,60.8,0.0,-5.79
2024-11-21 15:53:14,20.2,0.01,60.8,0.0,-5.79
2024-11-21 15:53:15,20.2,0.65,60.8,0.0,-5.79
2024-11-21 15:53:16,20.2,0.65,60.8,0.0,-5.79
2024-11-21 15:53:17,20.2,0.01,60.8,0.0,-5.79
2024-11-21 15:53:18,20.2,0.01,60.8,0.0,-5.79
2024-11-21 15:53:20,20.2,0.01,60.7,0.0,-5.79
2024-11-21 15:53:21,20.2,0.01,60.7,0.0,-5.79
2024-11-21 15:53:22,20.2,0.01,60.7,0.0,-5.79
2024-11-21 15:53:23,20.2,0.01,60.7,0.0,-5.79
2024-11-21 15:53:24,20.2,0.01,60.7,0.0,-5.79
2024-11-21 15:53:25,20.2,0.01,60.7,0.0,-5.79
2024-11-21 15:53:26,20.2,0.01,60.7,0.0,-5.79
2024-11-21 15:53:26,20.2,0.01,60.7,0.0,-5.79
2024-11-21 15:53:27,20.2,0.01,60.6,0.0,-5.79
2024-11-21 15:53:28,20.2,0.01,60.6,0.0,-5.79
2024-11-21 15:53:29,20.2,0.55,60.6,0.0,-5.79
2024-11-21 15:53:30,20.2,0.55,60.6,0.0,-5.79
2024-11-21 15:53:31,20.2,0.01,60.6,0.0,-5.79
2024-11-21 15:53:32,20.2,0.01,60.6,0.0,-5.79
2024-11-21 15:53:34,20.2,0.01,60.6,0.0,-5.79
2024-11-21 15:53:35,20.2,0.01,60.6,0.0,-5.79
2024-11-21 15:53:36,20.2,0.01,60.5,0.0,-5.79
2024-11-21 15:53:37,20.2,0.01,60.5,0.0,-5.79
2024-11-21 15:53:38,20.2,0.01,60.5,0.0,-5.79
2024-11-21 15:53:38,20.2,0.01,60.5,0.0,-5.79
2024-11-21 15:53:39,20.2,0.01,60.5,0.0,-5.79
2024-11-21 15:53:40,20.2,0.01,60.5,0.0,-5.79
2024-11-21 15:53:41,20.2,0.54,60.5,0.0,-5.79
2024-11-21 15:53:42,20.2,0.54,60.5,0.0,-5.79
2024-11-21 15:53:43,20.2,0.01,60.4,0.0,-5.79
2024-11-21 15:53:45,20.2,0.01,60.4,0.0,-5.79
2024-11-21 15:53:46,20.2,0.34,60.4,0.0,-5.79
2024-11-21 15:53:47,20.2,0.34,60.4,0.0,-5.79
2024-11-21 15:53:48,20.2,0.01,60.4,0.0,-5.79
2024-11-21 15:53:49,20.2,0.01,60.4,0.0,-5.79
2024-11-21 15:53:50,20.2,0.02,60.4,0.0,-5.79
2024-11-21 15:53:51,20.2,0.02,60.4,0.0,-5.79
2024-11-21 15:53:52,20.2,0.01,60.4,0.0,-5.79
2024-11-21 15:53:53,20.2,0.01,60.4,0.0,-5.79
2024-11-21 15:53:54,20.2,0.01,60.4,0.0,-5.79
2024-11-21 15:53:55,20.2,0.01,60.4,0.0,-5.79
2024-11-21 15:53:56,20.2,0.01,60.4,0.0,-5.79
2024-11-21 15:53:56,20.2,0.01,60.4,0.0,-5.79
2024-11-21 15:53:57,20.2,0.02,60.4,0.0,-5.79
2024-11-21 15:53:58,20.2,0.02,60.4,0.0,-5.79
2024-11-21 15:53:59,20.2,0.01,60.4,0.0,-5.79
2024-11-21 15:54:00,20.2,0.01,60.4,0.0,-5.79
2024-11-21 15:54:01,20.2,0.01,60.4,0.0,-5.79
2024-11-21 15:54:02,20.2,0.01,60.4,0.0,-5.79
2024-11-21 15:54:03,20.2,0.01,60.4,0.0,-5.79
2024-11-21 15:54:04,20.2,0.01,60.4,0.0,-5.79
2024-11-21 15:54:05,20.2,0.01,60.4,0.0,-5.79
2024-11-21 15:54:06,20.2,0.01,60.4,0.0,-5.79
2024-11-21 15:54:07,20.2,0.01,60.4,0.0,-5.79
2024-11-21 15:54:08,20.2,0.01,60.4,0.0,-5.79
2024-11-21 15:54:09,20.2,0.01,60.4,0.0,-5.79
2024-11-21 15:54:10,20.2,0.01,60.4,0.0,-5.79
2024-11-21 15:54:11,20.2,0.01,60.4,0.0,-5.79
2024-11-21 15:54:12,20.2,0.01,60.4,0.0,-5.79
2024-11-21 15:54:13,20.2,0.01,60.4,0.0,-5.79
2024-11-21 15:54:14,20.2,0.01,60.4,0.0,-5.79
2024-11-21 15:54:15,20.2,0.01,60.4,0.0,-5.79
2024-11-21 15:54:16,20.2,0.01,60.4,0.0,-5.79
2024-11-21 15:54:17,20.2,0.01,60.4,0.0,-5.79
2024-11-21 15:54:18,20.2,0.01,60.4,0.0,-5.79
2024-11-21 15:54:19,20.2,0.01,60.4,0.0,-5.79
2024-11-21 15:54:20,20.2,0.01,60.4,0.0,-5.79
2024-11-21 15:54:21,20.2,0.01,60.4,0.0,-5.79
2024-11-21 15:54:22,20.2,0.01,60.4,0.0,-5.79
2024-11-21 15:54:23,20.2,0.01,60.5,0.0,-5.79
2024-11-21 15:54:24,20.2,0.01,60.5,0.0,-5.79
2024-11-21 15:54:25,20.2,0.01,60.5,0.0,-5.79
2024-11-21 15:54:26,20.2,0.01,60.5,0.0,-5.79
2024-11-21 15:54:27,20.2,0.01,60.5,0.0,-5.79
2024-11-21 15:54:28,20.2,0.01,60.5,0.0,-5.79
2024-11-21 15:54:29,20.2,0.01,60.5,0.0,-5.79
2024-11-21 15:54:30,20.2,0.01,60.5,0.0,-5.79
2024-11-21 15:54:31,20.2,0.01,60.5,0.0,-5.79
2024-11-21 15:54:32,20.2,0.01,60.5,0.0,-5.79
2024-11-21 15:54:33,20.2,0.01,60.5,0.0,-5.79
2024-11-21 15:54:34,20.2,0.01,60.5,0.0,-5.79
2024-11-21 15:54:35,20.2,0.01,60.5,0.0,-5.79
2024-11-21 15:54:36,20.2,0.01,60.5,0.0,-5.79
2024-11-21 15:54:37,20.2,0.01,60.5,0.0,-5.79
2024-11-21 15:54:38,20.2,0.01,60.5,0.0,-5.79
2024-11-21 15:54:39,20.2,0.01,60.5,0.0,-5.79
2024-11-21 15:54:40,20.2,0.01,60.5,0.0,-5.79
2024-11-21 15:54:41,20.2,0.01,60.4,0.0,-5.79
2024-11-21 15:54:42,20.2,0.01,60.4,0.0,-5.79
2024-11-21 15:54:43,20.2,0.01,60.4,0.0,-5.79
2024-11-21 15:54:44,20.2,0.01,60.4,0.0,-5.79
2024-11-21 15:54:45,20.2,0.01,60.4,0.0,-5.79
2024-11-21 15:54:46,20.2,0.01,60.4,0.0,-5.79
2024-11-21 15:54:47,20.2,0.01,60.4,0.0,-5.79
2024-11-21 15:54:48,20.2,0.01,60.4,0.0,-5.79
2024-11-21 15:54:49,20.2,0.01,60.4,0.0,-5.79
2024-11-21 15:54:50,20.2,0.01,60.4,0.0,-5.79
2024-11-21 15:54:51,20.2,0.44,60.4,0.0,-5.79
2024-11-21 15:54:52,20.2,0.44,60.4,0.0,-5.79
2024-11-21 15:54:53,20.2,0.01,60.4,0.0,-5.79
2024-11-21 15:54:54,20.2,0.01,60.4,0.0,-5.79
2024-11-21 15:54:55,20.2,0.01,60.4,0.0,-5.79
2024-11-21 15:54:56,20.2,0.01,60.4,0.0,-5.79
2024-11-21 15:54:57,20.2,0.01,60.4,0.0,-5.79
2024-11-21 15:54:58,20.2,0.01,60.4,0.0,-5.79
2024-11-21 15:54:59,20.2,0.01,60.5,0.0,-5.79
2024-11-21 15:55:00,20.2,0.01,60.5,0.0,-5.79
2024-11-21 15:55:01,20.2,0.01,60.5,0.0,-5.79
2024-11-21 15:55:02,20.2,0.01,60.5,0.0,-5.79
2024-11-21 15:55:03,20.2,0.01,60.4,0.0,-5.79
2024-11-21 15:55:04,20.2,0.01,60.4,0.0,-5.79
2024-11-21 15:55:05,20.1,0.01,60.4,0.0,-5.79
2024-11-21 15:55:06,20.1,0.01,60.4,0.0,-5.79
2024-11-21 15:55:07,20.2,0.01,60.5,0.0,-5.79
2024-11-21 15:55:08,20.2,0.01,60.5,0.0,-5.79
2024-11-21 15:55:09,20.2,0.01,60.5,0.0,-5.79
2024-11-21 15:55:10,20.2,0.01,60.5,0.0,-5.79
2024-11-21 15:55:11,20.2,0.01,60.4,0.0,-5.79
2024-11-21 15:55:12,20.2,0.01,60.4,0.0,-5.79
2024-11-21 15:55:13,20.1,0.01,60.4,0.0,-5.79
2024-11-21 15:55:14,20.1,0.01,60.4,0.0,-5.79
2024-11-21 15:55:15,20.2,0.01,60.4,0.0,-5.79
2024-11-21 15:55:16,20.2,0.01,60.4,0.0,-5.79
2024-11-21 15:55:17,20.1,0.01,60.4,0.0,-5.79
2024-11-21 15:55:18,20.1,0.01,60.4,0.0,-5.79
2024-11-21 15:55:19,20.2,0.25,60.4,0.0,-5.79
2024-11-21 15:55:20,20.2,0.25,60.4,0.0,-5.79
2024-11-21 15:55:21,20.2,0.01,60.4,0.0,-5.79
2024-11-21 15:55:22,20.2,0.01,60.4,0.0,-5.79
2024-11-21 15:55:23,20.2,0.01,60.4,0.0,-5.79
2024-11-21 15:55:24,20.2,0.01,60.4,0.0,-5.79
2024-11-21 15:55:25,20.2,0.01,60.4,0.0,-5.79
2024-11-21 15:55:26,20.2,0.01,60.4,0.0,-5.79
2024-11-21 15:55:27,20.2,0.01,60.4,0.0,-5.79
2024-11-21 15:55:28,20.2,0.01,60.4,0.0,-5.79
2024-11-21 15:55:29,20.2,0.01,60.4,0.0,-5.79
2024-11-21 15:55:30,20.2,0.01,60.4,0.0,-5.79
2024-11-21 15:55:31,20.2,0.01,60.4,0.0,-5.79
2024-11-21 15:55:32,20.2,0.01,60.4,0.0,-5.79
2024-11-21 15:55:33,20.2,0.01,60.4,0.0,-5.79
2024-11-21 15:55:34,20.2,0.01,60.4,0.0,-5.79
2024-11-21 15:55:35,20.2,0.01,60.4,0.0,-5.79
2024-11-21 15:55:36,20.2,0.01,60.4,0.0,-5.79
2024-11-21 15:55:37,20.1,0.01,60.4,0.0,-5.79
2024-11-21 15:55:38,20.1,0.01,60.4,0.0,-5.79
2024-11-21 15:55:39,20.2,0.01,60.4,0.0,-5.79
2024-11-21 15:55:40,20.2,0.01,60.4,0.0,-5.79
2024-11-21 15:55:41,20.2,0.01,60.4,0.0,-5.79
2024-11-21 15:55:42,20.2,0.01,60.4,0.0,-5.79
2024-11-21 15:55:43,20.2,0.01,60.4,0.0,-5.79
2024-11-21 15:55:44,20.2,0.01,60.4,0.0,-5.79
2024-11-21 15:55:45,20.2,0.01,60.4,0.0,-5.79
2024-11-21 15:55:46,20.2,0.01,60.4,0.0,-5.79
2024-11-21 15:55:47,20.2,0.01,60.4,0.0,-5.79
2024-11-21 15:55:48,20.2,0.01,60.4,0.0,-5.79
2024-11-21 15:55:49,20.2,0.01,60.4,0.0,-5.79
2024-11-21 15:55:50,20.2,0.01,60.4,0.0,-5.79
2024-11-21 15:55:51,20.2,0.01,60.4,0.0,-5.79
2024-11-21 15:55:52,20.2,0.01,60.4,0.0,-5.79
2024-11-21 15:55:53,20.2,0.01,60.4,0.0,-5.79
2024-11-21 15:55:54,20.2,0.01,60.4,0.0,-5.79
2024-11-21 15:55:55,20.1,0.13,60.4,0.0,-5.79
2024-11-21 15:55:56,20.1,0.13,60.4,0.0,-5.79
2024-11-21 15:55:57,20.2,2.13,60.4,0.0,-5.79
2024-11-21 15:55:59,20.2,2.13,60.4,0.0,-5.79
2024-11-21 15:56:00,20.1,0.24,60.4,0.0,-5.79
2024-11-21 15:56:01,20.1,0.24,60.4,0.0,-5.79
2024-11-21 15:56:02,20.1,1.11,60.4,0.0,-5.79
2024-11-21 15:56:03,20.1,1.11,60.4,0.0,-5.79
2024-11-21 15:56:04,20.1,0.72,60.4,0.0,-5.79
2024-11-21 15:56:05,20.1,0.72,60.4,0.0,-5.79
2024-11-21 15:56:06,20.1,0.01,60.4,0.0,-5.79
2024-11-21 15:56:07,20.1,0.01,60.4,0.0,-5.79
2024-11-21 15:56:08,20.1,0.01,60.4,0.0,-5.79
2024-11-21 15:56:09,20.1,0.01,60.4,0.0,-5.79
2024-11-21 15:56:10,20.2,0.01,60.4,0.0,-5.79
2024-11-21 15:56:11,20.2,0.01,60.4,0.0,-5.79
2024-11-21 15:56:12,20.2,0.01,60.4,0.0,-5.79
2024-11-21 15:56:13,20.2,0.01,60.4,0.0,-5.79
2024-11-21 15:56:14,20.1,0.01,60.4,0.0,-5.79
2024-11-21 15:56:15,20.1,0.01,60.4,0.0,-5.79
2024-11-21 15:56:16,20.1,0.01,60.4,0.0,-5.79
2024-11-21 15:56:17,20.1,0.01,60.4,0.0,-5.79
2024-11-21 15:56:18,20.1,0.01,60.4,0.0,-5.79
2024-11-21 15:56:19,20.1,0.01,60.4,0.0,-5.79
2024-11-21 15:56:20,20.2,0.01,60.4,0.0,-5.79
2024-11-21 15:56:21,20.2,0.01,60.4,0.0,-5.79
2024-11-21 15:56:22,20.2,0.01,60.5,0.0,-5.79
2024-11-21 15:56:23,20.2,0.01,60.5,0.0,-5.79
2024-11-21 15:56:24,20.1,0.01,60.4,0.0,-5.79
2024-11-21 15:56:25,20.1,0.01,60.4,0.0,-5.79
2024-11-21 15:56:26,20.1,0.01,60.6,0.0,-5.79
2024-11-21 15:56:27,20.1,0.01,60.6,0.0,-5.79
2024-11-21 15:56:28,20.1,0.01,61.0,0.0,-5.79
2024-11-21 15:56:29,20.1,0.01,61.0,0.0,-5.79
2024-11-21 15:56:30,20.1,0.02,61.4,0.0,-5.79
2024-11-21 15:56:31,20.1,0.02,61.4,0.0,-5.79
2024-11-21 15:56:32,20.2,0.02,61.5,0.0,-5.79
2024-11-21 15:56:33,20.2,0.02,61.5,0.0,-5.79
2024-11-21 15:56:34,20.2,0.01,61.4,0.0,-5.79
2024-11-21 15:56:35,20.2,0.01,61.4,0.0,-5.79
2024-11-21 15:56:35,20.2,0.01,61.2,0.0,-5.79
2024-11-21 15:56:36,20.2,0.01,61.2,0.0,-5.79
2024-11-21 15:56:37,20.1,0.02,61.1,0.0,-5.79
2024-11-21 15:56:38,20.1,0.02,61.1,0.0,-5.79
2024-11-21 15:56:39,20.1,0.35,60.9,0.0,-5.79
2024-11-21 15:56:40,20.1,0.35,60.9,0.0,-5.79
2024-11-21 15:56:41,20.2,0.01,60.9,0.0,-5.79
2024-11-21 15:56:42,20.2,0.01,60.9,0.0,-5.79
2024-11-21 15:56:43,20.2,0.01,60.8,0.0,-5.79
2024-11-21 15:56:44,20.2,0.01,60.8,0.0,-5.79
2024-11-21 15:56:45,20.2,0.35,60.7,0.0,-5.79
2024-11-21 15:56:46,20.2,0.35,60.7,0.0,-5.79
2024-11-21 15:56:48,20.2,0.04,60.7,0.0,-5.79
2024-11-21 15:56:49,20.2,0.04,60.7,0.0,-5.79
2024-11-21 15:56:50,20.1,0.07,60.6,0.0,-5.79
2024-11-21 15:56:51,20.1,0.07,60.6,0.0,-5.79
2024-11-21 15:56:51,20.1,0.09,60.6,0.0,-5.79
2024-11-21 15:56:52,20.1,0.09,60.6,0.0,-5.79
2024-11-21 15:56:53,20.1,0.95,60.5,0.0,-5.79
2024-11-21 15:56:54,20.1,0.95,60.5,0.0,-5.79
2024-11-21 15:56:55,20.2,0.11,60.5,0.0,-5.79
2024-11-21 15:56:56,20.2,0.11,60.5,0.0,-5.79
2024-11-21 15:56:57,20.1,0.01,60.5,0.0,-5.79
2024-11-21 15:56:58,20.1,0.01,60.5,0.0,-5.79
2024-11-21 15:56:59,20.2,0.0,60.5,0.0,-5.79
2024-11-21 15:57:01,20.2,0.0,60.5,0.0,-5.79
2024-11-21 15:57:02,20.1,0.46,60.5,0.0,-5.79
2024-11-21 15:57:03,20.1,0.46,60.5,0.0,-5.79
2024-11-21 15:57:03,20.2,0.01,60.5,0.0,-5.79
2024-11-21 15:57:04,20.2,0.01,60.5,0.0,-5.79
2024-11-21 15:57:05,20.2,0.42,60.5,0.0,-5.79
2024-11-21 15:57:06,20.2,0.42,60.5,0.0,-5.79
2024-11-21 15:57:07,20.2,0.01,60.5,0.0,-5.79
2024-11-21 15:57:08,20.2,0.01,60.5,0.0,-5.79
2024-11-21 15:57:09,20.2,0.01,60.5,0.0,-5.79
2024-11-21 15:57:10,20.2,0.01,60.5,0.0,-5.79
2024-11-21 15:57:11,20.2,0.01,60.5,0.0,-5.79
2024-11-21 15:57:12,20.2,0.01,60.5,0.0,-5.79
2024-11-21 15:57:13,20.1,0.01,60.5,0.0,-5.79
2024-11-21 15:57:14,20.1,0.01,60.5,0.0,-5.79
2024-11-21 15:57:15,20.2,0.01,60.5,0.0,-5.79
2024-11-21 15:57:16,20.2,0.01,60.5,0.0,-5.79
2024-11-21 15:57:17,20.1,0.01,60.5,0.0,-5.79
2024-11-21 15:57:18,20.1,0.01,60.5,0.0,-5.79
2024-11-21 15:57:19,20.1,0.01,60.5,0.0,-5.79
2024-11-21 15:57:20,20.1,0.01,60.5,0.0,-5.79
2024-11-21 15:57:21,20.1,0.02,60.5,0.0,-5.79
2024-11-21 15:57:22,20.1,0.02,60.5,0.0,-5.79
2024-11-21 15:57:23,20.2,0.01,60.5,0.0,-5.79
2024-11-21 15:57:24,20.2,0.01,60.5,0.0,-5.79
2024-11-21 15:57:26,20.1,0.01,60.5,0.0,-5.79
2024-11-21 15:57:27,20.1,0.01,60.5,0.0,-5.79
2024-11-21 15:57:28,20.2,0.01,60.5,0.0,-5.79
2024-11-21 15:57:29,20.2,0.01,60.5,0.0,-5.79
2024-11-21 15:57:30,20.1,0.01,60.5,0.0,-5.79
2024-11-21 15:57:31,20.1,0.01,60.5,0.0,-5.79
2024-11-21 15:57:32,20.1,0.01,60.5,0.0,-5.79
2024-11-21 15:57:33,20.1,0.01,60.5,0.0,-5.79
2024-11-21 15:57:34,20.1,0.01,60.5,0.0,-5.79
2024-11-21 15:57:35,20.1,0.01,60.5,0.0,-5.79
2024-11-21 15:57:36,20.2,0.01,60.5,0.0,-5.79
2024-11-21 15:57:37,20.2,0.01,60.5,0.0,-5.79
2024-11-21 15:57:38,20.1,0.02,60.5,0.0,-5.79
2024-11-21 15:57:39,20.1,0.02,60.5,0.0,-5.79
2024-11-21 15:57:40,20.1,0.01,60.5,0.0,-5.79
2024-11-21 15:57:41,20.1,0.01,60.5,0.0,-5.79
2024-11-21 15:57:42,20.1,0.01,60.5,0.0,-5.79
2024-11-21 15:57:42,20.1,0.01,60.5,0.0,-5.79
2024-11-21 15:57:43,20.1,0.36,60.5,0.0,-5.79
2024-11-21 15:57:44,20.1,0.36,60.5,0.0,-5.79
2024-11-21 15:57:45,20.1,0.66,60.5,0.0,-5.79
2024-11-21 15:57:46,20.1,0.66,60.5,0.0,-5.79
2024-11-21 15:57:47,20.1,0.01,60.5,0.0,-5.79
2024-11-21 15:57:48,20.1,0.01,60.5,0.0,-5.79
2024-11-21 15:57:49,20.1,0.01,60.5,0.0,-5.79
2024-11-21 15:57:50,20.1,0.01,60.5,0.0,-5.79
2024-11-21 15:57:51,20.1,0.01,60.5,0.0,-5.79
2024-11-21 15:57:52,20.1,0.01,60.5,0.0,-5.79
2024-11-21 15:57:53,20.1,0.01,60.6,0.0,-5.79
2024-11-21 15:57:54,20.1,0.01,60.6,0.0,-5.79
2024-11-21 15:57:55,20.1,0.01,60.6,0.0,-5.79
2024-11-21 15:57:56,20.1,0.01,60.6,0.0,-5.79
2024-11-21 15:57:57,20.1,0.07,60.6,0.0,-5.79
2024-11-21 15:57:58,20.1,0.07,60.6,0.0,-5.79
2024-11-21 15:57:59,20.1,0.01,60.6,0.0,-5.79
2024-11-21 15:58:00,20.1,0.01,60.6,0.0,-5.79
2024-11-21 15:58:01,20.1,0.01,60.6,0.0,-5.79
2024-11-21 15:58:02,20.1,0.01,60.6,0.0,-5.79
2024-11-21 15:58:03,20.1,0.01,60.6,0.0,-5.79
2024-11-21 15:58:04,20.1,0.01,60.6,0.0,-5.79
2024-11-21 15:58:05,20.1,0.01,60.6,0.0,-5.79
2024-11-21 15:58:06,20.1,0.01,60.6,0.0,-5.79
2024-11-21 15:58:07,20.1,0.01,60.6,0.0,-5.79
2024-11-21 15:58:08,20.1,0.01,60.6,0.0,-5.79
2024-11-21 15:58:09,20.1,0.01,60.6,0.0,-5.79
2024-11-21 15:58:10,20.1,0.01,60.6,0.0,-5.79
2024-11-21 15:58:11,20.1,0.01,60.6,0.0,-5.79
2024-11-21 15:58:12,20.1,0.01,60.6,0.0,-5.79
2024-11-21 15:58:13,20.1,0.01,60.6,0.0,-5.79
2024-11-21 15:58:14,20.1,0.01,60.6,0.0,-5.79
2024-11-21 15:58:15,20.1,0.01,60.6,0.0,-5.79
2024-11-21 15:58:16,20.1,0.01,60.6,0.0,-5.79
2024-11-21 15:58:17,20.1,0.01,60.6,0.0,-5.79
2024-11-21 15:58:18,20.1,0.01,60.6,0.0,-5.79
2024-11-21 15:58:19,20.1,0.01,60.6,0.0,-5.79
2024-11-21 15:58:20,20.1,0.01,60.6,0.0,-5.79
2024-11-21 15:58:21,20.1,0.01,60.8,0.0,-5.79
2024-11-21 15:58:22,20.1,0.01,60.8,0.0,-5.79
2024-11-21 15:58:23,20.2,0.01,60.8,0.0,-5.79
2024-11-21 15:58:24,20.2,0.01,60.8,0.0,-5.79
2024-11-21 15:58:25,20.2,0.01,60.8,0.0,-5.79
2024-11-21 15:58:26,20.1,0.01,60.9,0.0,-5.79
2024-11-21 15:58:27,20.1,0.01,60.9,0.0,-5.79
2024-11-21 15:58:28,20.1,0.01,60.8,0.0,-5.79
2024-11-21 15:58:29,20.1,0.01,60.8,0.0,-5.79
2024-11-21 15:58:30,20.1,0.01,60.8,0.0,-5.79
2024-11-21 15:58:32,20.1,0.01,60.8,0.0,-5.79
2024-11-21 15:58:33,20.2,0.01,60.8,0.0,-5.79
2024-11-21 15:58:34,20.2,0.01,60.8,0.0,-5.79
2024-11-21 15:58:35,20.2,0.01,60.7,0.0,-5.79
2024-11-21 15:58:36,20.2,0.01,60.7,0.0,-5.79
2024-11-21 15:58:37,20.2,0.01,60.6,0.0,-5.79
2024-11-21 15:58:38,20.2,0.01,60.6,0.0,-5.79
2024-11-21 15:58:39,20.2,0.01,60.6,0.0,-5.79
2024-11-21 15:58:40,20.2,0.01,60.6,0.0,-5.79
2024-11-21 15:58:41,20.2,0.01,60.6,0.0,-5.79
2024-11-21 15:58:42,20.2,0.01,60.6,0.0,-5.79
2024-11-21 15:58:43,20.2,0.01,60.5,0.0,-5.79
2024-11-21 15:58:44,20.2,0.01,60.5,0.0,-5.79
2024-11-21 15:58:45,20.2,0.04,60.5,0.0,-5.79
2024-11-21 15:58:46,20.2,0.04,60.5,0.0,-5.79
2024-11-21 15:58:47,20.2,0.17,60.5,0.0,-5.79
2024-11-21 15:58:48,20.2,0.17,60.5,0.0,-5.79
2024-11-21 15:58:49,20.2,0.01,60.5,0.0,-5.79
2024-11-21 15:58:50,20.2,0.01,60.5,0.0,-5.79
2024-11-21 15:58:51,20.2,0.01,60.4,0.0,-5.79
2024-11-21 15:58:52,20.2,0.01,60.4,0.0,-5.79
2024-11-21 15:58:52,20.2,0.01,60.4,0.0,-5.79
2024-11-21 15:58:54,20.2,0.01,60.4,0.0,-5.79
2024-11-21 15:58:55,20.2,0.01,60.4,0.0,-5.79
2024-11-21 15:58:56,20.2,0.01,60.4,0.0,-5.79
2024-11-21 15:58:57,20.2,0.01,60.4,0.0,-5.79
2024-11-21 15:58:58,20.2,0.01,60.4,0.0,-5.79
2024-11-21 15:58:59,20.2,0.01,60.4,0.0,-5.79
2024-11-21 15:59:00,20.2,0.01,60.4,0.0,-5.79
2024-11-21 15:59:01,20.2,0.01,60.4,0.0,-5.79
2024-11-21 15:59:02,20.2,0.01,60.4,0.0,-5.79
2024-11-21 15:59:03,20.2,0.01,60.4,0.0,-5.79
2024-11-21 15:59:04,20.2,0.01,60.4,0.0,-5.79
2024-11-21 15:59:05,20.2,0.01,60.4,0.0,-5.79
2024-11-21 15:59:06,20.2,0.01,60.4,0.0,-5.79
2024-11-21 15:59:07,20.2,0.02,60.4,0.0,-5.79
2024-11-21 15:59:08,20.2,0.02,60.4,0.0,-5.79
2024-11-21 15:59:09,20.2,0.02,60.4,0.0,-5.79
2024-11-21 15:59:10,20.2,0.02,60.4,0.0,-5.79
2024-11-21 15:59:11,20.2,0.01,60.5,0.0,-5.79
2024-11-21 15:59:12,20.2,0.01,60.5,0.0,-5.79
2024-11-21 15:59:13,20.2,0.4,60.6,0.0,-5.79
2024-11-21 15:59:14,20.2,0.4,60.6,0.0,-5.79
2024-11-21 15:59:15,20.2,0.02,60.6,0.0,-5.79
2024-11-21 15:59:16,20.2,0.02,60.6,0.0,-5.79
2024-11-21 15:59:17,20.2,0.01,60.8,0.0,-5.79
2024-11-21 15:59:18,20.2,0.01,60.8,0.0,-5.79
2024-11-21 15:59:19,20.2,0.01,62.2,0.0,-5.79
2024-11-21 15:59:20,20.2,0.01,62.2,0.0,-5.79
2024-11-21 15:59:21,20.2,0.01,62.9,0.0,-5.79
2024-11-21 15:59:22,20.2,0.01,62.9,0.0,-5.79
2024-11-21 15:59:23,20.2,0.01,62.8,0.0,-5.79
2024-11-21 15:59:24,20.2,0.01,62.8,0.0,-5.79
2024-11-21 15:59:25,20.2,0.01,62.5,0.0,-5.79
2024-11-21 15:59:26,20.2,0.01,62.5,0.0,-5.79
2024-11-21 15:59:27,20.3,0.01,62.1,0.0,-5.79
2024-11-21 15:59:28,20.3,0.01,62.1,0.0,-5.79
2024-11-21 15:59:29,20.3,0.01,61.7,0.0,-5.79
2024-11-21 15:59:30,20.3,0.01,61.7,0.0,-5.79
2024-11-21 15:59:30,20.3,0.01,61.3,0.0,-5.79
2024-11-21 15:59:31,20.3,0.01,61.3,0.0,-5.79
2024-11-21 15:59:32,20.3,0.02,61.5,0.0,-5.79
2024-11-21 15:59:33,20.3,0.02,61.5,0.0,-5.79
2024-11-21 15:59:34,20.3,0.44,63.0,0.0,-5.79
2024-11-21 15:59:35,20.3,0.44,63.0,0.0,-5.79
2024-11-21 15:59:36,20.4,0.01,62.9,0.0,-5.79
2024-11-21 15:59:37,20.4,0.01,62.9,0.0,-5.79
2024-11-21 15:59:38,20.3,0.01,62.4,0.0,-5.79
2024-11-21 15:59:39,20.3,0.01,62.4,0.0,-5.79
2024-11-21 15:59:40,20.3,0.07,62.0,0.0,-5.79
2024-11-21 15:59:41,20.3,0.07,62.0,0.0,-5.79
2024-11-21 15:59:42,20.4,0.01,61.6,0.0,-5.79
2024-11-21 15:59:43,20.4,0.01,61.6,0.0,-5.79
2024-11-21 15:59:44,20.4,0.02,61.3,0.0,-5.79
2024-11-21 15:59:45,20.4,0.02,61.3,0.0,-5.79
2024-11-21 15:59:46,20.4,0.01,61.0,0.0,-5.79
2024-11-21 15:59:47,20.4,0.01,61.0,0.0,-5.79
2024-11-21 15:59:48,20.4,0.01,60.8,0.0,-5.79
2024-11-21 15:59:49,20.4,0.01,60.8,0.0,-5.79
2024-11-21 15:59:50,20.4,0.01,60.7,0.0,-5.79
2024-11-21 15:59:51,20.4,0.01,60.7,0.0,-5.79
2024-11-21 15:59:52,20.4,0.01,60.6,0.0,-5.79
2024-11-21 15:59:53,20.4,0.01,60.6,0.0,-5.79
2024-11-21 15:59:54,20.4,0.01,60.5,0.0,-5.79
2024-11-21 15:59:55,20.4,0.01,60.5,0.0,-5.79
2024-11-21 15:59:56,20.4,0.01,60.5,0.0,-5.79
2024-11-21 15:59:57,20.4,0.01,60.5,0.0,-5.79
2024-11-21 15:59:58,20.4,0.02,60.4,0.0,-5.79
2024-11-21 15:59:59,20.4,0.02,60.4,0.0,-5.79
2024-11-21 16:00:00,20.4,0.01,60.4,0.0,-5.79
2024-11-21 16:00:01,20.4,0.01,60.4,0.0,-5.79
2024-11-21 16:00:02,20.4,0.01,60.4,0.0,-5.79
2024-11-21 16:00:03,20.4,0.01,60.4,0.0,-5.79
2024-11-21 16:00:04,20.4,0.01,60.5,0.0,-5.79
2024-11-21 16:00:05,20.4,0.01,60.5,0.0,-5.79
2024-11-21 16:00:06,20.4,0.01,60.7,0.0,-5.79
2024-11-21 16:00:07,20.4,0.01,60.7,0.0,-5.79
2024-11-21 16:00:08,20.4,0.01,60.8,0.0,-5.79
2024-11-21 16:00:09,20.4,0.01,60.8,0.0,-5.79
2024-11-21 16:00:10,20.5,0.01,60.7,0.0,-5.79
2024-11-21 16:00:11,20.5,0.01,60.7,0.0,-5.79
2024-11-21 16:00:12,20.4,0.01,60.6,0.0,-5.79
2024-11-21 16:00:13,20.4,0.01,60.6,0.0,-5.79
2024-11-21 16:00:14,20.5,0.01,60.5,0.0,-5.79
2024-11-21 16:00:15,20.5,0.01,60.5,0.0,-5.79
2024-11-21 16:00:16,20.5,0.01,60.4,0.0,-5.79
2024-11-21 16:00:17,20.5,0.01,60.4,0.0,-5.79
2024-11-21 16:00:18,20.5,1.0,60.4,0.0,-5.79
2024-11-21 16:00:19,20.5,1.0,60.4,0.0,-5.79
2024-11-21 16:00:20,20.5,0.28,60.3,0.0,-5.79
2024-11-21 16:00:21,20.5,0.28,60.3,0.0,-5.79
2024-11-21 16:00:22,20.5,0.01,60.3,0.0,-5.79
2024-11-21 16:00:23,20.5,0.01,60.3,0.0,-5.79
2024-11-21 16:00:24,20.5,0.01,60.2,0.0,-5.79
2024-11-21 16:00:25,20.5,0.01,60.2,0.0,-5.79
2024-11-21 16:00:26,20.5,0.01,60.2,0.0,-5.79
2024-11-21 16:00:27,20.5,0.01,60.2,0.0,-5.79
2024-11-21 16:00:28,20.5,0.02,60.1,0.0,-5.79
2024-11-21 16:00:29,20.5,0.02,60.1,0.0,-5.79
2024-11-21 16:00:30,20.5,0.01,60.1,0.0,-5.79
2024-11-21 16:00:31,20.5,0.01,60.1,0.0,-5.79
2024-11-21 16:00:32,20.5,0.01,60.1,0.0,-5.79
2024-11-21 16:00:33,20.5,0.01,60.1,0.0,-5.79
2024-11-21 16:00:34,20.5,0.01,60.0,0.0,-5.79
2024-11-21 16:00:35,20.5,0.01,60.0,0.0,-5.79
2024-11-21 16:00:36,20.5,0.01,60.0,0.0,-5.79
2024-11-21 16:00:37,20.5,0.01,60.0,0.0,-5.79
2024-11-21 16:00:43,20.5,0.01,60.0,0.0,-5.79
2024-11-21 16:00:43,20.5,0.01,60.0,0.0,-5.79
2024-11-21 16:00:44,20.5,0.01,60.0,0.0,-5.79
2024-11-21 16:00:45,20.5,0.01,60.0,0.0,-5.79
2024-11-21 16:00:46,20.5,0.36,60.0,0.0,-5.79
2024-11-21 16:00:50,20.5,0.36,60.0,0.0,-5.79
2024-11-21 16:00:51,20.5,0.02,60.0,0.0,-5.79
2024-11-21 16:00:52,20.5,0.02,60.0,0.0,-5.79
2024-11-21 16:00:53,20.5,0.27,60.0,0.0,-5.79
2024-11-21 16:00:54,20.5,0.27,60.0,0.0,-5.79
2024-11-21 16:00:55,20.5,0.01,60.0,0.0,-5.79
2024-11-21 16:00:56,20.5,0.01,60.0,0.0,-5.79
2024-11-21 16:00:57,20.5,0.79,60.0,0.0,-5.79
2024-11-21 16:00:58,20.5,0.79,60.0,0.0,-5.79
2024-11-21 16:00:59,20.5,0.02,60.0,0.0,-5.79
2024-11-21 16:01:00,20.5,0.02,60.0,0.0,-5.79
2024-11-21 16:01:01,20.5,0.01,60.0,0.0,-5.79
2024-11-21 16:01:02,20.5,0.01,60.0,0.0,-5.79
2024-11-21 16:01:03,20.5,0.01,60.0,0.0,-5.79
2024-11-21 16:01:04,20.5,0.01,60.0,0.0,-5.79
2024-11-21 16:01:05,20.5,0.31,60.0,0.0,-5.79
2024-11-21 16:01:07,20.5,0.31,60.0,0.0,-5.79
2024-11-21 16:01:08,20.5,0.19,60.0,0.0,-5.79
2024-11-21 16:01:09,20.5,0.19,60.0,0.0,-5.79
2024-11-21 16:01:10,20.5,0.01,60.0,0.0,-5.79
2024-11-21 16:01:11,20.5,0.01,60.0,0.0,-5.79
2024-11-21 16:01:12,20.5,0.01,60.0,0.0,-5.79
2024-11-21 16:01:13,20.5,0.01,60.0,0.0,-5.79
2024-11-21 16:01:14,20.5,0.17,60.0,0.0,-5.79
2024-11-21 16:01:15,20.5,0.17,60.0,0.0,-5.79
2024-11-21 16:01:16,20.5,0.01,60.0,0.0,-5.79
2024-11-21 16:01:17,20.5,0.01,60.0,0.0,-5.79
2024-11-21 16:01:18,20.4,0.01,60.0,0.0,-5.79
2024-11-21 16:01:19,20.4,0.01,60.0,0.0,-5.79
2024-11-21 16:01:20,20.5,0.01,60.1,0.0,-5.79
2024-11-21 16:01:21,20.5,0.01,60.1,0.0,-5.79
2024-11-21 16:01:22,20.5,0.01,60.1,0.0,-5.79
2024-11-21 16:01:23,20.5,0.01,60.1,0.0,-5.79
2024-11-21 16:01:24,20.5,0.59,60.1,0.0,-5.79
2024-11-21 16:01:25,20.5,0.59,60.1,0.0,-5.79
2024-11-21 16:01:26,20.5,0.01,60.1,0.0,-5.79
2024-11-21 16:01:27,20.5,0.01,60.1,0.0,-5.79
2024-11-21 16:01:28,20.5,0.01,60.1,0.0,-5.79
2024-11-21 16:01:29,20.5,0.01,60.1,0.0,-5.79
2024-11-21 16:01:30,20.4,0.01,60.0,0.0,-5.79
2024-11-21 16:01:31,20.4,0.01,60.0,0.0,-5.79
2024-11-21 16:01:32,20.5,0.01,60.0,0.0,-5.79
2024-11-21 16:01:33,20.5,0.01,60.0,0.0,-5.79
2024-11-21 16:01:34,20.4,0.01,60.0,0.0,-5.79
2024-11-21 16:01:35,20.4,0.01,60.0,0.0,-5.79
2024-11-21 16:01:36,20.4,0.01,60.0,0.0,-5.79
2024-11-21 16:01:37,20.4,0.01,60.0,0.0,-5.79
2024-11-21 16:01:38,20.4,0.01,60.0,0.0,-5.79
2024-11-21 16:01:39,20.4,0.01,60.0,0.0,-5.79
2024-11-21 16:01:40,20.5,0.01,60.0,0.0,-5.79
2024-11-21 16:01:41,20.5,0.01,60.0,0.0,-5.79
2024-11-21 16:01:42,20.4,0.01,59.9,0.0,-5.79
2024-11-21 16:01:43,20.4,0.01,59.9,0.0,-5.79
2024-11-21 16:01:44,20.4,0.01,60.0,0.0,-5.79
2024-11-21 16:01:45,20.4,0.01,60.0,0.0,-5.79
2024-11-21 16:01:46,20.4,0.01,60.0,0.0,-5.79
2024-11-21 16:01:47,20.4,0.01,60.0,0.0,-5.79
2024-11-21 16:01:48,20.4,0.01,60.0,0.0,-5.79
2024-11-21 16:01:49,20.4,0.01,60.0,0.0,-5.79
2024-11-21 16:01:50,20.4,0.01,60.0,0.0,-5.79
2024-11-21 16:01:51,20.4,0.01,60.0,0.0,-5.79
2024-11-21 16:01:52,20.4,0.01,60.0,0.0,-5.79
2024-11-21 16:01:53,20.4,0.02,60.0,0.0,-5.79
2024-11-21 16:01:54,20.4,0.02,60.0,0.0,-5.79
2024-11-21 16:01:55,20.4,0.01,60.0,0.0,-5.79
2024-11-21 16:01:56,20.4,0.01,60.0,0.0,-5.79
2024-11-21 16:01:57,20.4,0.01,60.0,0.0,-5.79
2024-11-21 16:01:58,20.4,0.01,60.0,0.0,-5.79
2024-11-21 16:01:59,20.4,0.02,60.0,0.0,-5.79
2024-11-21 16:01:59,20.4,0.02,60.0,0.0,-5.79
2024-11-21 16:02:00,20.4,0.44,60.0,0.0,-5.79
2024-11-21 16:02:01,20.4,0.44,60.0,0.0,-5.79
2024-11-21 16:02:02,20.4,0.5,60.0,0.0,-5.79
2024-11-21 16:02:03,20.4,0.5,60.0,0.0,-5.79
2024-11-21 16:02:04,20.4,0.45,60.0,0.0,-5.79
2024-11-21 16:02:05,20.4,0.45,60.0,0.0,-5.79
2024-11-21 16:02:07,20.4,0.01,60.1,0.0,-5.79
2024-11-21 16:02:07,20.4,0.01,60.1,0.0,-5.79
2024-11-21 16:02:08,20.3,0.01,60.0,0.0,-5.79
2024-11-21 16:02:09,20.3,0.01,60.0,0.0,-5.79
2024-11-21 16:02:10,20.3,0.01,60.0,0.0,-5.79
2024-11-21 16:02:12,20.3,0.01,60.0,0.0,-5.79
2024-11-21 16:02:13,20.3,0.25,60.1,0.0,-5.79
2024-11-21 16:02:14,20.3,0.25,60.1,0.0,-5.79
2024-11-21 16:02:15,20.3,0.05,60.1,0.0,-5.79
2024-11-21 16:02:16,20.3,0.05,60.1,0.0,-5.79
2024-11-21 16:02:17,20.3,0.29,60.1,0.0,-5.79
2024-11-21 16:02:18,20.3,0.29,60.1,0.0,-5.79
2024-11-21 16:02:19,20.4,0.07,60.1,0.0,-5.79
2024-11-21 16:02:19,20.4,0.07,60.1,0.0,-5.79
2024-11-21 16:02:21,20.3,1.04,60.1,0.0,-5.79
2024-11-21 16:02:22,20.3,1.04,60.1,0.0,-5.79
2024-11-21 16:02:23,20.3,0.82,60.1,0.0,-5.79
2024-11-21 16:02:24,20.3,0.82,60.1,0.0,-5.79
2024-11-21 16:02:25,20.3,0.08,60.2,0.0,-5.79
2024-11-21 16:02:26,20.3,0.08,60.2,0.0,-5.79
2024-11-21 16:02:27,20.3,0.03,60.2,0.0,-5.79
2024-11-21 16:02:28,20.3,0.03,60.2,0.0,-5.79
2024-11-21 16:02:29,20.3,0.02,60.2,0.0,-5.79
2024-11-21 16:02:30,20.3,0.02,60.2,0.0,-5.79
2024-11-21 16:02:31,20.3,0.01,60.2,0.0,-5.79
2024-11-21 16:02:32,20.3,0.01,60.2,0.0,-5.79
2024-11-21 16:02:33,20.3,0.01,60.2,0.0,-5.79
2024-11-21 16:02:34,20.3,0.01,60.2,0.0,-5.79
2024-11-21 16:02:35,20.3,0.01,60.2,0.0,-5.79
2024-11-21 16:02:36,20.3,0.01,60.2,0.0,-5.79
2024-11-21 16:02:37,20.3,0.02,60.2,0.0,-5.79
2024-11-21 16:02:38,20.3,0.02,60.2,0.0,-5.79
2024-11-21 16:02:39,20.3,0.02,60.2,0.0,-5.79
2024-11-21 16:02:40,20.3,0.02,60.2,0.0,-5.79
2024-11-21 16:02:41,20.3,0.01,60.2,0.0,-5.79
2024-11-21 16:02:42,20.3,0.01,60.2,0.0,-5.79
2024-11-21 16:02:43,20.3,0.01,60.2,0.0,-5.79
2024-11-21 16:02:44,20.3,0.01,60.2,0.0,-5.79
2024-11-21 16:02:45,20.3,0.86,60.2,0.0,-5.79
2024-11-21 16:02:46,20.3,0.86,60.2,0.0,-5.79
2024-11-21 16:02:47,20.3,0.01,60.2,0.0,-5.79
2024-11-21 16:02:48,20.3,0.01,60.2,0.0,-5.79
2024-11-21 16:02:49,20.3,0.02,60.2,0.0,-5.79
2024-11-21 16:02:50,20.3,0.02,60.2,0.0,-5.79
2024-11-21 16:02:51,20.3,0.01,60.2,0.0,-5.79
2024-11-21 16:02:52,20.3,0.01,60.2,0.0,-5.79
2024-11-21 16:02:53,20.3,0.03,60.2,0.0,-5.79
2024-11-21 16:02:54,20.3,0.03,60.2,0.0,-5.79
2024-11-21 16:02:55,20.3,0.13,60.4,0.0,-5.79
2024-11-21 16:02:56,20.3,0.13,60.4,0.0,-5.79
2024-11-21 16:02:57,20.3,0.19,60.6,0.0,-5.79
2024-11-21 16:02:58,20.3,0.19,60.6,0.0,-5.79
2024-11-21 16:03:00,20.3,0.01,60.6,0.0,-5.79
2024-11-21 16:03:01,20.3,0.01,60.6,0.0,-5.79
2024-11-21 16:03:02,20.3,0.01,60.6,0.0,-5.79
2024-11-21 16:03:03,20.3,0.01,60.6,0.0,-5.79
2024-11-21 16:03:04,20.3,0.01,60.6,0.0,-5.79
2024-11-21 16:03:05,20.3,0.01,60.6,0.0,-5.79
2024-11-21 16:03:06,20.3,0.01,60.5,0.0,-5.79
2024-11-21 16:03:07,20.3,0.01,60.5,0.0,-5.79
2024-11-21 16:03:08,20.3,0.01,60.4,0.0,-5.79
2024-11-21 16:03:09,20.3,0.01,60.4,0.0,-5.79
2024-11-21 16:03:10,20.3,0.01,60.4,0.0,-5.79
2024-11-21 16:03:11,20.3,0.01,60.4,0.0,-5.79
2024-11-21 16:03:12,20.3,1.88,60.5,0.0,-5.79
2024-11-21 16:03:13,20.3,1.88,60.5,0.0,-5.79
2024-11-21 16:03:14,20.3,0.02,60.5,0.0,-5.79
2024-11-21 16:03:15,20.3,0.02,60.5,0.0,-5.79
2024-11-21 16:03:16,20.3,0.01,60.5,0.0,-5.79
2024-11-21 16:03:17,20.3,0.01,60.5,0.0,-5.79
2024-11-21 16:03:18,20.3,0.02,60.4,0.0,-5.79
2024-11-21 16:03:19,20.3,0.02,60.4,0.0,-5.79
2024-11-21 16:03:20,20.3,0.01,60.4,0.0,-5.79
2024-11-21 16:03:21,20.3,0.01,60.4,0.0,-5.79
2024-11-21 16:03:22,20.3,0.01,60.4,0.0,-5.79
2024-11-21 16:03:23,20.3,0.01,60.4,0.0,-5.79
2024-11-21 16:03:24,20.3,0.01,60.3,0.0,-5.79
2024-11-21 16:03:25,20.3,0.01,60.3,0.0,-5.79
2024-11-21 16:03:26,20.3,0.01,60.3,0.0,-5.79
2024-11-21 16:03:27,20.3,0.01,60.3,0.0,-5.79
2024-11-21 16:03:28,20.3,0.01,60.3,0.0,-5.79
2024-11-21 16:03:29,20.3,0.01,60.3,0.0,-5.79
2024-11-21 16:03:30,20.3,0.01,60.3,0.0,-5.79
2024-11-21 16:03:31,20.3,0.01,60.3,0.0,-5.79
2024-11-21 16:03:31,20.3,0.01,60.3,0.0,-5.79
2024-11-21 16:03:32,20.3,0.01,60.3,0.0,-5.79
2024-11-21 16:03:33,20.3,0.01,60.3,0.0,-5.79
2024-11-21 16:03:34,20.3,0.01,60.3,0.0,-5.79
2024-11-21 16:03:35,20.2,0.01,60.3,0.0,-5.79
2024-11-21 16:03:37,20.2,0.01,60.3,0.0,-5.79
2024-11-21 16:03:38,20.3,0.01,60.3,0.0,-5.79
2024-11-21 16:03:39,20.3,0.01,60.3,0.0,-5.79
2024-11-21 16:03:40,20.3,0.0,60.3,0.0,-5.79
2024-11-21 16:03:41,20.3,0.0,60.3,0.0,-5.79
2024-11-21 16:03:42,20.3,0.01,60.3,0.0,-5.79
2024-11-21 16:03:43,20.3,0.01,60.3,0.0,-5.79
2024-11-21 16:03:44,20.3,0.17,60.3,0.0,-5.79
2024-11-21 16:03:45,20.3,0.17,60.3,0.0,-5.79
2024-11-21 16:03:46,20.3,0.23,60.3,0.0,-5.79
2024-11-21 16:03:47,20.3,0.23,60.3,0.0,-5.79
2024-11-21 16:03:48,20.3,0.01,60.3,0.0,-5.79
2024-11-21 16:03:49,20.3,0.01,60.3,0.0,-5.79
2024-11-21 16:03:50,20.3,0.01,60.3,0.0,-5.79
2024-11-21 16:03:51,20.3,0.01,60.3,0.0,-5.79
2024-11-21 16:03:52,20.2,0.01,60.3,0.0,-5.79
2024-11-21 16:03:53,20.2,0.01,60.3,0.0,-5.79
2024-11-21 16:03:54,20.3,0.01,60.3,0.0,-5.79
2024-11-21 16:03:55,20.3,0.01,60.3,0.0,-5.79
2024-11-21 16:03:56,20.3,0.04,60.3,0.0,-5.79
2024-11-21 16:03:57,20.3,0.04,60.3,0.0,-5.79
2024-11-21 16:03:58,20.3,0.01,60.3,0.0,-5.79
2024-11-21 16:03:59,20.3,0.01,60.3,0.0,-5.79
2024-11-21 16:04:00,20.3,0.01,60.3,0.0,-5.79
2024-11-21 16:04:01,20.3,0.01,60.3,0.0,-5.79
2024-11-21 16:04:02,20.3,0.01,60.3,0.0,-5.79
2024-11-21 16:04:03,20.3,0.01,60.3,0.0,-5.79
2024-11-21 16:04:04,20.3,0.01,60.3,0.0,-5.79
2024-11-21 16:04:05,20.3,0.01,60.3,0.0,-5.79
2024-11-21 16:04:06,20.3,0.01,60.3,0.0,-5.79
2024-11-21 16:04:07,20.3,0.01,60.3,0.0,-5.79
2024-11-21 16:04:08,20.2,0.01,60.2,0.0,-5.79
2024-11-21 16:04:09,20.2,0.01,60.2,0.0,-5.79
2024-11-21 16:04:09,20.3,0.02,60.3,0.0,-5.79
2024-11-21 16:04:10,20.3,0.02,60.3,0.0,-5.79
2024-11-21 16:04:11,20.3,0.01,60.3,0.0,-5.79
2024-11-21 16:04:12,20.3,0.01,60.3,0.0,-5.79
2024-11-21 16:04:13,20.3,0.01,60.3,0.0,-5.79
2024-11-21 16:04:14,20.3,0.01,60.3,0.0,-5.79
2024-11-21 16:04:15,20.3,0.1,60.3,0.0,-5.79
2024-11-21 16:04:16,20.3,0.1,60.3,0.0,-5.79
2024-11-21 16:04:17,20.3,0.01,60.3,0.0,-5.79
2024-11-21 16:04:18,20.3,0.01,60.3,0.0,-5.79
2024-11-21 16:04:19,20.2,0.01,60.3,0.0,-5.79
2024-11-21 16:04:20,20.2,0.01,60.3,0.0,-5.79
2024-11-21 16:04:22,20.2,0.01,60.3,0.0,-5.79
2024-11-21 16:04:23,20.2,0.01,60.3,0.0,-5.79
2024-11-21 16:04:24,20.3,0.01,60.3,0.0,-5.79
2024-11-21 16:04:25,20.3,0.01,60.3,0.0,-5.79
2024-11-21 16:04:26,20.2,0.11,60.3,0.0,-5.79
2024-11-21 16:04:27,20.2,0.11,60.3,0.0,-5.79
2024-11-21 16:04:28,20.2,0.01,60.3,0.0,-5.79
2024-11-21 16:04:29,20.2,0.01,60.3,0.0,-5.79
2024-11-21 16:04:30,20.3,0.01,60.3,0.0,-5.79
2024-11-21 16:04:31,20.3,0.01,60.3,0.0,-5.79
2024-11-21 16:04:32,20.2,0.01,60.3,0.0,-5.79
2024-11-21 16:04:33,20.2,0.01,60.3,0.0,-5.79
2024-11-21 16:04:34,20.3,0.01,60.3,0.0,-5.79
2024-11-21 16:04:35,20.3,0.01,60.3,0.0,-5.79
2024-11-21 16:04:36,20.2,0.01,60.3,0.0,-5.79
2024-11-21 16:04:37,20.2,0.01,60.3,0.0,-5.79
2024-11-21 16:04:38,20.2,0.01,60.3,0.0,-5.79
2024-11-21 16:04:39,20.2,0.01,60.3,0.0,-5.79
2024-11-21 16:04:40,20.2,0.01,60.3,0.0,-5.79
2024-11-21 16:04:41,20.2,0.01,60.3,0.0,-5.79
2024-11-21 16:04:42,20.2,0.01,60.3,0.0,-5.79
2024-11-21 16:04:43,20.2,0.01,60.3,0.0,-5.79
2024-11-21 16:04:44,20.2,0.01,60.3,0.0,-5.79
2024-11-21 16:04:45,20.2,0.01,60.3,0.0,-5.79
2024-11-21 16:04:46,20.2,0.01,60.3,0.0,-5.79
2024-11-21 16:04:47,20.2,0.01,60.3,0.0,-5.79
2024-11-21 16:04:48,20.2,0.01,60.4,0.0,-5.79
2024-11-21 16:04:49,20.2,0.01,60.4,0.0,-5.79
2024-11-21 16:04:50,20.2,0.01,60.4,0.0,-5.79
2024-11-21 16:04:51,20.2,0.01,60.4,0.0,-5.79
2024-11-21 16:04:52,20.2,0.01,60.4,0.0,-5.79
2024-11-21 16:04:53,20.2,0.01,60.4,0.0,-5.79
2024-11-21 16:04:54,20.2,0.01,60.4,0.0,-5.79
2024-11-21 16:04:55,20.2,0.01,60.4,0.0,-5.79
2024-11-21 16:04:56,20.2,0.01,60.4,0.0,-5.79
2024-11-21 16:04:57,20.2,0.01,60.4,0.0,-5.79
2024-11-21 16:04:58,20.2,0.01,60.4,0.0,-5.79
2024-11-21 16:04:59,20.2,0.01,60.4,0.0,-5.79
2024-11-21 16:05:00,20.2,0.01,60.4,0.0,-5.79
2024-11-21 16:05:01,20.2,0.01,60.4,0.0,-5.79
2024-11-21 16:05:02,20.2,0.01,60.4,0.0,-5.79
2024-11-21 16:05:03,20.2,0.01,60.4,0.0,-5.79
2024-11-21 16:05:04,20.2,0.01,60.4,0.0,-5.79
2024-11-21 16:05:05,20.2,0.01,60.4,0.0,-5.79
2024-11-21 16:05:06,20.2,0.01,60.4,0.0,-5.79
2024-11-21 16:05:07,20.2,0.01,60.4,0.0,-5.79
2024-11-21 16:05:08,20.2,0.01,60.4,0.0,-5.79
2024-11-21 16:05:09,20.2,0.01,60.4,0.0,-5.79
2024-11-21 16:05:10,20.2,0.01,60.4,0.0,-5.79
2024-11-21 16:05:11,20.2,0.01,60.4,0.0,-5.79
2024-11-21 16:05:12,20.2,0.01,60.4,0.0,-5.79
2024-11-21 16:05:13,20.2,0.01,60.4,0.0,-5.79
2024-11-21 16:05:14,20.2,0.01,60.5,0.0,-5.79
2024-11-21 16:05:15,20.2,0.01,60.5,0.0,-5.79
2024-11-21 16:05:16,20.2,0.01,60.5,0.0,-5.79
2024-11-21 16:05:17,20.2,0.01,60.5,0.0,-5.79
2024-11-21 16:05:18,20.2,0.01,60.5,0.0,-5.79
2024-11-21 16:05:19,20.2,0.01,60.5,0.0,-5.79
2024-11-21 16:05:20,20.1,0.01,60.5,0.0,-5.79
2024-11-21 16:05:43,20.1,0.01,60.5,0.0,-5.79
2024-11-21 16:06:43,20.2,0.02,60.5,0.0,-5.79
2024-11-21 16:07:06,20.2,0.02,60.5,0.0,-5.79
2024-11-21 16:07:07,20.2,0.11,60.5,0.0,-5.79
2024-11-21 16:07:09,20.2,0.11,60.5,0.0,-5.79
2024-11-21 16:07:10,20.2,0.57,60.5,0.0,-5.79
2024-11-21 16:07:11,20.2,0.57,60.5,0.0,-5.79
2024-11-21 16:07:12,20.2,0.67,60.5,0.0,-5.79
2024-11-21 16:07:13,20.2,0.67,60.5,0.0,-5.79
2024-11-21 16:07:14,20.2,0.01,60.5,0.0,-5.79
2024-11-21 16:07:15,20.2,0.01,60.5,0.0,-5.79
2024-11-21 16:07:16,20.2,0.01,60.5,0.0,-5.79
2024-11-21 16:07:17,20.2,0.01,60.5,0.0,-5.79
2024-11-21 16:07:18,20.2,0.01,60.6,0.0,-5.79
2024-11-21 16:07:19,20.2,0.01,60.6,0.0,-5.79
2024-11-21 16:07:20,20.2,0.01,60.6,0.0,-5.79
2024-11-21 16:07:21,20.2,0.01,60.6,0.0,-5.79
2024-11-21 16:07:22,20.1,0.01,60.6,0.0,-5.79
2024-11-21 16:07:23,20.1,0.01,60.6,0.0,-5.79
2024-11-21 16:07:24,20.1,0.5,60.6,0.0,-5.79
2024-11-21 16:07:25,20.1,0.5,60.6,0.0,-5.79
2024-11-21 16:07:26,20.2,0.01,60.6,0.0,-5.79
2024-11-21 16:07:27,20.2,0.01,60.6,0.0,-5.79
2024-11-21 16:07:28,20.2,0.01,60.6,0.0,-5.79
2024-11-21 16:07:29,20.2,0.01,60.6,0.0,-5.79
2024-11-21 16:07:30,20.2,0.01,60.6,0.0,-5.79
2024-11-21 16:07:31,20.2,0.01,60.6,0.0,-5.79
2024-11-21 16:07:32,20.1,0.01,60.6,0.0,-5.79
2024-11-21 16:07:33,20.1,0.01,60.6,0.0,-5.79
2024-11-21 16:07:34,20.2,0.01,60.6,0.0,-5.79
2024-11-21 16:07:35,20.2,0.01,60.6,0.0,-5.79
2024-11-21 16:07:36,20.2,0.03,60.6,0.0,-5.79
2024-11-21 16:07:37,20.2,0.03,60.6,0.0,-5.79
2024-11-21 16:07:38,20.1,0.01,60.5,0.0,-5.79
2024-11-21 16:07:39,20.1,0.01,60.5,0.0,-5.79
2024-11-21 16:07:40,20.2,0.01,60.5,0.0,-5.79
2024-11-21 16:07:41,20.2,0.01,60.5,0.0,-5.79
2024-11-21 16:07:42,20.2,0.01,60.5,0.0,-5.79
2024-11-21 16:07:43,20.2,0.01,60.5,0.0,-5.79
2024-11-21 16:07:44,20.2,0.01,60.5,0.0,-5.79
2024-11-21 16:07:45,20.2,0.01,60.5,0.0,-5.79
2024-11-21 16:07:46,20.2,0.01,60.5,0.0,-5.79
2024-11-21 16:07:47,20.2,0.01,60.5,0.0,-5.79
2024-11-21 16:07:48,20.1,0.01,60.6,0.0,-5.79
2024-11-21 16:07:49,20.1,0.01,60.6,0.0,-5.79
2024-11-21 16:07:50,20.2,0.01,60.6,0.0,-5.79
2024-11-21 16:07:51,20.2,0.01,60.6,0.0,-5.79
2024-11-21 16:07:52,20.2,0.01,60.5,0.0,-5.79
2024-11-21 16:07:53,20.2,0.01,60.5,0.0,-5.79
2024-11-21 16:07:54,20.2,0.01,60.6,0.0,-5.79
2024-11-21 16:07:55,20.2,0.01,60.6,0.0,-5.79
2024-11-21 16:07:56,20.2,0.0,60.5,0.0,-5.79
2024-11-21 16:07:57,20.2,0.0,60.5,0.0,-5.79
2024-11-21 16:07:58,20.2,0.01,60.5,0.0,-5.79
2024-11-21 16:07:59,20.2,0.01,60.5,0.0,-5.79
2024-11-21 16:08:00,20.2,0.0,60.5,0.0,-5.79
2024-11-21 16:08:01,20.2,0.0,60.5,0.0,-5.79
2024-11-21 16:08:02,20.2,0.19,60.5,0.0,-5.79
2024-11-21 16:08:03,20.2,0.19,60.5,0.0,-5.79
2024-11-21 16:08:04,20.2,0.01,60.5,0.0,-5.79
2024-11-21 16:08:05,20.2,0.01,60.5,0.0,-5.79
2024-11-21 16:08:06,20.2,0.12,60.5,0.0,-5.79
2024-11-21 16:08:07,20.2,0.12,60.5,0.0,-5.79
2024-11-21 16:08:08,20.2,0.0,60.4,0.0,-5.79
2024-11-21 16:08:09,20.2,0.0,60.4,0.0,-5.79
2024-11-21 16:08:10,20.2,0.01,60.5,0.0,-5.79
2024-11-21 16:08:11,20.2,0.01,60.5,0.0,-5.79
2024-11-21 16:08:12,20.2,0.01,60.5,0.0,-5.79
2024-11-21 16:08:13,20.2,0.01,60.5,0.0,-5.79
2024-11-21 16:08:14,20.2,0.01,60.5,0.0,-5.79
2024-11-21 16:08:15,20.2,0.01,60.5,0.0,-5.79
2024-11-21 16:08:16,20.2,0.01,60.4,0.0,-5.79
2024-11-21 16:08:17,20.2,0.01,60.4,0.0,-5.79
2024-11-21 16:08:18,20.2,0.01,60.4,0.0,-5.79
2024-11-21 16:08:19,20.2,0.01,60.4,0.0,-5.79
2024-11-21 16:08:20,20.2,0.01,60.5,0.0,-5.79
2024-11-21 16:08:21,20.2,0.01,60.5,0.0,-5.79
2024-11-21 16:08:22,20.2,0.04,60.5,0.0,-5.79
2024-11-21 16:08:23,20.2,0.04,60.5,0.0,-5.79
2024-11-21 16:08:24,20.2,0.01,60.4,0.0,-5.79
2024-11-21 16:08:25,20.2,0.01,60.4,0.0,-5.79
2024-11-21 16:08:26,20.2,0.01,60.5,0.0,-5.79
2024-11-21 16:08:27,20.2,0.01,60.5,0.0,-5.79
2024-11-21 16:08:28,20.2,0.02,60.5,0.0,-5.79
2024-11-21 16:08:29,20.2,0.02,60.5,0.0,-5.79
2024-11-21 16:08:30,20.2,0.01,60.4,0.0,-5.79
2024-11-21 16:08:31,20.2,0.01,60.4,0.0,-5.79
2024-11-21 16:08:32,20.2,0.01,60.4,0.0,-5.79
2024-11-21 16:08:33,20.2,0.01,60.4,0.0,-5.79
2024-11-21 16:08:34,20.2,0.01,60.4,0.0,-5.79
2024-11-21 16:08:35,20.2,0.01,60.4,0.0,-5.79
2024-11-21 16:08:36,20.2,0.01,60.5,0.0,-5.79
2024-11-21 16:08:37,20.2,0.01,60.5,0.0,-5.79
2024-11-21 16:08:38,20.2,0.24,60.6,0.0,-5.79
2024-11-21 16:08:39,20.2,0.24,60.6,0.0,-5.79
2024-11-21 16:08:40,20.2,0.01,60.7,0.0,-5.79
2024-11-21 16:08:41,20.2,0.01,60.7,0.0,-5.79
2024-11-21 16:08:42,20.2,0.01,60.7,0.0,-5.79
2024-11-21 16:08:43,20.2,0.01,60.7,0.0,-5.79
2024-11-21 16:08:44,20.2,0.01,60.7,0.0,-5.79
2024-11-21 16:08:45,20.2,0.01,60.7,0.0,-5.79
2024-11-21 16:08:46,20.2,0.18,60.7,0.0,-5.79
2024-11-21 16:08:47,20.2,0.18,60.7,0.0,-5.79
2024-11-21 16:08:48,20.2,0.39,60.9,0.0,-5.79
2024-11-21 16:08:49,20.2,0.39,60.9,0.0,-5.79
2024-11-21 16:08:50,20.2,0.01,61.1,0.0,-5.79
2024-11-21 16:08:51,20.2,0.01,61.1,0.0,-5.79
2024-11-21 16:08:52,20.2,0.01,61.1,0.0,-5.79
2024-11-21 16:08:53,20.2,0.01,61.1,0.0,-5.79
2024-11-21 16:08:54,20.2,0.01,61.0,0.0,-5.79
2024-11-21 16:08:55,20.2,0.01,61.0,0.0,-5.79
