Timestamp,CPU Package Temperature (C),CPU Power Consumption (W),Humidity (%)
2024-11-14 15:33:21,52.0,0.61,22.0
2024-11-14 15:33:23,52.75,1.02,21.0
2024-11-14 15:33:24,53.25,1.4,21.0
2024-11-14 15:33:25,53.125,1.01,21.0
2024-11-14 15:33:26,53.25,1.31,21.0
2024-11-14 15:33:28,54.25,1.36,20.0
2024-11-14 15:33:29,54.75,1.41,20.0
2024-11-14 15:33:30,54.625,1.41,20.0
2024-11-14 15:33:32,54.125,0.88,20.0
2024-11-14 15:33:33,54.375,1.21,20.0
2024-11-14 15:33:34,54.125,1.11,20.0
2024-11-14 15:33:36,54.875,1.49,20.0
2024-11-14 15:33:37,54.625,1.29,20.0
2024-11-14 15:33:38,54.375,0.98,20.0
2024-11-14 15:33:39,54.375,1.08,20.0
2024-11-14 15:33:41,53.875,0.8,20.0
2024-11-14 15:33:42,53.875,1.22,20.0
2024-11-14 15:33:43,54.125,1.34,20.0
2024-11-14 15:33:45,54.125,1.96,20.0
2024-11-14 15:33:46,54.625,1.16,20.0
2024-11-14 15:33:47,54.375,1.03,20.0
2024-11-14 15:33:48,54.5,0.91,20.0
2024-11-14 15:33:50,55.5,1.77,20.0
2024-11-14 15:33:51,55.625,1.31,20.0
2024-11-14 15:33:52,55.75,1.53,20.0
2024-11-14 15:33:54,56.125,1.8,20.0
2024-11-14 15:33:55,56.0,1.27,20.0
2024-11-14 15:33:56,55.875,1.59,20.0
2024-11-14 15:33:58,55.375,1.11,20.0
2024-11-14 15:33:59,55.125,1.12,20.0
2024-11-14 15:34:00,55.0,1.07,20.0
2024-11-14 15:34:02,55.25,1.16,20.0
2024-11-14 15:34:03,56.0,1.43,20.0
2024-11-14 15:34:04,56.125,1.17,20.0
2024-11-14 15:34:05,55.75,1.05,20.0
2024-11-14 15:34:07,56.125,1.65,20.0
2024-11-14 15:34:08,56.625,1.53,20.0
2024-11-14 15:34:09,56.75,1.24,20.0
2024-11-14 15:34:11,57.125,1.68,20.0
2024-11-14 15:34:12,57.125,1.47,20.0
2024-11-14 15:34:13,57.375,1.56,20.0
2024-11-14 15:34:15,60.625,2.33,20.0
2024-11-14 15:34:16,60.375,1.55,20.0
2024-11-14 15:34:17,60.125,1.47,20.0
2024-11-14 15:34:19,59.0,0.86,20.0
2024-11-14 15:34:20,58.5,0.82,20.0
2024-11-14 15:34:21,58.0,0.89,20.0
2024-11-14 15:34:23,57.5,1.01,20.0
2024-11-14 15:34:24,57.75,1.36,20.0
2024-11-14 15:34:25,57.375,0.92,20.0
2024-11-14 15:34:26,57.125,0.91,20.0
2024-11-14 15:34:28,56.75,1.01,20.0
2024-11-14 15:34:29,56.5,0.92,20.0
2024-11-14 15:34:30,56.375,0.93,20.0
2024-11-14 15:34:32,56.125,0.97,20.0
2024-11-14 15:34:33,56.125,0.88,20.0
2024-11-14 15:34:34,56.25,1.04,20.0
2024-11-14 15:34:36,56.75,1.19,20.0
2024-11-14 15:34:37,57.25,1.56,20.0
2024-11-14 15:34:38,58.625,2.17,20.0
2024-11-14 15:34:40,59.5,1.26,20.0
2024-11-14 15:34:41,59.125,1.06,20.0
2024-11-14 15:34:42,58.875,1.38,20.0
2024-11-14 15:34:43,58.625,1.06,20.0
2024-11-14 15:34:45,58.0,1.07,20.0
2024-11-14 15:34:46,57.875,1.15,20.0
2024-11-14 15:34:47,57.75,1.3,20.0
2024-11-14 15:34:49,57.25,1.02,20.0
2024-11-14 15:34:50,57.625,1.52,20.0
2024-11-14 15:34:51,57.375,0.97,20.0
2024-11-14 15:34:53,57.0,0.88,20.0
2024-11-14 15:34:54,57.0,0.94,20.0
2024-11-14 15:34:55,57.625,1.2,20.0
2024-11-14 15:34:57,58.5,1.22,20.0
2024-11-14 15:34:58,58.75,1.42,20.0
2024-11-14 15:34:59,58.75,1.13,20.0
2024-11-14 15:35:00,59.0,1.49,20.0
2024-11-14 15:35:02,58.875,1.24,20.0
2024-11-14 15:35:03,58.75,1.21,20.0
2024-11-14 15:35:04,58.75,1.09,20.0
2024-11-14 15:35:06,58.125,1.01,20.0
2024-11-14 15:35:07,58.0,0.85,20.0
2024-11-14 15:35:08,57.875,1.09,20.0
2024-11-14 15:35:10,57.5,0.64,20.0
2024-11-14 15:35:11,57.375,0.9,20.0
2024-11-14 15:35:12,57.375,0.91,20.0
2024-11-14 15:35:13,57.375,0.87,20.0
2024-11-14 15:35:15,57.25,1.08,20.0
2024-11-14 15:35:16,57.5,1.15,20.0
2024-11-14 15:35:17,57.5,1.11,20.0
2024-11-14 15:35:19,57.375,0.91,20.0
2024-11-14 15:35:20,57.625,1.07,20.0
2024-11-14 15:35:21,57.625,1.03,20.0
2024-11-14 15:35:23,57.375,0.86,20.0
2024-11-14 15:35:24,57.5,1.04,20.0
2024-11-14 15:35:25,58.375,1.09,20.0
2024-11-14 15:35:27,57.875,0.68,20.0
2024-11-14 15:35:28,57.875,0.93,20.0
2024-11-14 15:35:29,57.875,1.07,20.0
2024-11-14 15:35:30,58.0,1.13,20.0
2024-11-14 15:35:32,57.75,1.0,20.0
2024-11-14 15:35:33,58.0,1.18,20.0
2024-11-14 15:35:34,58.25,1.24,20.0
2024-11-14 15:35:36,58.25,1.11,20.0
2024-11-14 15:35:37,58.125,0.87,20.0
2024-11-14 15:35:38,58.125,0.8,20.0
2024-11-14 15:35:40,57.875,0.84,20.0
2024-11-14 15:35:41,58.0,0.79,20.0
2024-11-14 15:35:42,58.125,0.87,20.0
2024-11-14 15:35:44,59.125,1.17,20.0
2024-11-14 15:35:45,60.625,2.1,20.0
2024-11-14 15:35:46,60.5,1.21,20.0
2024-11-14 15:35:47,60.125,1.4,20.0
2024-11-14 15:35:49,60.25,1.38,20.0
2024-11-14 15:35:50,60.25,1.17,20.0
2024-11-14 15:35:51,59.875,1.15,20.0
2024-11-14 15:35:53,59.125,0.9,20.0
2024-11-14 15:35:54,59.75,1.69,20.0
2024-11-14 15:35:55,60.625,1.65,20.0
2024-11-14 15:35:57,59.875,0.72,20.0
2024-11-14 15:35:58,59.625,0.89,20.0
2024-11-14 15:35:59,59.375,1.0,20.0
2024-11-14 15:36:01,59.875,1.17,20.0
2024-11-14 15:36:02,60.375,1.46,20.0
2024-11-14 15:36:03,60.5,1.5,20.0
2024-11-14 15:36:04,60.5,1.25,20.0
2024-11-14 15:36:06,60.25,1.07,20.0
2024-11-14 15:36:07,60.625,1.27,20.0
2024-11-14 15:36:08,60.375,1.16,20.0
2024-11-14 15:36:10,60.125,1.07,20.0
2024-11-14 15:36:11,59.875,0.99,20.0
2024-11-14 15:36:12,59.625,0.93,20.0
2024-11-14 15:36:14,59.25,0.84,20.0
2024-11-14 15:36:15,59.125,0.81,20.0
2024-11-14 15:36:16,59.25,1.01,20.0
2024-11-14 15:36:18,59.125,0.85,20.0
2024-11-14 15:36:19,59.0,0.87,20.0
2024-11-14 15:36:20,58.875,0.89,20.0
2024-11-14 15:36:21,58.875,1.06,20.0
2024-11-14 15:36:23,58.875,1.04,20.0
2024-11-14 15:36:24,59.25,1.35,20.0
2024-11-14 15:36:25,59.25,1.07,20.0
2024-11-14 15:36:27,59.5,0.9,20.0
2024-11-14 15:36:28,59.75,0.9,20.0
2024-11-14 15:36:29,59.625,1.1,20.0
2024-11-14 15:36:31,59.5,1.15,20.0
2024-11-14 15:36:32,59.375,0.97,20.0
2024-11-14 15:36:33,59.375,1.14,20.0
2024-11-14 15:36:35,59.125,0.65,20.0
2024-11-14 15:36:36,59.375,0.87,20.0
2024-11-14 15:36:37,59.375,0.89,20.0
2024-11-14 15:36:38,59.375,0.95,20.0
2024-11-14 15:36:40,59.25,1.14,20.0
2024-11-14 15:36:41,59.25,0.99,20.0
2024-11-14 15:36:42,59.375,0.83,20.0
2024-11-14 15:36:44,59.25,0.66,20.0
2024-11-14 15:36:45,59.375,1.08,20.0
2024-11-14 15:36:46,59.375,0.85,20.0
2024-11-14 15:36:48,59.125,0.69,20.0
2024-11-14 15:36:49,59.875,1.46,20.0
2024-11-14 15:36:50,61.875,1.96,20.0
2024-11-14 15:36:51,62.125,0.91,20.0
2024-11-14 15:36:53,61.875,0.95,20.0
2024-11-14 15:36:54,61.625,1.37,20.0
2024-11-14 15:36:55,61.25,1.03,20.0
2024-11-14 15:36:57,61.125,0.66,20.0
2024-11-14 15:36:58,61.0,0.91,20.0
2024-11-14 15:36:59,60.75,0.92,20.0
2024-11-14 15:37:01,60.75,1.46,20.0
2024-11-14 15:37:02,61.125,1.11,20.0
2024-11-14 15:37:03,61.0,0.97,20.0
2024-11-14 15:37:04,60.875,1.02,20.0
2024-11-14 15:37:06,60.375,0.97,20.0
2024-11-14 15:37:07,60.25,0.77,20.0
2024-11-14 15:37:08,61.125,1.48,20.0
2024-11-14 15:37:10,61.625,1.35,20.0
2024-11-14 15:37:11,61.75,1.39,20.0
2024-11-14 15:37:12,62.25,1.73,20.0
2024-11-14 15:37:14,62.375,1.19,20.0
2024-11-14 15:37:15,62.0,1.12,20.0
2024-11-14 15:37:16,61.875,1.52,20.0
2024-11-14 15:37:18,60.875,0.72,20.0
2024-11-14 15:37:19,60.5,1.0,20.0
2024-11-14 15:37:20,60.125,0.8,20.0
2024-11-14 15:37:21,59.75,1.04,20.0
2024-11-14 15:37:23,59.125,0.81,20.0
2024-11-14 15:37:24,58.875,0.92,20.0
2024-11-14 15:37:25,59.0,1.24,20.0
2024-11-14 15:37:27,59.375,0.77,20.0
2024-11-14 15:37:28,59.125,1.17,20.0
2024-11-14 15:37:29,59.625,2.06,20.0
2024-11-14 15:37:31,58.625,0.83,20.0
2024-11-14 15:37:32,58.375,0.9,20.0
2024-11-14 15:37:33,58.0,1.0,20.0
2024-11-14 15:37:34,57.75,1.14,20.0
2024-11-14 15:37:36,57.25,1.0,20.0
2024-11-14 15:37:37,57.125,0.75,20.0
2024-11-14 15:37:38,56.875,0.97,20.0
2024-11-14 15:37:40,56.25,0.85,20.0
2024-11-14 15:37:41,56.125,1.04,20.0
2024-11-14 15:37:42,56.0,0.8,20.0
2024-11-14 15:37:44,55.625,0.76,20.0
2024-11-14 15:37:45,55.5,0.84,20.0
2024-11-14 15:37:46,55.5,0.87,20.0
2024-11-14 15:37:47,55.375,0.8,20.0
2024-11-14 15:37:49,55.0,0.99,20.0
2024-11-14 15:37:50,55.375,1.29,20.0
2024-11-14 15:37:51,55.375,0.89,20.0
2024-11-14 15:37:53,54.875,1.17,20.0
2024-11-14 15:37:54,54.75,0.87,20.0
2024-11-14 15:37:55,54.625,0.75,20.0
2024-11-14 15:37:57,55.25,0.99,20.0
2024-11-14 15:37:58,55.125,0.91,20.0
2024-11-14 15:37:59,54.875,1.01,20.0
2024-11-14 15:38:00,54.625,0.94,20.0
2024-11-14 15:38:02,54.25,0.94,20.0
2024-11-14 15:38:03,54.125,0.89,20.0
2024-11-14 15:38:04,54.25,1.0,20.0
2024-11-14 15:38:06,53.75,0.72,20.0
2024-11-14 15:38:07,53.625,0.78,20.0
2024-11-14 15:38:08,53.5,0.94,20.0
2024-11-14 15:38:10,53.375,0.81,20.0
2024-11-14 15:38:11,55.5,1.35,20.0
2024-11-14 15:38:12,55.125,1.01,20.0
2024-11-14 15:38:13,54.75,1.05,20.0
2024-11-14 15:38:15,54.875,1.43,20.0
2024-11-14 15:38:16,54.875,1.43,20.0
2024-11-14 15:38:17,55.0,1.24,20.0
2024-11-14 15:38:19,54.75,1.23,20.0
2024-11-14 15:38:20,54.625,1.02,20.0
2024-11-14 15:38:21,54.5,1.67,20.0
2024-11-14 15:38:23,54.0,0.87,20.0
2024-11-14 15:38:24,53.75,0.9,20.0
2024-11-14 15:38:25,53.5,0.95,20.0
2024-11-14 15:38:27,53.375,1.09,20.0
2024-11-14 15:38:28,53.125,0.93,21.0
2024-11-14 15:38:29,53.125,0.97,21.0
2024-11-14 15:38:31,52.875,0.89,21.0
2024-11-14 15:38:32,52.375,0.87,22.0
2024-11-14 15:38:33,52.5,1.31,22.0
2024-11-14 15:38:34,52.375,0.86,22.0
2024-11-14 15:38:36,52.0,1.04,22.0
2024-11-14 15:38:37,51.875,0.98,23.0
2024-11-14 15:38:38,51.875,0.89,23.0
2024-11-14 15:38:40,51.625,0.93,23.0
2024-11-14 15:38:41,51.75,1.01,23.0
2024-11-14 15:38:42,51.625,0.72,23.0
2024-11-14 15:38:44,51.25,0.62,24.0
2024-11-14 15:38:45,51.375,0.93,23.0
2024-11-14 15:38:46,51.25,0.84,24.0
2024-11-14 15:38:47,51.25,1.13,24.0
2024-11-14 15:38:49,51.0,0.91,24.0
2024-11-14 15:38:50,51.375,1.25,23.0
2024-11-14 15:38:51,51.5,1.13,23.0
2024-11-14 15:38:53,51.625,1.24,23.0
2024-11-14 15:38:54,51.375,0.94,23.0
2024-11-14 15:38:55,51.375,1.14,23.0
2024-11-14 15:38:57,51.5,1.06,23.0
2024-11-14 15:38:58,51.75,1.07,23.0
2024-11-14 15:38:59,51.5,0.87,23.0
2024-11-14 15:39:00,51.25,1.03,24.0
2024-11-14 15:39:02,50.875,0.72,24.0
2024-11-14 15:39:03,50.75,0.94,24.0
2024-11-14 15:39:04,51.125,1.32,24.0
2024-11-14 15:39:06,50.625,0.8,25.0
2024-11-14 15:39:07,50.375,1.03,25.0
2024-11-14 15:39:08,50.5,1.21,25.0
2024-11-14 15:39:10,50.125,0.7,25.0
2024-11-14 15:39:11,50.125,0.93,25.0
2024-11-14 15:39:12,50.125,0.79,25.0
2024-11-14 15:39:14,49.875,0.77,26.0
2024-11-14 15:39:15,49.875,0.98,26.0
2024-11-14 15:39:16,50.75,1.44,24.0
2024-11-14 15:39:17,50.5,0.92,25.0
2024-11-14 15:39:19,51.5,1.81,23.0
2024-11-14 15:39:20,51.875,1.43,23.0
2024-11-14 15:39:21,51.625,1.12,23.0
2024-11-14 15:39:23,51.875,1.3,23.0
2024-11-14 15:39:24,53.0,2.1,21.0
2024-11-14 15:39:25,52.625,1.28,22.0
2024-11-14 15:39:27,52.75,1.29,21.0
2024-11-14 15:39:28,52.5,1.27,22.0
2024-11-14 15:39:29,52.125,1.16,22.0
2024-11-14 15:39:31,52.25,0.75,22.0
2024-11-14 15:39:32,52.875,1.12,21.0
2024-11-14 15:39:33,52.375,1.01,22.0
2024-11-14 15:39:35,51.375,0.72,23.0
2024-11-14 15:39:36,51.0,0.85,24.0
2024-11-14 15:39:37,50.625,0.96,25.0
2024-11-14 15:39:38,50.375,1.04,25.0
2024-11-14 15:39:40,50.0,1.06,25.0
2024-11-14 15:39:41,49.75,0.79,26.0
2024-11-14 15:39:42,49.625,0.83,26.0
2024-11-14 15:39:44,49.25,0.76,27.0
2024-11-14 15:39:45,49.25,0.95,27.0
2024-11-14 15:39:46,49.125,1.19,27.0
2024-11-14 15:39:48,49.0,0.79,27.0
2024-11-14 15:39:49,49.0,1.19,27.0
2024-11-14 15:39:50,49.5,1.1,26.0
2024-11-14 15:39:51,49.5,0.94,26.0
2024-11-14 15:39:53,49.125,0.84,27.0
2024-11-14 15:39:54,49.25,0.82,27.0
2024-11-14 15:39:55,49.375,0.77,26.0
2024-11-14 15:39:57,49.25,0.83,27.0
2024-11-14 15:39:58,50.125,1.28,25.0
2024-11-14 15:39:59,50.125,0.93,25.0
2024-11-14 15:40:01,49.75,0.66,26.0
2024-11-14 15:40:02,49.75,0.96,26.0
2024-11-14 15:40:03,50.0,1.05,25.0
2024-11-14 15:40:04,50.125,1.01,25.0
2024-11-14 15:40:06,49.875,0.87,26.0
2024-11-14 15:40:07,50.0,0.92,25.0
2024-11-14 15:40:08,50.25,1.39,25.0
2024-11-14 15:40:10,50.25,0.97,25.0
2024-11-14 15:40:11,50.5,1.23,25.0
2024-11-14 15:40:12,50.625,1.11,25.0
2024-11-14 15:40:14,50.375,0.84,25.0
2024-11-14 15:40:15,50.375,0.78,25.0
2024-11-14 15:40:16,50.75,1.14,24.0
2024-11-14 15:40:18,50.625,0.54,25.0
2024-11-14 15:40:19,50.75,0.8,24.0
2024-11-14 15:40:20,50.875,1.0,24.0
2024-11-14 15:40:21,50.875,1.02,24.0
2024-11-14 15:40:23,50.625,0.93,25.0
2024-11-14 15:40:24,50.875,0.84,24.0
2024-11-14 15:40:25,51.5,1.21,23.0
2024-11-14 15:40:27,52.25,1.06,22.0
2024-11-14 15:40:28,53.375,1.82,20.0
2024-11-14 15:40:29,53.875,1.68,20.0
2024-11-14 15:40:31,53.625,1.14,20.0
2024-11-14 15:40:32,53.5,1.18,20.0
2024-11-14 15:40:33,53.375,1.44,20.0
2024-11-14 15:40:35,52.5,0.65,22.0
2024-11-14 15:40:36,52.375,0.73,22.0
2024-11-14 15:40:37,52.25,0.95,22.0
2024-11-14 15:40:38,52.25,0.84,22.0
2024-11-14 15:40:40,52.0,0.83,22.0
2024-11-14 15:40:41,51.875,0.91,23.0
2024-11-14 15:40:42,52.0,0.81,22.0
2024-11-14 15:40:44,53.125,0.98,21.0
2024-11-14 15:40:45,54.75,1.45,20.0
2024-11-14 15:40:46,54.375,1.15,20.0
2024-11-14 15:40:48,53.5,0.64,20.0
2024-11-14 15:40:49,53.25,0.95,21.0
2024-11-14 15:40:50,53.625,1.04,20.0
2024-11-14 15:40:51,53.5,0.98,20.0
2024-11-14 15:40:53,52.875,0.9,21.0
2024-11-14 15:40:54,52.875,1.15,21.0
2024-11-14 15:40:55,52.75,1.04,21.0
2024-11-14 15:40:57,52.625,0.8,22.0
2024-11-14 15:40:58,52.625,0.77,22.0
2024-11-14 15:40:59,53.375,1.41,20.0
2024-11-14 15:41:01,53.375,0.89,20.0
2024-11-14 15:41:02,53.25,0.94,21.0
2024-11-14 15:41:03,53.125,0.83,21.0
2024-11-14 15:41:04,53.25,0.96,21.0
2024-11-14 15:41:06,53.125,0.97,21.0
2024-11-14 15:41:07,53.125,1.13,21.0
2024-11-14 15:41:08,54.125,1.41,20.0
2024-11-14 15:41:10,54.375,0.87,20.0
2024-11-14 15:41:11,54.125,0.92,20.0
2024-11-14 15:41:12,54.875,1.6,20.0
2024-11-14 15:41:14,56.5,1.04,20.0
2024-11-14 15:41:15,56.125,1.05,20.0
2024-11-14 15:41:16,55.625,0.92,20.0
2024-11-14 15:41:18,55.0,0.92,20.0
2024-11-14 15:41:19,54.75,0.98,20.0
2024-11-14 15:41:20,54.5,1.0,20.0
2024-11-14 15:41:22,54.375,1.08,20.0
2024-11-14 15:41:23,54.0,0.99,20.0
2024-11-14 15:41:24,54.125,0.87,20.0
2024-11-14 15:41:25,54.125,1.1,20.0
2024-11-14 15:41:27,53.875,0.86,20.0
2024-11-14 15:41:28,54.25,1.37,20.0
2024-11-14 15:41:29,55.0,1.71,20.0
2024-11-14 15:41:31,55.625,1.69,20.0
2024-11-14 15:41:32,55.75,1.28,20.0
2024-11-14 15:41:33,56.125,1.46,20.0
2024-11-14 15:41:35,56.5,1.3,20.0
2024-11-14 15:41:36,56.625,1.41,20.0
2024-11-14 15:41:37,56.375,1.3,20.0
2024-11-14 15:41:39,56.25,0.74,20.0
2024-11-14 15:41:40,56.0,0.93,20.0
2024-11-14 15:41:41,55.75,1.26,20.0
2024-11-14 15:41:43,55.375,1.0,20.0
2024-11-14 15:41:44,55.0,1.18,20.0
2024-11-14 15:41:45,55.0,1.02,20.0
2024-11-14 15:41:46,55.0,1.1,20.0
2024-11-14 15:41:48,54.75,0.84,20.0
2024-11-14 15:41:49,54.75,0.99,20.0
2024-11-14 15:41:50,55.375,1.26,20.0
2024-11-14 15:41:52,55.125,0.68,20.0
2024-11-14 15:41:53,55.125,0.91,20.0
2024-11-14 15:41:54,55.125,0.95,20.0
2024-11-14 15:41:56,55.0,0.84,20.0
2024-11-14 15:41:57,54.875,1.0,20.0
2024-11-14 15:41:58,54.875,1.07,20.0
2024-11-14 15:41:59,55.875,1.19,20.0
2024-11-14 15:42:01,55.625,0.82,20.0
2024-11-14 15:42:02,55.375,1.08,20.0
2024-11-14 15:42:03,55.25,0.9,20.0
2024-11-14 15:42:05,55.25,0.67,20.0
2024-11-14 15:42:06,55.25,0.94,20.0
2024-11-14 15:42:07,55.375,1.13,20.0
2024-11-14 15:42:09,55.25,0.82,20.0
2024-11-14 15:42:10,55.25,1.21,20.0
2024-11-14 15:42:11,55.375,0.86,20.0
2024-11-14 15:42:12,55.5,0.87,20.0
2024-11-14 15:42:14,55.25,0.88,20.0
2024-11-14 15:42:15,55.375,0.78,20.0
2024-11-14 15:42:16,55.375,0.97,20.0
2024-11-14 15:42:18,55.25,0.71,20.0
2024-11-14 15:42:19,55.375,0.94,20.0
2024-11-14 15:42:20,55.5,1.09,20.0
2024-11-14 15:42:22,55.375,0.82,20.0
2024-11-14 15:42:23,55.5,1.32,20.0
2024-11-14 15:42:24,55.625,1.08,20.0
2024-11-14 15:42:25,55.75,1.13,20.0
2024-11-14 15:42:27,55.625,0.85,20.0
2024-11-14 15:42:28,55.75,1.21,20.0
2024-11-14 15:42:29,55.75,1.05,20.0
2024-11-14 15:42:31,56.625,0.82,20.0
2024-11-14 15:42:32,56.625,1.25,20.0
2024-11-14 15:42:33,56.5,0.9,20.0
2024-11-14 15:42:35,56.125,0.76,20.0
2024-11-14 15:42:36,56.75,1.66,20.0
2024-11-14 15:42:37,57.625,1.32,20.0
2024-11-14 15:42:39,58.0,1.36,20.0
2024-11-14 15:42:40,58.0,1.14,20.0
2024-11-14 15:42:41,58.25,1.27,20.0
2024-11-14 15:42:42,58.375,1.47,20.0
2024-11-14 15:42:44,57.875,1.1,20.0
2024-11-14 15:42:45,57.75,1.11,20.0
2024-11-14 15:42:46,57.75,1.28,20.0
2024-11-14 15:42:48,57.125,0.94,20.0
2024-11-14 15:42:49,57.25,1.11,20.0
2024-11-14 15:42:50,57.5,1.27,20.0
2024-11-14 15:42:52,57.25,0.84,20.0
2024-11-14 15:42:53,57.125,0.83,20.0
2024-11-14 15:42:54,57.0,0.88,20.0
2024-11-14 15:42:56,57.0,1.21,20.0
2024-11-14 15:42:57,57.0,1.37,20.0
2024-11-14 15:42:58,57.375,1.38,20.0
2024-11-14 15:42:59,57.625,1.27,20.0
2024-11-14 15:43:01,59.125,1.19,20.0
2024-11-14 15:43:02,58.875,1.32,20.0
2024-11-14 15:43:03,58.75,1.46,20.0
2024-11-14 15:43:05,58.375,0.95,20.0
2024-11-14 15:43:06,58.875,1.78,20.0
2024-11-14 15:43:07,59.5,1.67,20.0
2024-11-14 15:43:09,59.5,1.24,20.0
2024-11-14 15:43:10,59.375,1.32,20.0
2024-11-14 15:43:11,59.75,1.26,20.0
2024-11-14 15:43:13,59.375,1.18,20.0
2024-11-14 15:43:14,58.625,0.99,20.0
2024-11-14 15:43:15,58.5,0.78,20.0
2024-11-14 15:43:16,58.25,0.96,20.0
2024-11-14 15:43:18,57.875,0.87,20.0
2024-11-14 15:43:19,57.875,0.99,20.0
2024-11-14 15:43:20,57.875,0.85,20.0
2024-11-14 15:43:22,57.5,0.71,20.0
2024-11-14 15:43:23,57.875,1.2,20.0
2024-11-14 15:43:24,57.875,0.9,20.0
2024-11-14 15:43:25,57.875,0.96,20.0
2024-11-14 15:43:27,57.75,0.96,20.0
2024-11-14 15:43:28,57.75,1.02,20.0
2024-11-14 15:43:29,57.75,1.01,20.0
2024-11-14 15:43:31,58.25,1.03,20.0
2024-11-14 15:43:32,58.25,1.05,20.0
2024-11-14 15:43:33,58.25,1.01,20.0
2024-11-14 15:43:35,58.25,1.22,20.0
2024-11-14 15:43:36,58.25,0.95,20.0
2024-11-14 15:43:37,58.25,1.11,20.0
2024-11-14 15:43:39,58.25,1.11,20.0
2024-11-14 15:43:40,58.875,1.38,20.0
2024-11-14 15:43:41,58.75,1.12,20.0
2024-11-14 15:43:42,59.5,1.3,20.0
2024-11-14 15:43:44,62.375,2.1,20.0
2024-11-14 15:43:45,62.875,1.72,20.0
2024-11-14 15:43:46,62.5,1.36,20.0
2024-11-14 15:43:48,62.0,1.51,20.0
2024-11-14 15:43:49,61.875,1.77,20.0
2024-11-14 15:43:50,62.125,2.12,20.0
2024-11-14 15:43:52,61.75,1.54,20.0
2024-11-14 15:43:53,61.375,1.1,20.0
2024-11-14 15:43:54,61.5,1.59,20.0
2024-11-14 15:43:56,60.875,0.66,20.0
2024-11-14 15:43:57,60.75,1.32,20.0
2024-11-14 15:43:58,60.875,1.42,20.0
2024-11-14 15:44:00,62.125,1.84,20.0
2024-11-14 15:44:01,63.5,2.02,20.0
2024-11-14 15:44:02,64.0,1.95,20.0
2024-11-14 15:44:03,64.25,1.66,20.0
2024-11-14 15:44:05,63.375,1.19,20.0
2024-11-14 15:44:06,62.875,1.27,20.0
2024-11-14 15:44:07,62.375,0.94,20.0
2024-11-14 15:44:09,61.375,0.95,20.0
2024-11-14 15:44:10,61.0,0.64,20.0
2024-11-14 15:44:11,60.625,0.94,20.0
2024-11-14 15:44:13,60.5,0.87,20.0
2024-11-14 15:44:14,63.625,1.83,20.0
2024-11-14 15:44:15,64.375,2.24,20.0
2024-11-14 15:44:17,64.375,1.98,20.0
2024-11-14 15:44:18,64.25,1.46,20.0
2024-11-14 15:44:19,65.125,2.11,20.0
2024-11-14 15:44:20,65.5,1.61,20.0
2024-11-14 15:44:22,64.25,1.09,20.0
2024-11-14 15:44:23,63.75,0.72,20.0
2024-11-14 15:44:24,63.125,1.1,20.0
2024-11-14 15:44:26,62.0,0.65,20.0
2024-11-14 15:44:27,61.625,0.67,20.0
2024-11-14 15:44:28,61.375,1.04,20.0
2024-11-14 15:44:30,60.5,0.57,20.0
2024-11-14 15:44:31,60.625,1.12,20.0
2024-11-14 15:44:32,60.375,0.97,20.0
2024-11-14 15:44:34,60.25,1.25,20.0
2024-11-14 15:44:35,59.5,0.98,20.0
2024-11-14 15:44:36,59.25,0.88,20.0
2024-11-14 15:44:38,59.375,1.42,20.0
2024-11-14 15:44:39,60.75,2.01,20.0
2024-11-14 15:44:40,61.375,1.76,20.0
2024-11-14 15:44:41,60.875,1.57,20.0
2024-11-14 15:44:43,59.625,0.77,20.0
2024-11-14 15:44:44,59.125,1.11,20.0
2024-11-14 15:44:45,58.625,0.75,20.0
2024-11-14 15:44:47,59.5,1.51,20.0
2024-11-14 15:44:48,59.875,1.82,20.0
2024-11-14 15:44:49,59.875,1.6,20.0
2024-11-14 15:44:51,59.625,1.62,20.0
2024-11-14 15:44:52,58.875,1.29,20.0
2024-11-14 15:44:53,58.375,1.2,20.0
2024-11-14 15:44:55,57.875,0.92,20.0
2024-11-14 15:44:56,57.375,1.53,20.0
2024-11-14 15:44:57,57.0,1.19,20.0
2024-11-14 15:44:58,56.875,1.07,20.0
2024-11-14 15:45:00,56.0,0.54,20.0
2024-11-14 15:45:01,56.125,1.32,20.0
2024-11-14 15:45:02,56.0,1.26,20.0
2024-11-14 15:45:04,55.625,0.87,20.0
2024-11-14 15:45:05,55.0,1.1,20.0
2024-11-14 15:45:06,54.875,0.94,20.0
2024-11-14 15:45:07,54.875,1.08,20.0
2024-11-14 15:45:09,54.375,0.68,20.0
2024-11-14 15:45:10,54.25,1.01,20.0
2024-11-14 15:45:11,54.125,1.05,20.0
2024-11-14 15:45:13,54.25,1.11,20.0
2024-11-14 15:45:14,53.75,0.54,20.0
2024-11-14 15:45:15,53.625,0.92,20.0
2024-11-14 15:45:16,53.5,0.93,20.0
2024-11-14 15:45:18,53.125,0.93,21.0
2024-11-14 15:45:19,53.75,1.58,20.0
2024-11-14 15:45:20,54.875,1.86,20.0
2024-11-14 15:45:22,55.5,1.78,20.0
2024-11-14 15:45:23,56.25,1.75,20.0
2024-11-14 15:45:24,56.125,1.61,20.0
2024-11-14 15:45:26,55.625,1.15,20.0
2024-11-14 15:45:27,56.125,1.49,20.0
2024-11-14 15:45:28,55.875,1.66,20.0
2024-11-14 15:45:29,55.375,1.14,20.0
2024-11-14 15:45:31,54.75,1.64,20.0
2024-11-14 15:45:32,55.125,1.45,20.0
2024-11-14 15:45:33,54.75,0.97,20.0
2024-11-14 15:45:35,54.0,0.74,20.0
2024-11-14 15:45:36,53.875,1.02,20.0
2024-11-14 15:45:37,53.5,0.77,20.0
2024-11-14 15:45:38,53.125,0.71,21.0
2024-11-14 15:45:40,52.25,0.85,22.0
2024-11-14 15:45:41,52.125,1.01,22.0
2024-11-14 15:45:42,52.0,0.75,22.0
2024-11-14 15:45:44,51.5,0.53,23.0
2024-11-14 15:45:45,51.5,0.94,23.0
2024-11-14 15:45:46,51.5,0.75,23.0
2024-11-14 15:45:48,51.375,0.98,23.0
2024-11-14 15:45:49,51.125,1.07,24.0
2024-11-14 15:45:50,51.5,1.41,23.0
2024-11-14 15:45:51,51.5,1.07,23.0
2024-11-14 15:45:53,51.5,1.26,23.0
2024-11-14 15:45:54,52.0,1.35,22.0
2024-11-14 15:45:55,52.125,1.09,22.0
2024-11-14 15:45:57,52.0,0.9,22.0
2024-11-14 15:45:58,52.125,0.93,22.0
2024-11-14 15:45:59,51.875,1.06,23.0
2024-11-14 15:46:01,51.625,0.49,23.0
2024-11-14 15:46:02,52.375,1.85,22.0
2024-11-14 15:46:03,52.125,0.73,22.0
2024-11-14 15:46:04,52.0,1.35,22.0
2024-11-14 15:46:06,51.125,0.73,24.0
2024-11-14 15:46:07,51.0,1.06,24.0
2024-11-14 15:46:08,50.75,0.58,24.0
2024-11-14 15:46:10,50.5,0.93,25.0
2024-11-14 15:46:11,50.25,0.98,25.0
2024-11-14 15:46:12,50.0,0.76,25.0
2024-11-14 15:46:13,50.125,1.17,25.0
2024-11-14 15:46:15,49.5,0.53,26.0
2024-11-14 15:46:16,49.625,0.92,26.0
2024-11-14 15:46:17,49.5,0.86,26.0
2024-11-14 15:46:19,49.375,0.78,26.0
2024-11-14 15:46:20,49.625,0.98,26.0
2024-11-14 15:46:21,49.625,1.17,26.0
2024-11-14 15:46:22,49.75,1.13,26.0
2024-11-14 15:46:24,49.375,0.85,26.0
2024-11-14 15:46:25,49.375,0.76,26.0
2024-11-14 15:46:26,50.125,1.28,25.0
2024-11-14 15:46:28,50.625,1.15,25.0
2024-11-14 15:46:29,50.625,1.57,25.0
2024-11-14 15:46:30,50.625,1.51,25.0
2024-11-14 15:46:31,50.375,0.99,25.0
2024-11-14 15:46:33,50.25,0.67,25.0
2024-11-14 15:46:34,49.75,0.65,26.0
2024-11-14 15:46:35,49.5,0.79,26.0
2024-11-14 15:46:37,48.875,0.79,27.0
2024-11-14 15:46:38,48.75,0.92,27.0
2024-11-14 15:46:39,48.75,0.92,27.0
2024-11-14 15:46:40,48.75,0.66,27.0
2024-11-14 15:46:42,48.5,1.03,28.0
2024-11-14 15:46:43,48.25,0.67,28.0
2024-11-14 15:46:44,48.25,0.68,28.0
2024-11-14 15:46:46,48.0,0.73,28.0
2024-11-14 15:46:47,48.25,0.9,28.0
2024-11-14 15:46:48,48.625,0.82,28.0
2024-11-14 15:46:49,48.625,0.92,28.0
2024-11-14 15:46:51,49.0,0.96,27.0
2024-11-14 15:46:52,49.125,1.01,27.0
2024-11-14 15:46:53,49.25,1.01,27.0
2024-11-14 15:46:55,48.875,0.36,27.0
2024-11-14 15:46:56,49.125,1.15,27.0
2024-11-14 15:46:57,49.25,1.1,27.0
2024-11-14 15:46:59,49.125,0.73,27.0
2024-11-14 15:47:00,50.0,1.01,25.0
2024-11-14 15:47:01,50.75,1.3,24.0
2024-11-14 15:47:02,50.875,1.3,24.0
2024-11-14 15:47:04,51.25,1.24,24.0
2024-11-14 15:47:05,51.125,1.41,24.0
2024-11-14 15:47:06,50.875,0.92,24.0
2024-11-14 15:47:08,50.625,0.83,25.0
2024-11-14 15:47:09,50.75,0.97,24.0
2024-11-14 15:47:10,50.875,1.12,24.0
2024-11-14 15:47:11,50.875,0.96,24.0
2024-11-14 15:47:13,50.375,0.71,25.0
2024-11-14 15:47:14,50.5,1.02,25.0
2024-11-14 15:47:15,50.375,0.82,25.0
2024-11-14 15:47:17,50.25,0.63,25.0
2024-11-14 15:47:18,50.25,1.22,25.0
2024-11-14 15:47:19,50.25,0.77,25.0
2024-11-14 15:47:20,50.25,1.03,25.0
2024-11-14 15:47:22,50.125,0.85,25.0
2024-11-14 15:47:23,51.25,1.05,24.0
2024-11-14 15:47:24,52.5,1.15,22.0
2024-11-14 15:47:26,52.125,1.09,22.0
2024-11-14 15:47:27,51.375,0.9,23.0
2024-11-14 15:47:28,51.25,0.91,24.0
2024-11-14 15:47:29,51.375,1.0,23.0
2024-11-14 15:47:31,50.875,0.59,24.0
2024-11-14 15:47:32,51.5,1.18,23.0
2024-11-14 15:47:33,52.5,1.58,22.0
2024-11-14 15:47:35,52.5,0.78,22.0
2024-11-14 15:47:36,52.5,1.81,22.0
2024-11-14 15:47:37,52.25,1.02,22.0
2024-11-14 15:47:39,52.375,0.99,22.0
2024-11-14 15:47:40,51.75,0.85,23.0
2024-11-14 15:47:41,51.5,0.83,23.0
2024-11-14 15:47:42,51.375,0.76,23.0
2024-11-14 15:47:44,50.875,0.46,24.0
2024-11-14 15:47:45,50.75,0.99,24.0
2024-11-14 15:47:46,51.0,1.04,24.0
2024-11-14 15:47:48,51.125,0.86,24.0
2024-11-14 15:47:49,51.0,0.97,24.0
2024-11-14 15:47:50,51.625,1.43,23.0
2024-11-14 15:47:51,51.5,0.84,23.0
2024-11-14 15:47:53,51.375,0.46,23.0
2024-11-14 15:47:54,51.625,1.33,23.0
2024-11-14 15:47:55,51.625,1.02,23.0
2024-11-14 15:47:56,51.625,0.6,23.0
2024-11-14 15:47:58,51.25,0.85,24.0
2024-11-14 15:47:59,51.25,0.82,24.0
2024-11-14 15:48:00,51.25,0.97,24.0
2024-11-14 15:48:02,51.0,0.65,24.0
2024-11-14 15:48:03,51.75,1.29,23.0
2024-11-14 15:48:04,52.125,1.1,22.0
2024-11-14 15:48:06,52.5,1.07,22.0
2024-11-14 15:48:07,52.875,1.08,21.0
2024-11-14 15:48:08,53.0,1.51,21.0
2024-11-14 15:48:09,52.875,0.98,21.0
2024-11-14 15:48:11,52.375,0.74,22.0
2024-11-14 15:48:12,52.25,0.73,22.0
2024-11-14 15:48:13,52.125,1.03,22.0
2024-11-14 15:48:15,52.75,1.49,21.0
2024-11-14 15:48:16,52.75,1.03,21.0
2024-11-14 15:48:17,53.25,1.76,21.0
2024-11-14 15:48:18,53.0,0.85,21.0
2024-11-14 15:48:20,52.625,0.9,22.0
2024-11-14 15:48:21,52.5,1.0,22.0
2024-11-14 15:48:22,52.375,0.79,22.0
2024-11-14 15:48:24,52.5,0.87,22.0
2024-11-14 15:48:25,52.0,0.84,22.0
2024-11-14 15:48:26,52.125,1.05,22.0
2024-11-14 15:48:27,52.125,0.96,22.0
2024-11-14 15:48:29,52.125,0.9,22.0
2024-11-14 15:48:30,52.0,0.79,22.0
2024-11-14 15:48:31,52.25,0.95,22.0
2024-11-14 15:48:33,52.25,0.78,22.0
2024-11-14 15:48:34,52.75,1.2,21.0
2024-11-14 15:48:35,52.625,1.01,22.0
2024-11-14 15:48:36,52.5,0.78,22.0
2024-11-14 15:48:38,52.875,1.1,21.0
2024-11-14 15:48:39,53.375,1.53,20.0
2024-11-14 15:48:40,53.625,1.43,20.0
2024-11-14 15:48:42,53.875,1.06,20.0
2024-11-14 15:48:43,54.125,1.42,20.0
2024-11-14 15:48:44,53.75,1.06,20.0
2024-11-14 15:48:46,53.5,0.61,20.0
2024-11-14 15:48:47,52.875,0.62,21.0
2024-11-14 15:48:48,52.75,1.09,21.0
2024-11-14 15:48:49,52.625,0.83,22.0
2024-11-14 15:48:51,52.875,0.58,21.0
2024-11-14 15:48:52,53.0,0.99,21.0
2024-11-14 15:48:53,53.0,0.52,21.0
2024-11-14 15:48:54,52.875,0.6,21.0
2024-11-14 15:48:56,52.875,0.93,21.0
2024-11-14 15:48:57,53.0,1.16,21.0
2024-11-14 15:48:58,52.875,0.81,21.0
2024-11-14 15:49:00,52.625,0.63,22.0
2024-11-14 15:49:01,52.75,0.82,21.0
2024-11-14 15:49:02,52.75,1.01,21.0
2024-11-14 15:49:03,53.0,0.99,21.0
2024-11-14 15:49:05,53.5,0.95,20.0
2024-11-14 15:49:06,53.625,1.07,20.0
2024-11-14 15:49:07,53.5,0.85,20.0
2024-11-14 15:49:09,53.375,0.89,20.0
2024-11-14 15:49:10,53.25,1.03,21.0
2024-11-14 15:49:11,53.5,1.14,20.0
2024-11-14 15:49:12,54.125,1.11,20.0
2024-11-14 15:49:14,54.375,1.15,20.0
2024-11-14 15:49:15,54.5,1.05,20.0
2024-11-14 15:49:16,54.5,0.62,20.0
2024-11-14 15:49:18,55.625,1.93,20.0
2024-11-14 15:49:19,57.125,2.33,20.0
2024-11-14 15:49:20,56.875,1.75,20.0
2024-11-14 15:49:22,56.375,0.91,20.0
2024-11-14 15:49:23,55.875,1.07,20.0
2024-11-14 15:49:24,55.625,1.21,20.0
2024-11-14 15:49:25,55.25,1.14,20.0
2024-11-14 15:49:27,54.5,0.7,20.0
2024-11-14 15:49:28,54.125,0.81,20.0
2024-11-14 15:49:29,54.25,1.08,20.0
2024-11-14 15:49:31,54.0,0.82,20.0
2024-11-14 15:49:32,53.75,0.9,20.0
2024-11-14 15:49:33,53.75,1.03,20.0
2024-11-14 15:49:34,57.0,2.49,20.0
2024-11-14 15:49:36,57.625,1.51,20.0
2024-11-14 15:49:37,57.75,1.6,20.0
2024-11-14 15:49:38,58.75,2.79,20.0
2024-11-14 15:49:40,60.0,1.91,20.0
2024-11-14 15:49:41,60.625,2.37,20.0
2024-11-14 15:49:42,61.0,2.39,20.0
2024-11-14 15:49:44,60.75,2.33,20.0
2024-11-14 15:49:45,60.625,2.41,20.0
2024-11-14 15:49:46,60.375,1.34,20.0
2024-11-14 15:49:48,61.125,1.95,20.0
2024-11-14 15:49:49,61.75,2.25,20.0
2024-11-14 15:49:50,62.0,2.18,20.0
2024-11-14 15:49:52,62.125,2.57,20.0
2024-11-14 15:49:53,61.625,2.04,20.0
2024-11-14 15:49:54,61.375,2.54,20.0
2024-11-14 15:49:56,61.0,2.49,20.0
2024-11-14 15:49:57,60.25,0.99,20.0
2024-11-14 15:49:58,59.625,1.09,20.0
2024-11-14 15:50:00,59.0,0.74,20.0
2024-11-14 15:50:01,57.875,0.92,20.0
2024-11-14 15:50:02,57.625,1.22,20.0
2024-11-14 15:50:03,57.125,0.74,20.0
2024-11-14 15:50:05,57.125,1.37,20.0
2024-11-14 15:50:06,56.875,0.92,20.0
2024-11-14 15:50:07,56.625,0.92,20.0
2024-11-14 15:50:09,56.5,1.04,20.0
2024-11-14 15:50:10,55.875,0.97,20.0
2024-11-14 15:50:11,55.875,0.89,20.0
2024-11-14 15:50:12,56.125,1.21,20.0
2024-11-14 15:50:14,56.25,1.36,20.0
2024-11-14 15:50:15,58.25,2.2,20.0
2024-11-14 15:50:16,59.25,1.93,20.0
2024-11-14 15:50:18,61.875,2.19,20.0
2024-11-14 15:50:19,61.875,1.97,20.0
2024-11-14 15:50:20,61.625,1.62,20.0
2024-11-14 15:50:22,61.0,1.19,20.0
2024-11-14 15:50:23,59.75,0.82,20.0
2024-11-14 15:50:24,59.375,1.06,20.0
2024-11-14 15:50:25,59.0,1.02,20.0
2024-11-14 15:50:27,58.5,1.09,20.0
2024-11-14 15:50:28,58.5,1.17,20.0
2024-11-14 15:50:29,58.375,1.12,20.0
2024-11-14 15:50:31,57.625,0.76,20.0
2024-11-14 15:50:32,57.375,0.93,20.0
2024-11-14 15:50:33,57.125,1.15,20.0
2024-11-14 15:50:35,57.125,0.87,20.0
2024-11-14 15:50:36,57.375,0.98,20.0
2024-11-14 15:50:37,57.25,0.89,20.0
2024-11-14 15:50:38,57.125,0.91,20.0
2024-11-14 15:50:40,56.875,0.98,20.0
2024-11-14 15:50:41,56.875,0.85,20.0
2024-11-14 15:50:42,56.875,0.9,20.0
2024-11-14 15:50:44,56.75,0.79,20.0
2024-11-14 15:50:45,56.75,0.89,20.0
2024-11-14 15:50:46,56.75,1.13,20.0
2024-11-14 15:50:47,57.125,1.2,20.0
2024-11-14 15:50:49,57.0,0.97,20.0
2024-11-14 15:50:50,58.25,1.38,20.0
2024-11-14 15:50:51,58.875,1.6,20.0
2024-11-14 15:50:53,60.25,1.64,20.0
2024-11-14 15:50:54,60.125,1.8,20.0
2024-11-14 15:50:55,60.625,1.55,20.0
2024-11-14 15:50:57,59.5,0.72,20.0
2024-11-14 15:50:58,59.125,1.06,20.0
2024-11-14 15:50:59,58.75,1.0,20.0
2024-11-14 15:51:01,58.5,1.08,20.0
2024-11-14 15:51:02,57.75,0.92,20.0
2024-11-14 15:51:03,57.625,0.76,20.0
2024-11-14 15:51:04,57.875,1.08,20.0
2024-11-14 15:51:06,58.25,0.75,20.0
2024-11-14 15:51:07,58.125,1.08,20.0
2024-11-14 15:51:08,57.875,0.9,20.0
2024-11-14 15:51:10,57.5,0.71,20.0
2024-11-14 15:51:11,57.5,1.12,20.0
2024-11-14 15:51:12,57.625,1.03,20.0
2024-11-14 15:51:14,57.75,0.8,20.0
2024-11-14 15:51:15,57.375,0.97,20.0
2024-11-14 15:51:16,57.375,1.09,20.0
2024-11-14 15:51:17,57.5,0.96,20.0
2024-11-14 15:51:19,57.25,0.84,20.0
2024-11-14 15:51:20,57.25,1.08,20.0
2024-11-14 15:51:21,57.375,1.08,20.0
2024-11-14 15:51:23,58.125,1.07,20.0
2024-11-14 15:51:24,59.0,1.62,20.0
2024-11-14 15:51:25,59.25,1.35,20.0
2024-11-14 15:51:27,59.75,1.32,20.0
2024-11-14 15:51:28,59.5,1.17,20.0
2024-11-14 15:51:29,59.5,1.53,20.0
2024-11-14 15:51:31,61.25,2.23,20.0
2024-11-14 15:51:32,62.25,1.58,20.0
2024-11-14 15:51:33,62.375,1.9,20.0
2024-11-14 15:51:34,64.0,2.94,20.0
2024-11-14 15:51:36,65.25,2.12,20.0
2024-11-14 15:51:37,65.5,2.79,20.0
2024-11-14 15:51:38,64.875,1.62,20.0
2024-11-14 15:51:40,63.375,0.86,20.0
2024-11-14 15:51:41,62.75,1.04,20.0
2024-11-14 15:51:42,62.25,0.97,20.0
2024-11-14 15:51:44,61.125,0.59,20.0
2024-11-14 15:51:45,60.75,0.91,20.0
2024-11-14 15:51:46,60.375,0.83,20.0
2024-11-14 15:51:48,60.125,0.92,20.0
2024-11-14 15:51:49,60.125,1.18,20.0
2024-11-14 15:51:50,60.5,1.15,20.0
2024-11-14 15:51:51,60.25,0.9,20.0
2024-11-14 15:51:53,59.75,0.82,20.0
2024-11-14 15:51:54,60.0,1.35,20.0
2024-11-14 15:51:55,59.75,1.05,20.0
2024-11-14 15:51:57,60.75,1.27,20.0
2024-11-14 15:51:58,61.125,1.37,20.0
2024-11-14 15:51:59,61.0,1.09,20.0
2024-11-14 15:52:01,60.875,0.85,20.0
2024-11-14 15:52:02,60.5,0.94,20.0
2024-11-14 15:52:03,60.25,0.85,20.0
2024-11-14 15:52:05,60.25,1.11,20.0
2024-11-14 15:52:06,60.75,1.34,20.0
2024-11-14 15:52:07,60.5,0.92,20.0
2024-11-14 15:52:08,60.25,0.95,20.0
2024-11-14 15:52:10,59.75,0.77,20.0
2024-11-14 15:52:11,59.75,1.3,20.0
2024-11-14 15:52:12,59.75,0.96,20.0
2024-11-14 15:52:14,59.5,0.7,20.0
2024-11-14 15:52:15,59.5,0.97,20.0
2024-11-14 15:52:16,59.375,0.93,20.0
2024-11-14 15:52:18,59.5,1.28,20.0
2024-11-14 15:52:19,59.625,1.2,20.0
2024-11-14 15:52:20,59.625,0.93,20.0
2024-11-14 15:52:22,59.75,1.17,20.0
2024-11-14 15:52:23,59.375,1.03,20.0
2024-11-14 15:52:24,60.625,1.56,20.0
2024-11-14 15:52:25,60.75,1.17,20.0
2024-11-14 15:52:27,61.25,0.85,20.0
2024-11-14 15:52:28,60.875,1.03,20.0
2024-11-14 15:52:29,61.5,1.48,20.0
2024-11-14 15:52:31,61.75,1.07,20.0
2024-11-14 15:52:32,61.875,1.18,20.0
2024-11-14 15:52:33,62.0,0.98,20.0
2024-11-14 15:52:35,61.625,0.71,20.0
2024-11-14 15:52:36,61.0,1.39,20.0
2024-11-14 15:52:37,61.25,1.05,20.0
2024-11-14 15:52:38,61.625,1.12,20.0
2024-11-14 15:52:40,61.25,1.19,20.0
2024-11-14 15:52:41,61.375,1.01,20.0
2024-11-14 15:52:42,61.0,0.95,20.0
2024-11-14 15:52:44,60.25,0.92,20.0
2024-11-14 15:52:45,60.0,1.18,20.0
2024-11-14 15:52:46,59.75,1.01,20.0
2024-11-14 15:52:48,59.5,0.83,20.0
2024-11-14 15:52:49,59.0,1.2,20.0
2024-11-14 15:52:50,59.25,1.04,20.0
2024-11-14 15:52:52,59.125,1.29,20.0
2024-11-14 15:52:53,58.5,1.13,20.0
2024-11-14 15:52:54,58.375,0.72,20.0
2024-11-14 15:52:55,58.25,1.29,20.0
2024-11-14 15:52:57,57.75,0.93,20.0
2024-11-14 15:52:58,57.625,0.75,20.0
2024-11-14 15:52:59,57.75,1.35,20.0
2024-11-14 15:53:01,57.375,0.85,20.0
2024-11-14 15:53:02,58.875,2.09,20.0
2024-11-14 15:53:03,61.125,2.49,20.0
2024-11-14 15:53:05,61.375,1.12,20.0
2024-11-14 15:53:06,61.25,1.94,20.0
2024-11-14 15:53:07,61.125,1.81,20.0
2024-11-14 15:53:09,59.875,1.04,20.0
2024-11-14 15:53:10,59.375,1.42,20.0
2024-11-14 15:53:11,59.75,1.69,20.0
2024-11-14 15:53:13,59.625,1.35,20.0
2024-11-14 15:53:14,58.375,1.11,20.0
2024-11-14 15:53:15,57.875,1.04,20.0
2024-11-14 15:53:17,57.5,1.1,20.0
2024-11-14 15:53:18,56.75,1.36,20.0
2024-11-14 15:53:19,56.5,1.16,20.0
2024-11-14 15:53:21,56.25,0.92,20.0
2024-11-14 15:53:22,55.5,1.02,20.0
2024-11-14 15:53:23,55.25,0.84,20.0
2024-11-14 15:53:24,55.25,1.03,20.0
2024-11-14 15:53:26,54.625,0.76,20.0
2024-11-14 15:53:27,54.625,1.11,20.0
2024-11-14 15:53:28,54.75,1.39,20.0
2024-11-14 15:53:30,54.125,0.61,20.0
2024-11-14 15:53:31,54.125,1.13,20.0
2024-11-14 15:53:32,54.0,0.81,20.0
2024-11-14 15:53:34,54.125,0.93,20.0
2024-11-14 15:53:35,54.875,1.35,20.0
2024-11-14 15:53:36,55.0,1.16,20.0
2024-11-14 15:53:37,55.875,1.86,20.0
2024-11-14 15:53:39,55.5,0.95,20.0
2024-11-14 15:53:40,55.125,1.01,20.0
2024-11-14 15:53:41,54.75,0.92,20.0
2024-11-14 15:53:43,54.125,0.97,20.0
2024-11-14 15:53:44,54.125,1.34,20.0
2024-11-14 15:53:45,54.25,1.49,20.0
2024-11-14 15:53:47,54.5,1.39,20.0
2024-11-14 15:53:48,54.25,1.12,20.0
2024-11-14 15:53:49,54.0,1.16,20.0
2024-11-14 15:53:51,54.0,0.94,20.0
2024-11-14 15:53:52,54.625,0.94,20.0
2024-11-14 15:53:53,54.25,1.22,20.0
2024-11-14 15:53:54,53.875,0.95,20.0
2024-11-14 15:53:56,53.25,0.7,21.0
2024-11-14 15:53:57,53.0,1.01,21.0
2024-11-14 15:53:58,52.875,0.83,21.0
2024-11-14 15:54:00,52.25,0.7,22.0
2024-11-14 15:54:01,52.5,1.01,22.0
2024-11-14 15:54:02,52.375,0.86,22.0
2024-11-14 15:54:04,52.25,1.1,22.0
2024-11-14 15:54:05,51.875,1.01,23.0
2024-11-14 15:54:06,51.75,0.9,23.0
2024-11-14 15:54:07,52.0,1.08,22.0
2024-11-14 15:54:09,53.0,1.11,21.0
2024-11-14 15:54:10,53.25,1.2,21.0
2024-11-14 15:54:11,53.125,1.3,21.0
2024-11-14 15:54:13,53.125,1.11,21.0
2024-11-14 15:54:14,52.75,0.96,21.0
2024-11-14 15:54:15,52.5,0.94,22.0
2024-11-14 15:54:17,52.25,1.06,22.0
2024-11-14 15:54:18,51.875,1.01,23.0
2024-11-14 15:54:19,52.125,1.17,22.0
2024-11-14 15:54:21,54.0,2.53,20.0
2024-11-14 15:54:22,53.5,1.1,20.0
2024-11-14 15:54:23,53.125,1.21,21.0
2024-11-14 15:54:24,52.75,0.99,21.0
2024-11-14 15:54:26,52.0,0.72,22.0
2024-11-14 15:54:27,51.625,1.03,23.0
2024-11-14 15:54:28,51.75,1.34,23.0
2024-11-14 15:54:30,51.375,0.67,23.0
2024-11-14 15:54:31,52.125,1.11,22.0
2024-11-14 15:54:32,52.75,0.85,21.0
2024-11-14 15:54:34,53.125,1.6,21.0
2024-11-14 15:54:35,52.125,0.93,22.0
2024-11-14 15:54:36,51.75,0.91,23.0
2024-11-14 15:54:37,51.375,0.99,23.0
2024-11-14 15:54:39,51.25,0.58,24.0
2024-11-14 15:54:40,51.5,1.43,23.0
2024-11-14 15:54:41,52.0,1.38,22.0
2024-11-14 15:54:43,51.875,1.2,23.0
2024-11-14 15:54:44,51.625,0.65,23.0
2024-11-14 15:54:45,51.625,1.07,23.0
2024-11-14 15:54:47,51.25,0.85,24.0
2024-11-14 15:54:48,50.875,0.95,24.0
2024-11-14 15:54:49,50.75,0.96,24.0
2024-11-14 15:54:51,51.625,1.54,23.0
2024-11-14 15:54:52,51.125,1.08,24.0
2024-11-14 15:54:53,51.25,1.11,24.0
2024-11-14 15:54:54,50.875,0.99,24.0
2024-11-14 15:54:56,50.25,0.68,25.0
2024-11-14 15:54:57,50.0,0.63,25.0
2024-11-14 15:54:58,50.0,0.9,25.0
2024-11-14 15:55:00,49.875,0.77,26.0
2024-11-14 15:55:01,49.875,1.0,26.0
2024-11-14 15:55:02,49.875,0.83,26.0
2024-11-14 15:55:04,49.75,0.59,26.0
2024-11-14 15:55:05,49.5,0.65,26.0
2024-11-14 15:55:06,49.375,1.09,26.0
2024-11-14 15:55:07,49.25,1.02,27.0
2024-11-14 15:55:09,49.625,0.65,26.0
2024-11-14 15:55:10,49.5,0.98,26.0
2024-11-14 15:55:11,49.375,1.11,26.0
2024-11-14 15:55:13,49.125,0.66,27.0
2024-11-14 15:55:14,49.75,1.07,26.0
2024-11-14 15:55:15,50.125,1.25,25.0
2024-11-14 15:55:17,50.375,0.99,25.0
2024-11-14 15:55:18,50.75,1.15,24.0
2024-11-14 15:55:19,50.5,0.95,25.0
2024-11-14 15:55:20,50.25,0.63,25.0
2024-11-14 15:55:22,49.625,0.69,26.0
2024-11-14 15:55:23,49.625,0.69,26.0
2024-11-14 15:55:24,49.625,0.6,26.0
2024-11-14 15:55:26,49.625,0.89,26.0
2024-11-14 15:55:27,49.375,0.66,26.0
2024-11-14 15:55:28,49.5,1.09,26.0
2024-11-14 15:55:29,49.625,0.62,26.0
2024-11-14 15:55:31,49.375,0.74,26.0
2024-11-14 15:55:32,49.875,0.98,26.0
2024-11-14 15:55:33,49.875,0.88,26.0
2024-11-14 15:55:35,49.75,0.59,26.0
2024-11-14 15:55:36,49.875,0.9,26.0
2024-11-14 15:55:37,50.0,0.65,25.0
2024-11-14 15:55:39,50.125,0.51,25.0
2024-11-14 15:55:40,50.75,0.66,24.0
2024-11-14 15:55:41,50.625,0.74,25.0
2024-11-14 15:55:43,50.625,0.61,25.0
2024-11-14 15:55:44,50.5,0.72,25.0
2024-11-14 15:55:45,50.5,1.02,25.0
2024-11-14 15:55:46,50.75,0.92,24.0
2024-11-14 15:55:48,51.875,1.34,23.0
2024-11-14 15:55:49,52.125,1.17,22.0
2024-11-14 15:55:50,52.875,1.24,21.0
2024-11-14 15:55:52,52.375,0.73,22.0
2024-11-14 15:55:53,52.125,1.01,22.0
2024-11-14 15:55:54,51.875,0.86,23.0
2024-11-14 15:55:56,52.0,1.01,22.0
2024-11-14 15:55:57,52.375,1.13,22.0
2024-11-14 15:55:58,52.625,1.45,22.0
2024-11-14 15:55:59,52.75,1.13,21.0
2024-11-14 15:56:01,52.25,1.13,22.0
2024-11-14 15:56:02,52.125,0.92,22.0
2024-11-14 15:56:03,52.0,0.78,22.0
2024-11-14 15:56:05,52.0,0.84,22.0
2024-11-14 15:56:06,51.75,0.95,23.0
2024-11-14 15:56:07,51.75,0.98,23.0
2024-11-14 15:56:09,51.75,0.85,23.0
2024-11-14 15:56:10,52.375,0.88,22.0
2024-11-14 15:56:11,52.25,1.0,22.0
2024-11-14 15:56:13,52.25,1.12,22.0
2024-11-14 15:56:14,52.0,0.94,22.0
2024-11-14 15:56:15,52.125,0.8,22.0
2024-11-14 15:56:16,52.125,0.95,22.0
2024-11-14 15:56:18,51.875,0.6,23.0
2024-11-14 15:56:19,52.0,0.98,22.0
2024-11-14 15:56:20,53.25,1.56,21.0
2024-11-14 15:56:22,53.625,1.17,20.0
2024-11-14 15:56:23,54.625,1.75,20.0
2024-11-14 15:56:24,55.0,1.48,20.0
2024-11-14 15:56:26,54.875,1.09,20.0
2024-11-14 15:56:27,54.375,0.99,20.0
2024-11-14 15:56:28,54.0,1.0,20.0
2024-11-14 15:56:30,53.75,0.92,20.0
2024-11-14 15:56:31,55.125,1.74,20.0
2024-11-14 15:56:32,54.625,1.05,20.0
2024-11-14 15:56:33,54.375,1.01,20.0
2024-11-14 15:56:35,54.25,1.3,20.0
2024-11-14 15:56:36,54.0,0.89,20.0
2024-11-14 15:56:37,53.875,1.05,20.0
2024-11-14 15:56:39,54.0,0.92,20.0
2024-11-14 15:56:40,54.0,1.05,20.0
2024-11-14 15:56:41,53.875,1.27,20.0
2024-11-14 15:56:43,54.125,1.38,20.0
2024-11-14 15:56:44,54.125,1.09,20.0
2024-11-14 15:56:45,54.0,1.06,20.0
2024-11-14 15:56:47,53.875,0.98,20.0
2024-11-14 15:56:48,53.5,0.78,20.0
2024-11-14 15:56:49,53.625,0.77,20.0
2024-11-14 15:56:50,54.25,1.01,20.0
2024-11-14 15:56:52,54.25,1.08,20.0
2024-11-14 15:56:53,55.0,1.46,20.0
2024-11-14 15:56:54,55.125,1.31,20.0
2024-11-14 15:56:56,55.5,1.28,20.0
2024-11-14 15:56:57,55.75,1.21,20.0
2024-11-14 15:56:58,55.375,1.01,20.0
2024-11-14 15:56:59,55.125,0.98,20.0
2024-11-14 15:57:01,55.125,1.47,20.0
2024-11-14 15:57:02,55.5,1.33,20.0
2024-11-14 15:57:03,55.625,1.27,20.0
2024-11-14 15:57:05,55.5,0.79,20.0
2024-11-14 15:57:06,55.375,1.03,20.0
2024-11-14 15:57:07,55.125,0.82,20.0
2024-11-14 15:57:09,54.875,0.92,20.0
2024-11-14 15:57:10,55.375,1.5,20.0
2024-11-14 15:57:11,55.25,0.95,20.0
2024-11-14 15:57:13,55.125,0.89,20.0
2024-11-14 15:57:14,54.75,0.78,20.0
2024-11-14 15:57:15,54.625,0.83,20.0
2024-11-14 15:57:16,54.5,0.89,20.0
2024-11-14 15:57:18,54.625,0.83,20.0
2024-11-14 15:57:19,54.625,0.84,20.0
2024-11-14 15:57:20,54.75,0.98,20.0
2024-11-14 15:57:22,54.625,1.01,20.0
2024-11-14 15:57:23,54.5,0.77,20.0
2024-11-14 15:57:24,54.625,0.97,20.0
2024-11-14 15:57:26,54.875,0.99,20.0
2024-11-14 15:57:27,57.25,1.18,20.0
2024-11-14 15:57:28,59.0,1.97,20.0
2024-11-14 15:57:30,58.75,1.57,20.0
2024-11-14 15:57:31,58.0,1.26,20.0
2024-11-14 15:57:32,57.625,1.04,20.0
2024-11-14 15:57:33,57.125,0.91,20.0
2024-11-14 15:57:35,56.375,0.71,20.0
2024-11-14 15:57:36,56.25,1.19,20.0
2024-11-14 15:57:37,56.0,0.96,20.0
2024-11-14 15:57:39,55.625,0.65,20.0
2024-11-14 15:57:40,56.375,0.94,20.0
2024-11-14 15:57:41,56.25,0.94,20.0
2024-11-14 15:57:43,56.125,0.81,20.0
2024-11-14 15:57:44,55.75,0.82,20.0
2024-11-14 15:57:45,55.75,1.08,20.0
2024-11-14 15:57:46,55.75,1.07,20.0
2024-11-14 15:57:48,55.5,0.9,20.0
2024-11-14 15:57:49,56.125,1.32,20.0
2024-11-14 15:57:50,58.5,1.73,20.0
2024-11-14 15:57:52,59.5,1.22,20.0
2024-11-14 15:57:53,58.875,0.91,20.0
2024-11-14 15:57:54,58.5,1.09,20.0
2024-11-14 15:57:56,58.0,1.22,20.0
2024-11-14 15:57:57,57.125,1.01,20.0
2024-11-14 15:57:58,57.875,1.45,20.0
2024-11-14 15:57:59,58.5,1.68,20.0
2024-11-14 15:58:01,58.375,1.15,20.0
2024-11-14 15:58:02,58.375,1.36,20.0
2024-11-14 15:58:03,58.375,1.58,20.0
2024-11-14 15:58:05,57.875,1.2,20.0
2024-11-14 15:58:06,59.125,1.76,20.0
2024-11-14 15:58:07,60.125,1.68,20.0
2024-11-14 15:58:09,60.0,1.29,20.0
2024-11-14 15:58:10,59.75,1.43,20.0
2024-11-14 15:58:11,59.625,1.32,20.0
2024-11-14 15:58:13,59.0,0.89,20.0
2024-11-14 15:58:14,58.25,1.07,20.0
2024-11-14 15:58:15,58.125,1.11,20.0
2024-11-14 15:58:16,58.125,1.08,20.0
2024-11-14 15:58:18,57.375,0.9,20.0
2024-11-14 15:58:19,58.125,1.74,20.0
2024-11-14 15:58:20,57.75,0.86,20.0
2024-11-14 15:58:22,57.25,0.65,20.0
2024-11-14 15:58:23,57.125,0.74,20.0
2024-11-14 15:58:24,57.0,0.89,20.0
2024-11-14 15:58:26,57.0,1.03,20.0
2024-11-14 15:58:27,56.625,0.87,20.0
2024-11-14 15:58:28,56.875,1.42,20.0
2024-11-14 15:58:29,57.5,1.63,20.0
2024-11-14 15:58:31,57.125,0.87,20.0
2024-11-14 15:58:32,57.875,1.32,20.0
2024-11-14 15:58:33,58.375,1.59,20.0
2024-11-14 15:58:35,58.375,1.09,20.0
2024-11-14 15:58:36,58.125,1.26,20.0
2024-11-14 15:58:37,58.0,1.32,20.0
2024-11-14 15:58:38,57.75,0.87,20.0
2024-11-14 15:58:40,57.25,0.87,20.0
2024-11-14 15:58:41,57.875,1.4,20.0
2024-11-14 15:58:42,57.625,0.8,20.0
2024-11-14 15:58:44,57.5,0.88,20.0
2024-11-14 15:58:45,57.25,1.09,20.0
2024-11-14 15:58:46,57.125,0.98,20.0
2024-11-14 15:58:47,57.0,0.81,20.0
2024-11-14 15:58:49,56.625,0.61,20.0
2024-11-14 15:58:50,57.125,1.11,20.0
2024-11-14 15:58:51,57.0,0.66,20.0
2024-11-14 15:58:53,57.0,1.02,20.0
2024-11-14 15:58:54,56.875,1.15,20.0
2024-11-14 15:58:55,57.25,1.06,20.0
2024-11-14 15:58:56,57.125,0.82,20.0
2024-11-14 15:58:58,56.75,0.77,20.0
2024-11-14 15:58:59,56.875,1.12,20.0
2024-11-14 15:59:00,56.75,0.95,20.0
2024-11-14 15:59:02,56.75,0.87,20.0
2024-11-14 15:59:03,57.0,1.19,20.0
2024-11-14 15:59:04,58.125,1.71,20.0
2024-11-14 15:59:06,58.75,1.26,20.0
2024-11-14 15:59:07,58.75,0.99,20.0
2024-11-14 15:59:08,58.75,1.15,20.0
2024-11-14 15:59:09,58.375,0.77,20.0
2024-11-14 15:59:11,58.5,1.35,20.0
2024-11-14 15:59:12,58.375,1.14,20.0
2024-11-14 15:59:13,58.25,1.06,20.0
2024-11-14 15:59:15,58.375,1.61,20.0
2024-11-14 15:59:16,58.125,1.19,20.0
2024-11-14 15:59:17,58.25,1.07,20.0
2024-11-14 15:59:18,58.125,1.05,20.0
2024-11-14 15:59:20,58.625,1.19,20.0
2024-11-14 15:59:21,59.625,1.45,20.0
2024-11-14 15:59:22,59.125,0.71,20.0
2024-11-14 15:59:24,58.375,0.63,20.0
2024-11-14 15:59:25,58.125,0.89,20.0
2024-11-14 15:59:26,57.875,0.85,20.0
2024-11-14 15:59:27,57.625,0.67,20.0
2024-11-14 15:59:29,57.5,1.1,20.0
2024-11-14 15:59:30,57.625,1.04,20.0
2024-11-14 15:59:31,57.5,0.94,20.0
2024-11-14 15:59:33,57.375,0.5,20.0
2024-11-14 15:59:34,57.125,0.95,20.0
2024-11-14 15:59:35,58.25,1.71,20.0
2024-11-14 15:59:37,58.375,1.39,20.0
2024-11-14 15:59:38,60.25,2.32,20.0
2024-11-14 15:59:39,62.5,2.35,20.0
2024-11-14 15:59:41,63.5,2.73,20.0
2024-11-14 15:59:42,62.5,1.42,20.0
2024-11-14 15:59:43,62.0,1.33,20.0
2024-11-14 15:59:45,61.5,1.3,20.0
2024-11-14 15:59:46,60.375,1.12,20.0
2024-11-14 15:59:47,60.0,1.03,20.0
2024-11-14 15:59:48,59.625,0.98,20.0
2024-11-14 15:59:50,60.25,1.89,20.0
2024-11-14 15:59:51,59.875,0.9,20.0
2024-11-14 15:59:52,59.5,1.1,20.0
2024-11-14 15:59:54,59.25,1.18,20.0
2024-11-14 15:59:55,58.625,0.96,20.0
2024-11-14 15:59:56,58.625,1.09,20.0
2024-11-14 15:59:57,59.0,1.17,20.0
2024-11-14 15:59:59,58.625,0.92,20.0
2024-11-14 16:00:00,58.375,0.79,20.0
2024-11-14 16:00:01,58.5,0.99,20.0
2024-11-14 16:00:03,58.375,0.9,20.0
2024-11-14 16:00:04,58.25,1.22,20.0
2024-11-14 16:00:05,58.25,0.87,20.0
2024-11-14 16:00:06,58.125,0.82,20.0
2024-11-14 16:00:08,57.75,0.6,20.0
2024-11-14 16:00:09,58.5,1.58,20.0
2024-11-14 16:00:10,59.25,1.16,20.0
2024-11-14 16:00:12,59.5,1.06,20.0
2024-11-14 16:00:13,60.125,1.11,20.0
2024-11-14 16:00:14,59.75,0.87,20.0
2024-11-14 16:00:15,59.625,1.04,20.0
2024-11-14 16:00:17,58.875,0.46,20.0
2024-11-14 16:00:18,58.875,1.01,20.0
2024-11-14 16:00:19,58.875,0.92,20.0
2024-11-14 16:00:21,59.25,1.51,20.0
2024-11-14 16:00:22,59.25,1.01,20.0
2024-11-14 16:00:23,59.25,1.27,20.0
2024-11-14 16:00:24,59.25,1.19,20.0
2024-11-14 16:00:26,58.625,0.59,20.0
2024-11-14 16:00:27,58.625,0.96,20.0
2024-11-14 16:00:28,58.625,0.82,20.0
2024-11-14 16:00:30,58.5,0.83,20.0
2024-11-14 16:00:31,58.125,0.83,20.0
2024-11-14 16:00:32,58.625,1.28,20.0
2024-11-14 16:00:33,58.5,1.01,20.0
2024-11-14 16:00:35,58.375,0.79,20.0
2024-11-14 16:00:36,58.5,0.92,20.0
2024-11-14 16:00:37,58.5,0.95,20.0
2024-11-14 16:00:39,58.75,1.28,20.0
2024-11-14 16:00:40,58.5,0.74,20.0
2024-11-14 16:00:41,58.75,1.12,20.0
2024-11-14 16:00:42,59.375,1.47,20.0
2024-11-14 16:00:44,59.5,1.15,20.0
2024-11-14 16:00:45,60.125,1.54,20.0
2024-11-14 16:00:46,60.5,1.72,20.0
2024-11-14 16:00:48,60.75,1.15,20.0
2024-11-14 16:00:49,60.375,0.72,20.0
2024-11-14 16:00:50,60.375,1.46,20.0
2024-11-14 16:00:52,60.0,1.14,20.0
2024-11-14 16:00:53,59.25,0.67,20.0
2024-11-14 16:00:54,59.0,0.87,20.0
2024-11-14 16:00:55,59.375,1.3,20.0
2024-11-14 16:00:57,58.875,0.6,20.0
2024-11-14 16:00:58,58.75,0.9,20.0
2024-11-14 16:00:59,58.75,0.94,20.0
2024-11-14 16:01:01,58.875,1.06,20.0
2024-11-14 16:01:02,58.375,0.76,20.0
2024-11-14 16:01:03,58.625,1.06,20.0
2024-11-14 16:01:04,59.0,1.55,20.0
2024-11-14 16:01:06,58.75,0.74,20.0
2024-11-14 16:01:07,58.625,0.58,20.0
2024-11-14 16:01:08,58.5,0.8,20.0
2024-11-14 16:01:10,58.5,0.93,20.0
2024-11-14 16:01:11,58.5,1.16,20.0
2024-11-14 16:01:12,58.875,1.18,20.0
2024-11-14 16:01:13,59.375,1.31,20.0
2024-11-14 16:01:15,59.125,0.74,20.0
2024-11-14 16:01:16,59.75,1.02,20.0
2024-11-14 16:01:17,60.125,1.6,20.0
2024-11-14 16:01:19,60.5,1.56,20.0
2024-11-14 16:01:20,60.0,0.57,20.0
2024-11-14 16:01:21,59.75,0.91,20.0
2024-11-14 16:01:22,59.5,0.77,20.0
2024-11-14 16:01:24,59.25,0.87,20.0
2024-11-14 16:01:25,59.625,1.35,20.0
2024-11-14 16:01:26,59.625,1.17,20.0
2024-11-14 16:01:28,59.625,1.07,20.0
2024-11-14 16:01:29,59.875,0.87,20.0
2024-11-14 16:01:30,59.625,0.7,20.0
2024-11-14 16:01:31,59.625,1.02,20.0
2024-11-14 16:01:33,59.0,0.86,20.0
2024-11-14 16:01:34,59.125,1.22,20.0
2024-11-14 16:01:35,59.125,0.95,20.0
2024-11-14 16:01:37,59.125,0.59,20.0
2024-11-14 16:01:38,58.875,1.04,20.0
2024-11-14 16:01:39,59.0,1.14,20.0
2024-11-14 16:01:40,58.875,0.83,20.0
2024-11-14 16:01:42,58.75,0.84,20.0
2024-11-14 16:01:43,59.625,1.09,20.0
2024-11-14 16:01:44,59.375,0.8,20.0
2024-11-14 16:01:46,59.25,0.91,20.0
2024-11-14 16:01:47,59.0,1.1,20.0
2024-11-14 16:01:48,59.0,0.77,20.0
2024-11-14 16:01:49,58.875,0.87,20.0
2024-11-14 16:01:51,60.125,1.27,20.0
2024-11-14 16:01:52,60.375,1.16,20.0
2024-11-14 16:01:53,60.625,1.4,20.0
2024-11-14 16:01:55,60.375,0.84,20.0
2024-11-14 16:01:56,60.0,0.87,20.0
2024-11-14 16:01:57,59.75,0.98,20.0
2024-11-14 16:01:59,59.625,0.93,20.0
2024-11-14 16:02:00,59.25,0.88,20.0
2024-11-14 16:02:01,59.125,1.03,20.0
2024-11-14 16:02:02,59.125,0.93,20.0
2024-11-14 16:02:04,59.0,0.91,20.0
2024-11-14 16:02:05,59.0,0.77,20.0
2024-11-14 16:02:06,59.25,1.11,20.0
2024-11-14 16:02:08,59.125,0.75,20.0
2024-11-14 16:02:09,58.75,0.76,20.0
2024-11-14 16:02:10,59.0,1.07,20.0
2024-11-14 16:02:11,58.875,0.93,20.0
2024-11-14 16:02:13,58.875,0.77,20.0
2024-11-14 16:02:14,59.375,0.97,20.0
2024-11-14 16:02:15,59.25,0.93,20.0
2024-11-14 16:02:16,59.125,0.77,20.0
2024-11-14 16:02:18,58.625,0.64,20.0
2024-11-14 16:02:19,59.0,0.86,20.0
2024-11-14 16:02:20,59.0,0.88,20.0
2024-11-14 16:02:22,60.5,1.38,20.0
2024-11-14 16:02:23,60.625,1.09,20.0
2024-11-14 16:02:24,60.625,1.17,20.0
2024-11-14 16:02:26,60.5,1.28,20.0
2024-11-14 16:02:27,60.0,1.07,20.0
2024-11-14 16:02:28,59.75,0.96,20.0
2024-11-14 16:02:29,59.5,0.71,20.0
2024-11-14 16:02:31,59.25,0.96,20.0
2024-11-14 16:02:32,59.875,1.46,20.0
2024-11-14 16:02:33,60.25,1.47,20.0
2024-11-14 16:02:35,60.25,1.07,20.0
2024-11-14 16:02:36,60.875,1.87,20.0
2024-11-14 16:02:37,61.25,1.62,20.0
2024-11-14 16:02:39,61.375,1.57,20.0
2024-11-14 16:02:40,63.5,1.81,20.0
2024-11-14 16:02:41,64.0,1.68,20.0
2024-11-14 16:02:43,64.5,1.51,20.0
2024-11-14 16:02:44,66.5,2.36,20.0
2024-11-14 16:02:45,66.125,1.7,20.0
2024-11-14 16:02:47,65.5,1.35,20.0
2024-11-14 16:02:48,63.875,0.79,20.0
2024-11-14 16:02:49,63.25,0.93,20.0
2024-11-14 16:02:51,64.125,1.93,20.0
2024-11-14 16:02:52,65.375,1.8,20.0
2024-11-14 16:02:53,65.375,1.98,20.0
2024-11-14 16:02:54,65.5,1.57,20.0
2024-11-14 16:02:56,65.125,2.6,20.0
2024-11-14 16:02:57,64.5,1.47,20.0
2024-11-14 16:02:58,63.875,1.2,20.0
2024-11-14 16:03:00,62.75,1.14,20.0
2024-11-14 16:03:01,62.25,0.86,20.0
2024-11-14 16:03:02,61.625,0.97,20.0
2024-11-14 16:03:04,61.125,0.93,20.0
2024-11-14 16:03:05,60.125,1.19,20.0
2024-11-14 16:03:06,60.125,1.53,20.0
2024-11-14 16:03:07,60.375,1.74,20.0
2024-11-14 16:03:09,60.0,1.47,20.0
2024-11-14 16:03:10,60.125,1.65,20.0
2024-11-14 16:03:11,60.0,1.26,20.0
2024-11-14 16:03:13,59.875,1.9,20.0
2024-11-14 16:03:14,60.0,1.42,20.0
2024-11-14 16:03:15,59.625,1.36,20.0
2024-11-14 16:03:17,59.25,1.81,20.0
2024-11-14 16:03:18,58.75,2.09,20.0
2024-11-14 16:03:19,59.0,1.99,20.0
2024-11-14 16:03:21,58.0,0.66,20.0
2024-11-14 16:03:22,57.625,0.88,20.0
2024-11-14 16:03:23,57.5,1.37,20.0
2024-11-14 16:03:25,57.25,1.01,20.0
2024-11-14 16:03:26,56.625,0.96,20.0
2024-11-14 16:03:27,57.375,1.85,20.0
2024-11-14 16:03:29,58.25,1.94,20.0
2024-11-14 16:03:30,58.75,1.92,20.0
2024-11-14 16:03:31,59.25,2.26,20.0
2024-11-14 16:03:33,59.375,1.66,20.0
2024-11-14 16:03:34,59.0,0.53,20.0
2024-11-14 16:03:35,58.375,1.03,20.0
2024-11-14 16:03:37,57.875,0.99,20.0
2024-11-14 16:03:38,57.0,1.14,20.0
2024-11-14 16:03:39,56.75,1.34,20.0
2024-11-14 16:03:40,56.5,1.09,20.0
2024-11-14 16:03:42,55.625,0.84,20.0
2024-11-14 16:03:43,55.375,1.14,20.0
2024-11-14 16:03:44,55.375,0.73,20.0
2024-11-14 16:03:46,55.25,0.95,20.0
2024-11-14 16:03:47,54.625,0.92,20.0
2024-11-14 16:03:48,54.875,1.24,20.0
2024-11-14 16:03:50,55.25,1.24,20.0
2024-11-14 16:03:51,54.625,0.87,20.0
2024-11-14 16:03:52,54.5,1.1,20.0
2024-11-14 16:03:53,54.25,0.74,20.0
2024-11-14 16:03:55,53.625,0.56,20.0
2024-11-14 16:03:56,53.5,0.93,20.0
2024-11-14 16:03:57,53.375,0.86,20.0
2024-11-14 16:03:59,53.25,1.01,21.0
2024-11-14 16:04:00,52.75,0.83,21.0
2024-11-14 16:04:01,53.0,1.09,21.0
2024-11-14 16:04:02,53.75,1.39,20.0
2024-11-14 16:04:04,54.25,0.8,20.0
2024-11-14 16:04:05,54.375,1.32,20.0
2024-11-14 16:04:06,54.25,1.23,20.0
2024-11-14 16:04:08,53.875,0.78,20.0
2024-11-14 16:04:09,53.25,0.5,21.0
2024-11-14 16:04:10,53.0,0.93,21.0
2024-11-14 16:04:12,52.875,1.02,21.0
2024-11-14 16:04:13,52.25,0.67,22.0
2024-11-14 16:04:14,52.125,0.98,22.0
2024-11-14 16:04:15,52.625,0.78,22.0
2024-11-14 16:04:17,52.375,0.92,22.0
2024-11-14 16:04:18,52.125,1.19,22.0
2024-11-14 16:04:19,51.875,0.81,23.0
2024-11-14 16:04:21,52.375,1.12,22.0
2024-11-14 16:04:22,52.625,1.09,22.0
2024-11-14 16:04:23,52.375,0.6,22.0
2024-11-14 16:04:24,52.375,1.14,22.0
2024-11-14 16:04:26,52.125,0.8,22.0
2024-11-14 16:04:27,51.5,0.91,23.0
2024-11-14 16:04:28,51.375,0.99,23.0
2024-11-14 16:04:29,51.25,0.7,24.0
2024-11-14 16:04:31,50.75,0.65,24.0
2024-11-14 16:04:32,50.5,0.88,25.0
2024-11-14 16:04:33,51.5,1.57,23.0
2024-11-14 16:04:35,51.75,1.32,23.0
2024-11-14 16:04:36,51.75,1.39,23.0
2024-11-14 16:04:37,51.75,0.94,23.0
2024-11-14 16:04:39,51.625,1.12,23.0
2024-11-14 16:04:40,51.0,1.18,24.0
2024-11-14 16:04:41,50.875,0.87,24.0
2024-11-14 16:04:42,50.75,0.7,24.0
2024-11-14 16:04:44,50.5,0.74,25.0
2024-11-14 16:04:45,51.375,1.38,23.0
2024-11-14 16:04:46,51.625,1.54,23.0
2024-11-14 16:04:48,51.5,1.1,23.0
2024-11-14 16:04:49,50.625,0.81,25.0
2024-11-14 16:04:50,50.875,0.92,24.0
2024-11-14 16:04:51,50.625,0.91,25.0
2024-11-14 16:04:53,50.125,0.86,25.0
2024-11-14 16:04:54,49.875,0.97,26.0
2024-11-14 16:04:55,49.75,0.96,26.0
2024-11-14 16:04:57,49.5,0.76,26.0
2024-11-14 16:04:58,49.5,0.75,26.0
2024-11-14 16:04:59,49.375,0.94,26.0
2024-11-14 16:05:00,49.625,1.12,26.0
2024-11-14 16:05:02,49.25,0.61,27.0
2024-11-14 16:05:03,49.375,1.02,26.0
2024-11-14 16:05:04,49.375,1.01,26.0
2024-11-14 16:05:06,49.5,0.99,26.0
2024-11-14 16:05:07,49.125,0.8,27.0
2024-11-14 16:05:08,50.125,1.23,25.0
2024-11-14 16:05:10,50.375,1.15,25.0
2024-11-14 16:05:11,50.25,0.96,25.0
2024-11-14 16:05:12,50.125,1.3,25.0
2024-11-14 16:05:13,49.875,0.94,26.0
2024-11-14 16:05:15,49.625,1.06,26.0
2024-11-14 16:05:16,49.875,1.17,26.0
2024-11-14 16:05:17,49.5,0.88,26.0
2024-11-14 16:05:19,49.5,0.83,26.0
2024-11-14 16:05:20,49.875,1.35,26.0
2024-11-14 16:05:21,49.875,1.29,26.0
2024-11-14 16:05:22,50.0,1.4,25.0
2024-11-14 16:05:24,49.625,0.93,26.0
2024-11-14 16:05:25,49.875,1.56,26.0
2024-11-14 16:05:26,50.5,1.16,25.0
2024-11-14 16:05:28,50.25,1.14,25.0
2024-11-14 16:05:29,49.75,1.16,26.0
2024-11-14 16:05:30,49.875,1.16,26.0
2024-11-14 16:05:31,49.875,1.0,26.0
2024-11-14 16:05:33,49.375,0.59,26.0
2024-11-14 16:05:34,49.5,0.93,26.0
2024-11-14 16:05:35,49.625,1.04,26.0
2024-11-14 16:05:37,49.5,0.78,26.0
2024-11-14 16:05:38,49.875,1.19,26.0
2024-11-14 16:05:39,50.75,1.54,24.0
2024-11-14 16:05:41,51.125,1.18,24.0
2024-11-14 16:05:42,51.0,0.82,24.0
2024-11-14 16:05:43,51.25,1.29,24.0
2024-11-14 16:05:44,51.0,0.83,24.0
2024-11-14 16:05:46,51.125,0.68,24.0
2024-11-14 16:05:47,51.0,1.01,24.0
2024-11-14 16:05:48,51.0,0.87,24.0
2024-11-14 16:05:50,50.625,0.64,25.0
2024-11-14 16:05:51,51.25,1.13,24.0
2024-11-14 16:05:52,51.375,1.1,23.0
2024-11-14 16:05:54,51.5,1.28,23.0
2024-11-14 16:05:55,50.875,0.4,24.0
2024-11-14 16:05:56,50.75,0.88,24.0
2024-11-14 16:05:57,50.75,0.83,24.0
2024-11-14 16:05:59,51.375,1.1,23.0
2024-11-14 16:06:00,51.125,1.1,24.0
2024-11-14 16:06:01,51.25,1.03,24.0
2024-11-14 16:06:03,51.25,0.96,24.0
2024-11-14 16:06:04,50.875,0.62,24.0
2024-11-14 16:06:05,50.75,0.82,24.0
2024-11-14 16:06:06,51.125,1.22,24.0
2024-11-14 16:06:08,51.0,0.87,24.0
2024-11-14 16:06:09,50.875,1.08,24.0
2024-11-14 16:06:10,50.75,0.7,24.0
2024-11-14 16:06:12,50.75,0.73,24.0
2024-11-14 16:06:13,50.625,0.79,25.0
2024-11-14 16:06:14,51.625,1.09,23.0
2024-11-14 16:06:15,52.375,1.56,22.0
2024-11-14 16:06:17,53.0,0.71,21.0
2024-11-14 16:06:18,53.0,1.2,21.0
2024-11-14 16:06:19,52.875,1.44,21.0
2024-11-14 16:06:21,52.5,0.69,22.0
2024-11-14 16:06:22,51.875,0.76,23.0
2024-11-14 16:06:23,51.625,0.88,23.0
2024-11-14 16:06:24,51.75,1.06,23.0
2024-11-14 16:06:26,51.625,0.88,23.0
2024-11-14 16:06:27,51.375,0.95,23.0
2024-11-14 16:06:28,51.75,1.25,23.0
2024-11-14 16:06:30,51.75,0.92,23.0
2024-11-14 16:06:31,51.5,0.83,23.0
2024-11-14 16:06:32,52.0,1.19,22.0
2024-11-14 16:06:33,51.75,0.72,23.0
2024-11-14 16:06:35,52.0,0.99,22.0
2024-11-14 16:06:36,51.75,1.08,23.0
2024-11-14 16:06:37,51.75,0.59,23.0
2024-11-14 16:06:39,51.875,0.79,23.0
2024-11-14 16:06:40,51.75,0.94,23.0
2024-11-14 16:06:41,51.875,1.09,23.0
2024-11-14 16:06:42,52.0,1.05,22.0
2024-11-14 16:06:44,51.75,0.47,23.0
2024-11-14 16:06:45,52.25,1.58,22.0
2024-11-14 16:06:46,53.375,1.51,20.0
2024-11-14 16:06:48,53.5,1.16,20.0
2024-11-14 16:06:49,53.75,0.78,20.0
2024-11-14 16:06:50,54.875,1.99,20.0
2024-11-14 16:06:52,54.625,0.97,20.0
2024-11-14 16:06:53,53.875,0.71,20.0
2024-11-14 16:06:54,53.625,1.12,20.0
2024-11-14 16:06:55,53.75,1.23,20.0
2024-11-14 16:06:57,53.5,0.58,20.0
2024-11-14 16:06:58,53.625,1.07,20.0
2024-11-14 16:06:59,53.625,1.06,20.0
2024-11-14 16:07:01,53.375,0.84,20.0
2024-11-14 16:07:02,53.375,1.24,20.0
2024-11-14 16:07:03,53.375,1.11,20.0
2024-11-14 16:07:05,53.375,0.95,20.0
2024-11-14 16:07:06,52.875,0.56,21.0
2024-11-14 16:07:07,52.75,0.92,21.0
2024-11-14 16:07:08,52.75,0.92,21.0
2024-11-14 16:07:10,53.0,0.94,21.0
2024-11-14 16:07:11,52.625,0.61,22.0
2024-11-14 16:07:12,52.625,0.8,22.0
2024-11-14 16:07:14,52.75,1.07,21.0
2024-11-14 16:07:15,56.375,1.14,20.0
2024-11-14 16:07:16,58.5,1.46,20.0
2024-11-14 16:07:18,58.0,1.68,20.0
2024-11-14 16:07:19,56.625,0.81,20.0
2024-11-14 16:07:20,56.375,1.2,20.0
2024-11-14 16:07:21,56.0,0.97,20.0
2024-11-14 16:07:23,55.25,1.07,20.0
2024-11-14 16:07:24,55.25,1.46,20.0
2024-11-14 16:07:25,54.875,0.98,20.0
2024-11-14 16:07:27,54.75,1.05,20.0
2024-11-14 16:07:28,54.25,0.85,20.0
2024-11-14 16:07:29,54.125,1.05,20.0
2024-11-14 16:07:30,54.125,1.02,20.0
2024-11-14 16:07:32,53.5,0.52,20.0
2024-11-14 16:07:33,53.5,1.06,20.0
2024-11-14 16:07:34,53.75,1.04,20.0
2024-11-14 16:07:36,53.875,1.12,20.0
2024-11-14 16:07:37,53.75,0.92,20.0
2024-11-14 16:07:38,53.75,1.09,20.0
2024-11-14 16:07:39,53.875,1.0,20.0
2024-11-14 16:07:41,53.625,0.91,20.0
2024-11-14 16:07:42,53.25,0.77,21.0
2024-11-14 16:07:43,54.0,1.29,20.0
2024-11-14 16:07:45,53.75,0.78,20.0
2024-11-14 16:07:46,53.5,0.74,20.0
2024-11-14 16:07:47,54.25,0.97,20.0
2024-11-14 16:07:48,54.0,0.77,20.0
2024-11-14 16:07:50,56.125,0.97,20.0
2024-11-14 16:07:51,57.0,1.38,20.0
2024-11-14 16:07:52,56.5,0.98,20.0
2024-11-14 16:07:54,56.5,0.92,20.0
2024-11-14 16:07:55,56.0,1.06,20.0
2024-11-14 16:07:56,56.0,1.42,20.0
2024-11-14 16:07:58,56.25,1.29,20.0
2024-11-14 16:07:59,55.5,0.53,20.0
2024-11-14 16:08:00,55.125,0.89,20.0
2024-11-14 16:08:01,55.5,1.22,20.0
2024-11-14 16:08:03,55.5,1.09,20.0
2024-11-14 16:08:04,55.625,1.7,20.0
2024-11-14 16:08:05,55.625,1.53,20.0
2024-11-14 16:08:07,55.375,0.93,20.0
2024-11-14 16:08:08,54.625,0.69,20.0
2024-11-14 16:08:09,54.625,0.85,20.0
2024-11-14 16:08:10,54.625,1.07,20.0
2024-11-14 16:08:12,54.5,0.97,20.0
2024-11-14 16:08:13,54.25,0.7,20.0
2024-11-14 16:08:14,54.375,0.96,20.0
2024-11-14 16:08:16,54.25,0.95,20.0
2024-11-14 16:08:17,54.75,0.88,20.0
2024-11-14 16:08:18,54.625,0.83,20.0
2024-11-14 16:08:19,55.375,1.26,20.0
2024-11-14 16:08:21,57.375,1.51,20.0
2024-11-14 16:08:22,57.25,1.44,20.0
2024-11-14 16:08:23,56.875,0.86,20.0
2024-11-14 16:08:25,56.375,0.96,20.0
2024-11-14 16:08:26,56.5,1.13,20.0
2024-11-14 16:08:27,57.0,1.27,20.0
2024-11-14 16:08:29,56.875,0.77,20.0
2024-11-14 16:08:30,56.75,1.15,20.0
2024-11-14 16:08:31,56.375,1.02,20.0
2024-11-14 16:08:32,56.0,1.05,20.0
2024-11-14 16:08:34,55.75,0.76,20.0
2024-11-14 16:08:35,55.375,1.04,20.0
2024-11-14 16:08:36,55.625,1.01,20.0
2024-11-14 16:08:38,55.625,1.09,20.0
2024-11-14 16:08:39,55.125,0.81,20.0
2024-11-14 16:08:40,55.25,1.12,20.0
2024-11-14 16:08:42,55.125,0.82,20.0
2024-11-14 16:08:43,54.875,0.57,20.0
2024-11-14 16:08:44,54.875,0.98,20.0
2024-11-14 16:08:45,55.125,1.1,20.0
2024-11-14 16:08:47,55.375,0.82,20.0
2024-11-14 16:08:48,55.875,1.19,20.0
2024-11-14 16:08:49,55.75,0.74,20.0
2024-11-14 16:08:51,56.5,1.07,20.0
2024-11-14 16:08:52,55.875,0.92,20.0
2024-11-14 16:08:53,55.875,1.16,20.0
2024-11-14 16:08:54,55.625,1.0,20.0
2024-11-14 16:08:56,55.625,0.94,20.0
2024-11-14 16:08:57,55.375,0.8,20.0
2024-11-14 16:08:58,55.375,1.1,20.0
2024-11-14 16:09:00,56.375,1.09,20.0
2024-11-14 16:09:01,56.625,0.93,20.0
2024-11-14 16:09:02,56.75,1.05,20.0
2024-11-14 16:09:04,57.0,1.05,20.0
2024-11-14 16:09:05,56.375,0.6,20.0
2024-11-14 16:09:06,56.125,0.99,20.0
2024-11-14 16:09:07,56.375,1.12,20.0
2024-11-14 16:09:09,56.625,1.41,20.0
2024-11-14 16:09:10,57.0,1.87,20.0
2024-11-14 16:09:11,57.875,1.73,20.0
2024-11-14 16:09:13,59.125,1.7,20.0
2024-11-14 16:09:14,59.25,1.21,20.0
2024-11-14 16:09:15,59.5,1.78,20.0
2024-11-14 16:09:17,59.125,1.44,20.0
2024-11-14 16:09:18,58.375,0.98,20.0
2024-11-14 16:09:19,58.0,0.81,20.0
2024-11-14 16:09:21,57.875,1.3,20.0
2024-11-14 16:09:22,58.375,1.03,20.0
2024-11-14 16:09:23,58.375,1.17,20.0
2024-11-14 16:09:24,59.125,1.72,20.0
2024-11-14 16:09:26,58.625,0.69,20.0
2024-11-14 16:09:27,58.25,0.79,20.0
2024-11-14 16:09:28,57.875,1.21,20.0
2024-11-14 16:09:30,57.5,0.76,20.0
2024-11-14 16:09:31,57.375,1.02,20.0
2024-11-14 16:09:32,58.125,1.1,20.0
2024-11-14 16:09:34,59.625,1.3,20.0
2024-11-14 16:09:35,60.625,1.06,20.0
2024-11-14 16:09:36,60.375,1.26,20.0
2024-11-14 16:09:38,59.875,1.05,20.0
2024-11-14 16:09:39,58.875,0.72,20.0
2024-11-14 16:09:40,58.625,0.67,20.0
2024-11-14 16:09:41,58.375,1.11,20.0
2024-11-14 16:09:43,58.375,1.35,20.0
2024-11-14 16:09:44,58.0,1.22,20.0
2024-11-14 16:09:45,58.375,1.26,20.0
2024-11-14 16:09:47,58.625,1.57,20.0
2024-11-14 16:09:48,59.625,1.33,20.0
2024-11-14 16:09:49,60.0,1.3,20.0
2024-11-14 16:09:51,61.25,1.88,20.0
2024-11-14 16:09:52,61.875,1.77,20.0
2024-11-14 16:09:53,61.375,1.4,20.0
2024-11-14 16:09:55,61.625,1.53,20.0
2024-11-14 16:09:56,62.0,1.2,20.0
2024-11-14 16:09:57,61.375,1.08,20.0
2024-11-14 16:09:59,60.875,0.92,20.0
2024-11-14 16:10:00,61.375,1.92,20.0
2024-11-14 16:10:01,61.5,1.24,20.0
2024-11-14 16:10:02,61.375,1.23,20.0
2024-11-14 16:10:04,60.75,0.97,20.0
2024-11-14 16:10:05,60.25,1.19,20.0
2024-11-14 16:10:06,60.25,1.34,20.0
2024-11-14 16:10:08,60.125,1.21,20.0
2024-11-14 16:10:09,60.125,1.03,20.0
2024-11-14 16:10:10,60.125,1.45,20.0
2024-11-14 16:10:11,59.625,0.88,20.0
2024-11-14 16:10:13,59.375,1.06,20.0
2024-11-14 16:10:14,59.375,1.16,20.0
2024-11-14 16:10:15,59.375,1.07,20.0
2024-11-14 16:10:17,59.25,1.13,20.0
2024-11-14 16:10:18,58.5,0.88,20.0
2024-11-14 16:10:19,59.25,1.16,20.0
2024-11-14 16:10:21,59.0,1.08,20.0
2024-11-14 16:10:22,58.625,0.83,20.0
2024-11-14 16:10:23,58.5,1.08,20.0
2024-11-14 16:10:24,58.375,0.74,20.0
2024-11-14 16:10:26,58.25,0.66,20.0
2024-11-14 16:10:27,57.875,0.79,20.0
2024-11-14 16:10:28,58.0,1.14,20.0
2024-11-14 16:10:30,57.875,0.61,20.0
2024-11-14 16:10:31,57.5,0.51,20.0
2024-11-14 16:10:32,57.625,0.86,20.0
2024-11-14 16:10:33,57.875,1.04,20.0
2024-11-14 16:10:35,58.125,1.0,20.0
2024-11-14 16:10:36,58.0,1.11,20.0
2024-11-14 16:10:37,58.75,1.2,20.0
2024-11-14 16:10:39,59.25,1.49,20.0
2024-11-14 16:10:40,59.75,1.17,20.0
2024-11-14 16:10:41,59.875,1.29,20.0
2024-11-14 16:10:43,59.875,1.37,20.0
2024-11-14 16:10:44,59.25,0.78,20.0
2024-11-14 16:10:45,59.0,1.07,20.0
2024-11-14 16:10:46,59.375,1.67,20.0
2024-11-14 16:10:48,59.375,1.14,20.0
2024-11-14 16:10:49,61.625,2.02,20.0
2024-11-14 16:10:50,61.875,1.54,20.0
2024-11-14 16:10:52,61.375,1.28,20.0
2024-11-14 16:10:53,60.25,0.75,20.0
2024-11-14 16:10:54,59.875,0.97,20.0
2024-11-14 16:10:55,59.625,0.76,20.0
2024-11-14 16:10:57,59.25,0.71,20.0
2024-11-14 16:10:58,59.375,1.34,20.0
2024-11-14 16:10:59,59.25,1.01,20.0
2024-11-14 16:11:01,59.125,0.83,20.0
2024-11-14 16:11:02,58.875,1.09,20.0
2024-11-14 16:11:03,59.125,1.56,20.0
2024-11-14 16:11:05,59.25,1.19,20.0
2024-11-14 16:11:06,61.0,1.65,20.0
2024-11-14 16:11:07,62.0,1.68,20.0
2024-11-14 16:11:09,62.625,2.2,20.0
2024-11-14 16:11:10,63.875,1.86,20.0
2024-11-14 16:11:11,63.5,1.36,20.0
2024-11-14 16:11:12,63.125,1.43,20.0
2024-11-14 16:11:14,63.625,2.25,20.0
2024-11-14 16:11:15,63.25,0.85,20.0
2024-11-14 16:11:16,62.625,1.12,20.0
2024-11-14 16:11:18,62.125,0.93,20.0
2024-11-14 16:11:19,61.625,1.58,20.0
2024-11-14 16:11:20,61.625,1.49,20.0
2024-11-14 16:11:22,61.5,0.98,20.0
2024-11-14 16:11:23,62.875,1.8,20.0
2024-11-14 16:11:24,63.25,1.97,20.0
2024-11-14 16:11:25,62.875,1.23,20.0
2024-11-14 16:11:27,62.25,0.88,20.0
2024-11-14 16:11:28,61.25,0.9,20.0
2024-11-14 16:11:29,60.75,1.06,20.0
2024-11-14 16:11:31,60.875,1.44,20.0
2024-11-14 16:11:32,60.875,0.88,20.0
2024-11-14 16:11:33,60.875,1.28,20.0
2024-11-14 16:11:35,60.5,0.97,20.0
2024-11-14 16:11:36,61.75,1.44,20.0
2024-11-14 16:11:37,62.25,1.1,20.0
2024-11-14 16:11:38,62.625,1.07,20.0
2024-11-14 16:11:40,62.125,1.04,20.0
2024-11-14 16:11:41,61.125,0.84,20.0
2024-11-14 16:11:42,60.625,0.74,20.0
2024-11-14 16:11:44,60.75,1.12,20.0
2024-11-14 16:11:45,61.375,1.06,20.0
2024-11-14 16:11:46,61.25,1.33,20.0
2024-11-14 16:11:48,61.5,1.22,20.0
2024-11-14 16:11:49,61.0,0.37,20.0
2024-11-14 16:11:50,61.625,1.81,20.0
2024-11-14 16:11:51,61.375,1.15,20.0
2024-11-14 16:11:53,61.125,1.15,20.0
2024-11-14 16:11:54,60.25,1.06,20.0
2024-11-14 16:11:55,60.25,1.0,20.0
2024-11-14 16:11:57,60.25,1.03,20.0
2024-11-14 16:11:58,59.75,0.56,20.0
2024-11-14 16:11:59,59.75,1.05,20.0
2024-11-14 16:12:00,59.75,0.93,20.0
2024-11-14 16:12:02,59.75,1.03,20.0
2024-11-14 16:12:03,59.375,0.93,20.0
2024-11-14 16:12:04,59.625,1.07,20.0
2024-11-14 16:12:06,59.75,1.15,20.0
2024-11-14 16:12:07,60.25,1.38,20.0
2024-11-14 16:12:08,60.625,1.49,20.0
2024-11-14 16:12:10,60.5,0.97,20.0
2024-11-14 16:12:11,60.75,1.56,20.0
2024-11-14 16:12:12,61.0,1.4,20.0
2024-11-14 16:12:13,61.125,1.46,20.0
2024-11-14 16:12:15,62.625,1.56,20.0
2024-11-14 16:12:16,64.375,2.19,20.0
2024-11-14 16:12:17,65.25,1.71,20.0
2024-11-14 16:12:19,64.75,1.27,20.0
2024-11-14 16:12:20,65.5,1.85,20.0
2024-11-14 16:12:21,64.875,1.06,20.0
2024-11-14 16:12:23,64.125,1.02,20.0
2024-11-14 16:12:24,62.625,0.73,20.0
2024-11-14 16:12:25,62.375,1.38,20.0
2024-11-14 16:12:26,61.875,1.47,20.0
2024-11-14 16:12:28,61.5,1.37,20.0
2024-11-14 16:12:29,60.5,1.04,20.0
2024-11-14 16:12:30,60.125,0.83,20.0
2024-11-14 16:12:32,59.75,0.85,20.0
2024-11-14 16:12:33,58.875,0.74,20.0
2024-11-14 16:12:34,59.0,1.39,20.0
2024-11-14 16:12:36,58.625,1.04,20.0
2024-11-14 16:12:37,58.125,0.45,20.0
2024-11-14 16:12:38,57.875,0.91,20.0
2024-11-14 16:12:39,57.625,0.96,20.0
2024-11-14 16:12:41,57.5,0.82,20.0
2024-11-14 16:12:42,56.875,0.85,20.0
2024-11-14 16:12:43,56.75,0.78,20.0
2024-11-14 16:12:45,56.875,1.03,20.0
2024-11-14 16:12:46,56.25,0.59,20.0
2024-11-14 16:12:47,56.125,0.81,20.0
2024-11-14 16:12:48,55.875,0.93,20.0
2024-11-14 16:12:50,56.75,1.27,20.0
2024-11-14 16:12:51,58.25,1.1,20.0
2024-11-14 16:12:52,58.0,1.45,20.0
2024-11-14 16:12:54,57.75,0.97,20.0
2024-11-14 16:12:55,56.625,0.72,20.0
2024-11-14 16:12:56,56.25,0.9,20.0
2024-11-14 16:12:58,56.125,0.96,20.0
2024-11-14 16:12:59,55.375,0.81,20.0
2024-11-14 16:13:00,55.0,1.05,20.0
2024-11-14 16:13:01,54.875,1.03,20.0
2024-11-14 16:13:03,54.75,1.22,20.0
2024-11-14 16:13:04,54.5,1.0,20.0
2024-11-14 16:13:05,54.25,0.97,20.0
2024-11-14 16:13:07,54.125,0.98,20.0
2024-11-14 16:13:08,53.5,0.79,20.0
2024-11-14 16:13:09,53.625,1.11,20.0
2024-11-14 16:13:10,53.625,1.08,20.0
2024-11-14 16:13:12,53.625,0.87,20.0
2024-11-14 16:13:13,53.375,1.06,20.0
2024-11-14 16:13:14,53.125,0.72,21.0
2024-11-14 16:13:16,53.25,1.19,21.0
2024-11-14 16:13:17,52.75,0.51,21.0
2024-11-14 16:13:18,52.75,1.08,21.0
2024-11-14 16:13:19,52.875,1.13,21.0
2024-11-14 16:13:21,52.875,1.02,21.0
2024-11-14 16:13:22,53.5,1.39,20.0
2024-11-14 16:13:23,54.0,1.31,20.0
2024-11-14 16:13:25,54.0,1.09,20.0
2024-11-14 16:13:26,53.5,0.92,20.0
2024-11-14 16:13:27,53.125,0.86,21.0
2024-11-14 16:13:28,52.875,0.78,21.0
2024-11-14 16:13:30,52.75,1.23,21.0
2024-11-14 16:13:31,52.75,1.56,21.0
2024-11-14 16:13:32,52.75,1.24,21.0
2024-11-14 16:13:34,52.75,1.24,21.0
2024-11-14 16:13:35,52.25,0.52,22.0
2024-11-14 16:13:36,52.0,0.93,22.0
2024-11-14 16:13:38,51.75,0.93,23.0
2024-11-14 16:13:39,51.25,0.62,24.0
2024-11-14 16:13:40,51.25,0.94,24.0
2024-11-14 16:13:41,51.125,0.89,24.0
2024-11-14 16:13:43,51.25,1.23,24.0
2024-11-14 16:13:44,51.125,1.16,24.0
2024-11-14 16:13:45,51.0,1.0,24.0
2024-11-14 16:13:47,51.0,0.77,24.0
2024-11-14 16:13:48,50.625,0.57,25.0
2024-11-14 16:13:49,50.625,0.97,25.0
2024-11-14 16:13:50,51.0,1.49,24.0
2024-11-14 16:13:52,51.5,1.23,23.0
2024-11-14 16:13:53,51.125,1.07,24.0
2024-11-14 16:13:54,50.875,0.74,24.0
2024-11-14 16:13:56,51.5,1.06,23.0
2024-11-14 16:13:57,51.625,1.05,23.0
2024-11-14 16:13:58,51.625,1.12,23.0
2024-11-14 16:14:00,51.75,1.15,23.0
2024-11-14 16:14:01,51.75,1.4,23.0
2024-11-14 16:14:02,50.875,0.83,24.0
2024-11-14 16:14:03,50.75,1.06,24.0
2024-11-14 16:14:05,50.625,1.0,25.0
2024-11-14 16:14:06,50.125,0.81,25.0
2024-11-14 16:14:07,50.25,1.23,25.0
2024-11-14 16:14:09,50.125,0.86,25.0
2024-11-14 16:14:10,49.875,0.69,26.0
2024-11-14 16:14:11,49.625,0.97,26.0
2024-11-14 16:14:12,49.5,0.87,26.0
2024-11-14 16:14:14,49.75,0.97,26.0
2024-11-14 16:14:15,49.5,0.83,26.0
2024-11-14 16:14:16,49.375,0.72,26.0
2024-11-14 16:14:18,49.5,0.98,26.0
2024-11-14 16:14:19,49.625,1.17,26.0
2024-11-14 16:14:20,49.5,1.21,26.0
2024-11-14 16:14:21,49.375,0.68,26.0
2024-11-14 16:14:23,50.375,1.33,25.0
2024-11-14 16:14:24,49.75,0.88,26.0
2024-11-14 16:14:25,50.5,1.87,25.0
2024-11-14 16:14:26,51.0,1.73,24.0
2024-11-14 16:14:28,50.5,0.97,25.0
2024-11-14 16:14:29,50.625,1.13,25.0
2024-11-14 16:14:30,50.375,1.37,25.0
2024-11-14 16:14:32,50.25,1.28,25.0
2024-11-14 16:14:33,49.625,0.59,26.0
2024-11-14 16:14:34,49.5,0.97,26.0
2024-11-14 16:14:36,49.5,1.22,26.0
2024-11-14 16:14:37,49.625,0.69,26.0
2024-11-14 16:14:38,50.0,1.38,25.0
2024-11-14 16:14:39,50.0,0.86,25.0
2024-11-14 16:14:41,50.25,1.39,25.0
2024-11-14 16:14:42,49.5,0.85,26.0
2024-11-14 16:14:43,49.375,0.8,26.0
2024-11-14 16:14:45,49.25,0.76,27.0
2024-11-14 16:14:46,49.25,0.91,27.0
2024-11-14 16:14:47,49.375,1.07,26.0
2024-11-14 16:14:48,49.5,1.18,26.0
2024-11-14 16:14:50,50.125,1.85,25.0
2024-11-14 16:14:51,54.0,1.72,20.0
2024-11-14 16:14:52,54.25,1.91,20.0
2024-11-14 16:14:54,53.75,1.09,20.0
2024-11-14 16:14:55,52.625,0.94,22.0
2024-11-14 16:14:56,52.25,0.98,22.0
2024-11-14 16:14:57,51.875,1.0,23.0
2024-11-14 16:14:59,51.5,1.01,23.0
2024-11-14 16:15:00,51.125,1.02,24.0
2024-11-14 16:15:01,51.5,1.15,23.0
2024-11-14 16:15:03,51.875,1.68,23.0
2024-11-14 16:15:04,52.125,1.25,22.0
2024-11-14 16:15:05,52.5,1.87,22.0
2024-11-14 16:15:07,52.375,1.13,22.0
2024-11-14 16:15:08,51.625,0.88,23.0
2024-11-14 16:15:09,51.375,1.06,23.0
2024-11-14 16:15:11,51.25,0.93,24.0
2024-11-14 16:15:12,51.625,0.89,23.0
2024-11-14 16:15:13,51.375,0.97,23.0
2024-11-14 16:15:14,51.375,1.12,23.0
2024-11-14 16:15:16,51.5,1.24,23.0
2024-11-14 16:15:17,51.5,1.49,23.0
2024-11-14 16:15:18,51.5,1.07,23.0
2024-11-14 16:15:20,51.625,1.04,23.0
2024-11-14 16:15:21,51.375,1.0,23.0
2024-11-14 16:15:22,52.0,1.35,22.0
2024-11-14 16:15:24,52.0,1.04,22.0
2024-11-14 16:15:25,51.625,0.92,23.0
2024-11-14 16:15:26,51.375,0.94,23.0
2024-11-14 16:15:27,51.75,0.97,23.0
2024-11-14 16:15:29,52.75,1.61,21.0
2024-11-14 16:15:30,52.5,1.01,22.0
2024-11-14 16:15:31,52.125,0.88,22.0
2024-11-14 16:15:33,52.5,1.04,22.0
2024-11-14 16:15:34,52.875,1.2,21.0
2024-11-14 16:15:35,53.25,1.49,21.0
2024-11-14 16:15:37,53.5,1.36,20.0
2024-11-14 16:15:38,53.375,1.32,20.0
2024-11-14 16:15:39,53.125,0.91,21.0
2024-11-14 16:15:40,52.875,0.99,21.0
2024-11-14 16:15:42,53.125,1.32,21.0
2024-11-14 16:15:43,53.0,1.02,21.0
2024-11-14 16:15:44,53.25,1.47,21.0
2024-11-14 16:15:46,53.625,1.41,20.0
2024-11-14 16:15:47,53.0,0.83,21.0
2024-11-14 16:15:48,53.125,1.08,21.0
2024-11-14 16:15:50,53.0,0.99,21.0
2024-11-14 16:15:51,53.25,1.26,21.0
2024-11-14 16:15:52,53.25,0.87,21.0
2024-11-14 16:15:53,53.875,1.89,20.0
2024-11-14 16:15:55,53.75,1.39,20.0
2024-11-14 16:15:56,53.25,1.12,21.0
2024-11-14 16:15:57,53.125,1.12,21.0
2024-11-14 16:15:59,53.0,0.79,21.0
2024-11-14 16:16:00,53.0,0.75,21.0
2024-11-14 16:16:01,52.75,0.84,21.0
2024-11-14 16:16:02,52.875,0.96,21.0
2024-11-14 16:16:04,53.125,1.36,21.0
2024-11-14 16:16:05,52.875,1.15,21.0
2024-11-14 16:16:06,53.0,0.95,21.0
2024-11-14 16:16:08,53.75,1.5,20.0
2024-11-14 16:16:09,54.25,1.35,20.0
2024-11-14 16:16:10,54.625,1.34,20.0
2024-11-14 16:16:12,54.75,1.13,20.0
2024-11-14 16:16:13,54.0,0.76,20.0
2024-11-14 16:16:14,54.125,1.08,20.0
2024-11-14 16:16:15,54.125,0.96,20.0
2024-11-14 16:16:17,53.875,0.69,20.0
2024-11-14 16:16:18,53.625,1.18,20.0
2024-11-14 16:16:19,53.375,0.79,20.0
2024-11-14 16:16:21,53.5,1.05,20.0
2024-11-14 16:16:22,53.25,0.72,21.0
2024-11-14 16:16:23,54.125,1.3,20.0
2024-11-14 16:16:25,54.25,1.3,20.0
2024-11-14 16:16:26,54.125,1.06,20.0
2024-11-14 16:16:27,53.875,0.71,20.0
2024-11-14 16:16:28,53.75,0.58,20.0
2024-11-14 16:16:30,53.75,1.0,20.0
2024-11-14 16:16:31,53.5,0.88,20.0
2024-11-14 16:16:32,53.75,1.23,20.0
2024-11-14 16:16:34,53.875,1.08,20.0
2024-11-14 16:16:35,53.875,0.82,20.0
2024-11-14 16:16:36,53.875,0.99,20.0
2024-11-14 16:16:37,53.75,0.8,20.0
2024-11-14 16:16:39,53.875,1.27,20.0
2024-11-14 16:16:40,54.875,1.32,20.0
2024-11-14 16:16:41,55.25,1.54,20.0
2024-11-14 16:16:43,55.25,1.39,20.0
2024-11-14 16:16:44,55.125,0.85,20.0
2024-11-14 16:16:45,54.875,0.93,20.0
2024-11-14 16:16:46,54.5,0.52,20.0
2024-11-14 16:16:48,54.625,1.09,20.0
2024-11-14 16:16:49,55.0,0.95,20.0
2024-11-14 16:16:50,55.75,1.75,20.0
2024-11-14 16:16:52,55.75,1.24,20.0
2024-11-14 16:16:53,55.625,1.21,20.0
2024-11-14 16:16:54,55.625,1.18,20.0
2024-11-14 16:16:56,55.25,0.59,20.0
2024-11-14 16:16:57,55.5,1.05,20.0
2024-11-14 16:16:58,56.25,1.51,20.0
2024-11-14 16:16:59,57.0,1.04,20.0
2024-11-14 16:17:01,56.625,1.17,20.0
2024-11-14 16:17:02,55.875,0.99,20.0
2024-11-14 16:17:03,55.625,0.86,20.0
2024-11-14 16:17:05,55.5,0.84,20.0
2024-11-14 16:17:06,55.125,0.74,20.0
2024-11-14 16:17:07,55.0,0.64,20.0
2024-11-14 16:17:09,55.0,1.18,20.0
2024-11-14 16:17:10,54.875,0.96,20.0
2024-11-14 16:17:11,54.5,1.03,20.0
2024-11-14 16:17:12,54.625,1.16,20.0
2024-11-14 16:17:14,55.75,1.31,20.0
2024-11-14 16:17:15,56.625,1.24,20.0
2024-11-14 16:17:16,56.625,1.23,20.0
2024-11-14 16:17:18,56.75,1.13,20.0
2024-11-14 16:17:19,56.0,0.82,20.0
2024-11-14 16:17:20,55.75,1.0,20.0
2024-11-14 16:17:21,55.75,1.3,20.0
2024-11-14 16:17:23,55.5,0.73,20.0
2024-11-14 16:17:24,56.125,1.1,20.0
2024-11-14 16:17:25,56.125,1.16,20.0
2024-11-14 16:17:27,56.0,1.24,20.0
2024-11-14 16:17:28,55.75,0.78,20.0
2024-11-14 16:17:29,55.75,1.26,20.0
2024-11-14 16:17:31,55.875,1.2,20.0
2024-11-14 16:17:32,55.5,0.93,20.0
2024-11-14 16:17:33,55.5,1.13,20.0
2024-11-14 16:17:34,55.375,0.7,20.0
2024-11-14 16:17:36,55.625,0.96,20.0
2024-11-14 16:17:37,55.5,0.94,20.0
2024-11-14 16:17:38,55.75,1.32,20.0
2024-11-14 16:17:40,55.625,0.91,20.0
2024-11-14 16:17:41,55.5,1.08,20.0
2024-11-14 16:17:42,55.625,0.97,20.0
2024-11-14 16:17:44,55.5,0.79,20.0
2024-11-14 16:17:45,56.625,1.21,20.0
2024-11-14 16:17:46,57.0,1.21,20.0
2024-11-14 16:17:47,57.25,1.66,20.0
2024-11-14 16:17:49,57.25,1.46,20.0
2024-11-14 16:17:50,57.5,1.76,20.0
2024-11-14 16:17:51,57.25,0.98,20.0
2024-11-14 16:17:53,56.875,0.9,20.0
2024-11-14 16:17:54,57.75,1.24,20.0
2024-11-14 16:17:55,57.75,1.5,20.0
2024-11-14 16:17:57,57.75,1.43,20.0
2024-11-14 16:17:58,59.5,1.81,20.0
2024-11-14 16:17:59,60.0,1.5,20.0
2024-11-14 16:18:01,60.125,1.43,20.0
2024-11-14 16:18:02,59.5,0.97,20.0
2024-11-14 16:18:03,58.5,1.08,20.0
2024-11-14 16:18:04,58.25,1.0,20.0
2024-11-14 16:18:06,58.125,1.23,20.0
2024-11-14 16:18:07,57.375,0.94,20.0
2024-11-14 16:18:08,57.25,0.97,20.0
2024-11-14 16:18:10,57.125,0.96,20.0
2024-11-14 16:18:11,57.5,1.09,20.0
2024-11-14 16:18:12,57.375,0.81,20.0
2024-11-14 16:18:14,57.25,1.12,20.0
2024-11-14 16:18:15,56.75,0.63,20.0
2024-11-14 16:18:16,56.75,0.89,20.0
2024-11-14 16:18:17,56.75,1.02,20.0
2024-11-14 16:18:19,57.0,0.97,20.0
2024-11-14 16:18:20,58.375,1.21,20.0
2024-11-14 16:18:21,58.625,1.35,20.0
2024-11-14 16:18:23,58.5,1.35,20.0
2024-11-14 16:18:24,58.375,1.28,20.0
2024-11-14 16:18:25,58.375,0.92,20.0
2024-11-14 16:18:27,58.125,1.0,20.0
2024-11-14 16:18:28,59.875,1.65,20.0
2024-11-14 16:18:29,60.5,1.63,20.0
2024-11-14 16:18:30,60.0,1.15,20.0
2024-11-14 16:18:32,59.375,0.74,20.0
2024-11-14 16:18:33,58.875,1.61,20.0
2024-11-14 16:18:34,58.75,1.58,20.0
2024-11-14 16:18:36,58.625,1.36,20.0
2024-11-14 16:18:37,58.0,0.89,20.0
2024-11-14 16:18:38,57.875,1.0,20.0
2024-11-14 16:18:40,57.875,1.06,20.0
2024-11-14 16:18:41,57.625,0.49,20.0
2024-11-14 16:18:42,57.75,1.06,20.0
2024-11-14 16:18:43,57.5,0.77,20.0
2024-11-14 16:18:45,57.5,0.79,20.0
2024-11-14 16:18:46,57.25,0.9,20.0
2024-11-14 16:18:47,57.25,0.83,20.0
2024-11-14 16:18:49,57.125,0.69,20.0
2024-11-14 16:18:50,58.5,1.72,20.0
2024-11-14 16:18:51,59.625,2.11,20.0
2024-11-14 16:18:53,60.5,2.01,20.0
2024-11-14 16:18:54,61.625,2.06,20.0
2024-11-14 16:18:55,61.75,1.22,20.0
2024-11-14 16:18:56,61.25,1.17,20.0
2024-11-14 16:18:58,60.75,0.84,20.0
2024-11-14 16:18:59,59.75,1.42,20.0
2024-11-14 16:19:00,59.875,1.41,20.0
2024-11-14 16:19:02,59.625,0.84,20.0
2024-11-14 16:19:03,58.875,0.62,20.0
2024-11-14 16:19:04,58.875,1.12,20.0
2024-11-14 16:19:06,58.75,1.05,20.0
2024-11-14 16:19:07,58.625,1.0,20.0
2024-11-14 16:19:08,58.25,0.89,20.0
2024-11-14 16:19:09,58.25,1.07,20.0
2024-11-14 16:19:11,58.0,0.9,20.0
2024-11-14 16:19:12,57.75,0.92,20.0
2024-11-14 16:19:13,58.0,1.02,20.0
2024-11-14 16:19:15,57.875,1.0,20.0
2024-11-14 16:19:16,58.0,1.1,20.0
2024-11-14 16:19:17,58.125,1.29,20.0
2024-11-14 16:19:18,58.25,1.21,20.0
2024-11-14 16:19:20,58.125,0.71,20.0
2024-11-14 16:19:21,57.625,0.76,20.0
2024-11-14 16:19:22,58.0,1.13,20.0
2024-11-14 16:19:24,58.625,1.37,20.0
2024-11-14 16:19:25,61.375,2.83,20.0
2024-11-14 16:19:26,61.25,1.27,20.0
2024-11-14 16:19:28,60.875,1.18,20.0
2024-11-14 16:19:29,60.375,1.04,20.0
2024-11-14 16:19:30,59.625,0.81,20.0
2024-11-14 16:19:31,59.25,0.86,20.0
2024-11-14 16:19:33,58.875,1.01,20.0
2024-11-14 16:19:34,58.25,0.84,20.0
2024-11-14 16:19:35,58.125,0.77,20.0
2024-11-14 16:19:36,58.125,0.89,20.0
2024-11-14 16:19:38,58.125,0.93,20.0
2024-11-14 16:19:39,58.0,1.15,20.0
2024-11-14 16:19:40,58.25,1.08,20.0
2024-11-14 16:19:42,58.375,1.08,20.0
2024-11-14 16:19:43,57.875,0.52,20.0
2024-11-14 16:19:44,57.75,0.69,20.0
2024-11-14 16:19:45,57.625,0.86,20.0
2024-11-14 16:19:47,57.875,0.94,20.0
2024-11-14 16:19:48,57.625,0.83,20.0
2024-11-14 16:19:49,57.75,0.91,20.0
2024-11-14 16:19:51,58.25,1.35,20.0
2024-11-14 16:19:52,57.875,0.71,20.0
2024-11-14 16:19:53,58.0,0.95,20.0
2024-11-14 16:19:54,58.0,0.66,20.0
2024-11-14 16:19:56,58.375,1.13,20.0
2024-11-14 16:19:57,59.5,1.35,20.0
2024-11-14 16:19:58,59.625,1.34,20.0
2024-11-14 16:20:00,59.875,1.12,20.0
2024-11-14 16:20:01,59.5,1.14,20.0
2024-11-14 16:20:02,59.375,1.04,20.0
2024-11-14 16:20:04,59.125,0.85,20.0
2024-11-14 16:20:05,58.75,0.76,20.0
2024-11-14 16:20:06,59.0,1.32,20.0
2024-11-14 16:20:07,59.25,1.41,20.0
2024-11-14 16:20:09,59.5,1.25,20.0
2024-11-14 16:20:10,59.125,0.87,20.0
2024-11-14 16:20:11,58.875,0.69,20.0
2024-11-14 16:20:13,58.875,1.07,20.0
2024-11-14 16:20:14,58.5,0.63,20.0
2024-11-14 16:20:15,58.375,0.71,20.0
2024-11-14 16:20:16,58.5,0.83,20.0
2024-11-14 16:20:18,58.375,0.85,20.0
2024-11-14 16:20:19,58.0,0.72,20.0
2024-11-14 16:20:20,58.25,1.08,20.0
2024-11-14 16:20:22,58.125,0.84,20.0
2024-11-14 16:20:23,58.125,0.82,20.0
2024-11-14 16:20:24,58.0,0.78,20.0
2024-11-14 16:20:26,59.625,1.91,20.0
2024-11-14 16:20:27,62.125,2.13,20.0
2024-11-14 16:20:28,62.375,1.0,20.0
2024-11-14 16:20:29,61.875,1.17,20.0
2024-11-14 16:20:31,62.0,1.63,20.0
2024-11-14 16:20:32,62.25,1.91,20.0
2024-11-14 16:20:33,63.25,2.23,20.0
2024-11-14 16:20:35,63.5,1.81,20.0
2024-11-14 16:20:36,62.375,0.93,20.0
2024-11-14 16:20:37,62.0,1.52,20.0
2024-11-14 16:20:39,62.375,1.95,20.0
2024-11-14 16:20:40,61.875,1.3,20.0
2024-11-14 16:20:41,61.875,1.45,20.0
2024-11-14 16:20:43,61.625,1.42,20.0
2024-11-14 16:20:44,61.5,1.43,20.0
2024-11-14 16:20:45,61.375,1.67,20.0
2024-11-14 16:20:46,61.25,1.18,20.0
2024-11-14 16:20:48,61.0,1.11,20.0
2024-11-14 16:20:49,60.75,1.15,20.0
2024-11-14 16:20:50,62.5,2.29,20.0
2024-11-14 16:20:52,62.625,1.46,20.0
2024-11-14 16:20:53,64.625,1.58,20.0
2024-11-14 16:20:54,64.125,1.05,20.0
2024-11-14 16:20:56,63.625,1.38,20.0
2024-11-14 16:20:57,62.75,0.74,20.0
2024-11-14 16:20:58,62.25,1.04,20.0
2024-11-14 16:21:00,61.875,0.89,20.0
2024-11-14 16:21:01,61.0,0.73,20.0
2024-11-14 16:21:02,61.125,1.39,20.0
2024-11-14 16:21:03,61.875,1.43,20.0
2024-11-14 16:21:05,61.875,1.42,20.0
2024-11-14 16:21:06,61.875,1.09,20.0
2024-11-14 16:21:07,61.75,1.23,20.0
2024-11-14 16:21:09,61.375,1.06,20.0
2024-11-14 16:21:10,60.5,0.86,20.0
2024-11-14 16:21:11,60.875,1.42,20.0
2024-11-14 16:21:13,62.25,1.44,20.0
2024-11-14 16:21:14,62.25,1.28,20.0
2024-11-14 16:21:15,62.875,1.96,20.0
2024-11-14 16:21:17,64.0,2.11,20.0
2024-11-14 16:21:18,63.625,1.61,20.0
2024-11-14 16:21:19,63.5,1.47,20.0
2024-11-14 16:21:20,62.875,1.03,20.0
2024-11-14 16:21:22,62.125,1.19,20.0
2024-11-14 16:21:23,60.875,0.9,20.0
2024-11-14 16:21:24,60.375,0.86,20.0
2024-11-14 16:21:26,59.875,1.05,20.0
2024-11-14 16:21:27,59.25,0.86,20.0
2024-11-14 16:21:28,58.75,0.78,20.0
2024-11-14 16:21:30,58.375,0.74,20.0
2024-11-14 16:21:31,58.0,1.13,20.0
2024-11-14 16:21:32,57.25,1.0,20.0
2024-11-14 16:21:33,57.125,1.14,20.0
2024-11-14 16:21:35,56.875,0.96,20.0
2024-11-14 16:21:36,56.5,0.92,20.0
2024-11-14 16:21:37,57.0,1.45,20.0
2024-11-14 16:21:39,57.25,1.2,20.0
2024-11-14 16:21:40,57.25,1.35,20.0
2024-11-14 16:21:41,57.25,0.94,20.0
2024-11-14 16:21:42,56.875,0.94,20.0
2024-11-14 16:21:44,56.5,0.95,20.0
2024-11-14 16:21:45,55.875,0.9,20.0
2024-11-14 16:21:46,55.75,1.03,20.0
2024-11-14 16:21:48,55.5,0.77,20.0
2024-11-14 16:21:49,55.125,0.65,20.0
2024-11-14 16:21:50,55.375,0.89,20.0
2024-11-14 16:21:51,55.5,1.55,20.0
2024-11-14 16:21:53,55.25,1.16,20.0
2024-11-14 16:21:54,54.5,0.72,20.0
2024-11-14 16:21:55,54.5,1.0,20.0
2024-11-14 16:21:57,54.25,0.92,20.0
2024-11-14 16:21:58,54.125,0.73,20.0
2024-11-14 16:21:59,54.0,1.13,20.0
2024-11-14 16:22:00,53.875,0.83,20.0
2024-11-14 16:22:02,53.625,0.8,20.0
2024-11-14 16:22:03,53.125,0.8,21.0
2024-11-14 16:22:04,53.25,1.25,21.0
2024-11-14 16:22:06,53.25,0.72,21.0
2024-11-14 16:22:07,52.75,0.53,21.0
2024-11-14 16:22:08,52.625,0.77,22.0
2024-11-14 16:22:10,53.75,1.65,20.0
2024-11-14 16:22:11,54.0,1.48,20.0
2024-11-14 16:22:12,54.0,1.11,20.0
2024-11-14 16:22:13,53.875,1.12,20.0
2024-11-14 16:22:15,53.5,0.71,20.0
2024-11-14 16:22:16,53.0,0.86,21.0
2024-11-14 16:22:17,53.25,1.33,21.0
2024-11-14 16:22:19,53.5,1.04,20.0
2024-11-14 16:22:20,53.25,0.86,21.0
2024-11-14 16:22:21,53.25,1.35,21.0
2024-11-14 16:22:23,53.0,0.86,21.0
2024-11-14 16:22:24,52.75,0.86,21.0
2024-11-14 16:22:25,52.0,0.84,22.0
2024-11-14 16:22:26,52.0,1.01,22.0
2024-11-14 16:22:28,52.5,1.34,22.0
2024-11-14 16:22:29,51.875,0.6,23.0
2024-11-14 16:22:30,51.75,0.94,23.0
2024-11-14 16:22:32,51.625,1.04,23.0
2024-11-14 16:22:33,51.625,1.01,23.0
2024-11-14 16:22:34,51.25,1.06,24.0
2024-11-14 16:22:35,51.875,1.78,23.0
2024-11-14 16:22:37,52.375,1.25,22.0
2024-11-14 16:22:38,51.75,0.54,23.0
2024-11-14 16:22:39,51.5,0.79,23.0
2024-11-14 16:22:41,51.375,1.02,23.0
2024-11-14 16:22:42,51.125,0.77,24.0
2024-11-14 16:22:43,51.75,1.25,23.0
2024-11-14 16:22:44,52.0,1.44,22.0
2024-11-14 16:22:46,52.375,1.23,22.0
2024-11-14 16:22:47,52.875,1.41,21.0
2024-11-14 16:22:48,52.875,1.33,21.0
2024-11-14 16:22:50,52.875,1.99,21.0
2024-11-14 16:22:51,53.0,1.3,21.0
2024-11-18 21:58:40,61.75,0.01,20.0
2024-11-18 21:58:42,61.125,0.16,20.0
2024-11-18 21:58:44,60.25,0.01,20.0
2024-11-18 21:58:46,59.125,0.01,20.0
2024-11-18 21:58:48,59.125,0.01,20.0
2024-11-18 21:58:49,59.375,0.01,20.0
2024-11-18 21:58:52,59.875,0.01,20.0
2024-11-18 21:58:54,60.5,0.01,20.0
2024-11-18 21:58:56,59.875,0.01,20.0
2024-11-18 21:58:58,60.625,0.01,20.0
2024-11-18 21:59:00,61.0,0.01,20.0
2024-11-18 21:59:02,60.125,0.01,20.0
2024-11-18 21:59:04,59.625,0.01,20.0
2024-11-18 21:59:06,58.875,0.01,20.0
2024-11-18 21:59:08,58.375,0.01,20.0
2024-11-18 21:59:10,58.75,0.0,20.0
2024-11-18 21:59:12,58.25,0.01,20.0
2024-11-18 21:59:14,59.375,0.01,20.0
2024-11-18 21:59:16,59.875,0.01,20.0
2024-11-18 21:59:18,59.25,0.01,20.0
2024-11-18 21:59:20,58.625,0.01,20.0
2024-11-18 21:59:22,58.625,0.01,20.0
2024-11-18 21:59:24,59.625,0.01,20.0
2024-11-18 21:59:26,62.0,0.01,20.0
2024-11-18 21:59:28,62.375,0.96,20.0
2024-11-18 21:59:30,62.5,0.98,20.0
2024-11-18 21:59:32,62.0,0.0,20.0
2024-11-18 21:59:34,63.5,0.91,20.0
2024-11-18 21:59:36,64.375,0.01,20.0
2024-11-18 21:59:38,64.875,1.0,20.0
2024-11-18 21:59:40,64.75,0.68,20.0
2024-11-18 21:59:42,64.625,0.53,20.0
2024-11-18 21:59:44,64.75,0.27,20.0
2024-11-18 21:59:46,64.5,0.15,20.0
2024-11-18 21:59:48,63.875,0.01,20.0
2024-11-18 21:59:50,63.125,0.01,20.0
2024-11-18 21:59:58,61.75,0.02,20.0
2024-11-18 21:59:59,61.75,0.06,20.0
2024-11-18 22:00:02,61.375,0.32,20.0
2024-11-18 22:00:03,61.0,0.54,20.0
2024-11-18 22:00:05,60.25,0.68,20.0
2024-11-18 22:00:08,59.5,0.03,20.0
2024-11-18 22:00:10,58.125,0.01,20.0
2024-11-18 22:00:12,56.875,0.16,20.0
2024-11-18 22:00:14,56.125,0.01,20.0
2024-11-18 22:00:16,55.625,0.07,20.0
2024-11-18 22:00:18,55.375,0.01,20.0
2024-11-18 22:00:20,54.875,0.02,20.0
2024-11-18 22:00:22,54.25,0.04,20.0
2024-11-18 22:00:24,54.375,0.18,20.0
2024-11-18 22:00:26,54.75,0.01,20.0
2024-11-18 22:00:28,54.125,0.01,20.0
2024-11-18 22:00:30,54.0,0.06,20.0
2024-11-18 22:00:32,53.125,0.01,21.0
2024-11-18 22:00:34,52.875,0.01,21.0
2024-11-18 22:00:36,52.5,0.01,22.0
2024-11-18 22:00:38,52.25,0.01,22.0
2024-11-18 22:00:40,51.5,0.01,23.0
2024-11-18 22:00:42,51.875,0.01,23.0
2024-11-18 22:00:44,51.375,0.01,23.0
2024-11-18 22:00:46,50.75,0.01,24.0
2024-11-18 22:00:48,52.375,0.43,22.0
2024-11-18 22:00:50,52.625,0.02,22.0
2024-11-18 22:00:52,52.125,0.24,22.0
2024-11-18 22:00:54,51.75,0.3,23.0
2024-11-18 22:00:56,52.625,1.36,22.0
2024-11-18 22:00:58,52.375,0.46,22.0
2024-11-18 22:01:00,51.875,0.21,23.0
2024-11-18 22:01:02,51.25,0.05,24.0
2024-11-18 22:01:04,50.875,0.19,24.0
2024-11-18 22:01:06,50.625,0.01,25.0
2024-11-18 22:01:33,49.5,0.01,26.0
2024-11-18 22:02:31,54.0,0.01,20.0
2024-11-18 22:02:32,53.875,0.02,20.0
2024-11-18 22:02:33,54.0,0.01,20.0
2024-11-18 22:02:35,55.75,0.01,20.0
2024-11-18 22:02:37,54.625,0.11,20.0
2024-11-18 22:02:39,54.0,0.01,20.0
2024-11-18 22:02:41,55.5,0.01,20.0
2024-11-18 22:02:43,55.0,0.08,20.0
2024-11-18 22:02:45,54.375,0.01,20.0
2024-11-18 22:02:47,54.875,0.01,20.0
2024-11-18 22:02:49,55.375,0.79,20.0
2024-11-18 22:02:51,55.5,0.01,20.0
2024-11-18 22:02:53,55.125,0.01,20.0
2024-11-18 22:02:55,54.125,0.01,20.0
2024-11-18 22:02:57,54.5,0.01,20.0
2024-11-18 22:02:59,54.625,0.01,20.0
2024-11-18 22:03:01,54.75,0.01,20.0
2024-11-18 22:03:03,54.25,0.01,20.0
2024-11-18 22:03:05,54.0,0.01,20.0
2024-11-18 22:03:07,54.5,0.01,20.0
2024-11-18 22:03:09,54.5,0.01,20.0
2024-11-18 22:03:11,54.375,0.02,20.0
2024-11-18 22:03:13,55.375,0.01,20.0
2024-11-18 22:03:15,55.125,0.34,20.0
2024-11-18 22:03:17,56.875,0.5,20.0
2024-11-18 22:03:19,56.25,0.01,20.0
2024-11-18 22:03:21,56.625,0.01,20.0
2024-11-18 22:03:23,57.0,0.01,20.0
2024-11-18 22:03:25,56.375,0.01,20.0
2024-11-18 22:03:27,55.5,0.01,20.0
2024-11-18 22:03:29,55.25,0.01,20.0
2024-11-18 22:03:31,55.25,0.01,20.0
2024-11-18 22:03:33,56.0,0.01,20.0
2024-11-18 22:03:35,56.625,0.06,20.0
2024-11-18 22:03:37,56.125,0.01,20.0
2024-11-18 22:03:39,55.625,0.01,20.0
2024-11-18 22:03:41,55.625,0.01,20.0
2024-11-18 22:03:43,57.125,0.0,20.0
2024-11-18 22:03:55,54.125,0.01,20.0
2024-11-18 22:03:57,55.125,0.01,20.0
2024-11-18 22:03:59,57.0,0.01,20.0
2024-11-18 22:04:01,56.25,0.01,20.0
2024-11-18 22:04:03,55.5,0.01,20.0
2024-11-18 22:04:05,54.5,0.01,20.0
2024-11-18 22:04:07,54.25,0.01,20.0
2024-11-18 22:04:09,53.875,0.01,20.0
2024-11-18 22:04:11,54.25,0.01,20.0
2024-11-18 22:04:13,54.625,0.01,20.0
2024-11-18 22:04:15,54.75,0.01,20.0
2024-11-18 22:04:17,54.125,0.01,20.0
2024-11-18 22:04:19,56.125,0.01,20.0
2024-11-18 22:04:21,59.375,1.21,20.0
2024-11-18 22:04:23,59.375,0.14,20.0
2024-11-18 22:04:25,59.375,0.39,20.0
2024-11-18 22:04:27,59.25,0.01,20.0
2024-11-18 22:04:29,59.0,0.01,20.0
2024-11-18 22:04:31,59.25,0.01,20.0
2024-11-18 22:04:33,59.125,0.01,20.0
2024-11-18 22:04:35,58.625,0.01,20.0
2024-11-18 22:04:37,58.25,0.01,20.0
2024-11-18 22:04:39,57.875,0.01,20.0
2024-11-18 22:04:41,58.375,0.0,20.0
2024-11-18 22:04:43,59.375,0.46,20.0
2024-11-18 22:04:45,59.25,0.23,20.0
2024-11-18 22:04:47,60.0,1.61,20.0
2024-11-18 22:04:49,60.875,1.68,20.0
2024-11-18 22:04:51,61.375,0.67,20.0
2024-11-18 22:04:53,60.875,0.01,20.0
2024-11-18 22:04:55,60.375,0.01,20.0
2024-11-18 22:05:33,59.0,0.02,20.0
2024-11-18 22:05:43,59.875,0.01,20.0
2024-11-18 22:06:13,58.125,0.01,20.0
2024-11-18 22:06:15,62.25,0.83,20.0
2024-11-18 22:06:16,62.625,0.01,20.0
2024-11-18 22:06:19,61.375,0.02,20.0
2024-11-18 22:06:21,60.375,0.01,20.0
2024-11-18 22:06:23,61.25,0.01,20.0
2024-11-18 22:06:25,61.5,0.01,20.0
2024-11-18 22:06:27,60.625,0.01,20.0
2024-11-18 22:06:29,60.625,0.01,20.0
2024-11-18 22:06:31,60.375,0.01,20.0
2024-11-18 22:06:33,62.5,1.2,20.0
2024-11-18 22:06:35,61.875,0.2,20.0
2024-11-18 22:06:37,61.125,0.01,20.0
2024-11-18 22:06:39,61.0,0.57,20.0
2024-11-18 22:06:41,61.25,0.02,20.0
2024-11-18 22:06:43,62.625,0.74,20.0
2024-11-18 22:06:45,61.75,0.01,20.0
2024-11-18 22:06:47,60.875,0.01,20.0
2024-11-18 22:06:49,60.0,0.01,20.0
2024-11-18 22:06:51,59.75,0.01,20.0
2024-11-18 22:06:53,60.125,0.01,20.0
2024-11-18 22:06:55,60.625,0.01,20.0
2024-11-18 22:06:57,60.125,0.01,20.0
2024-11-18 22:06:59,59.625,0.01,20.0
2024-11-18 22:07:01,58.625,0.01,20.0
2024-11-18 22:07:03,58.375,0.01,20.0
2024-11-18 22:07:05,58.375,0.01,20.0
2024-11-18 22:07:07,58.125,0.01,20.0
2024-11-18 22:07:09,57.875,0.02,20.0
2024-11-18 22:07:11,57.375,0.0,20.0
2024-11-18 22:07:13,57.625,0.0,20.0
2024-11-18 22:07:15,58.75,0.01,20.0
2024-11-18 22:07:17,58.375,0.01,20.0
2024-11-18 22:07:19,57.5,0.01,20.0
2024-11-18 22:07:21,57.625,0.01,20.0
2024-11-18 22:07:23,58.875,0.01,20.0
2024-11-18 22:07:25,60.125,0.01,20.0
2024-11-18 22:07:27,60.125,0.01,20.0
2024-11-18 22:07:29,59.0,0.0,20.0
2024-11-18 22:07:33,58.125,0.01,20.0
2024-11-18 22:08:33,60.625,0.01,20.0
2024-11-18 22:09:33,52.625,0.01,22.0
2024-11-18 22:10:00,50.75,0.01,24.0
2024-11-18 22:10:01,50.75,0.01,24.0
2024-11-18 22:10:09,53.125,0.51,21.0
2024-11-18 22:10:11,52.0,0.02,22.0
2024-11-18 22:10:13,51.625,0.01,23.0
2024-11-18 22:10:15,52.125,0.37,22.0
2024-11-18 22:10:17,52.25,0.81,22.0
2024-11-18 22:10:19,52.125,0.01,22.0
2024-11-18 22:10:21,52.0,0.01,22.0
2024-11-18 22:10:23,52.5,0.01,22.0
2024-11-18 22:10:25,52.625,0.01,22.0
2024-11-18 22:10:27,51.625,0.01,23.0
2024-11-18 22:10:29,51.125,0.01,24.0
2024-11-18 22:10:31,52.125,0.01,22.0
2024-11-18 22:10:33,52.875,0.06,21.0
2024-11-18 22:10:35,52.875,0.01,21.0
2024-11-18 22:10:37,52.625,0.02,22.0
2024-11-18 22:10:39,51.75,0.01,23.0
2024-11-18 22:10:41,51.625,0.01,23.0
2024-11-18 22:10:43,51.375,0.01,23.0
2024-11-18 22:10:45,51.25,0.01,24.0
2024-11-18 22:10:47,51.75,0.32,23.0
2024-11-18 22:10:49,51.875,0.01,23.0
2024-11-18 22:10:51,52.5,0.01,22.0
2024-11-18 22:10:53,52.75,0.02,21.0
2024-11-18 22:10:55,54.0,0.86,20.0
2024-11-18 22:10:57,53.875,0.61,20.0
2024-11-18 22:10:59,54.0,0.16,20.0
2024-11-18 22:11:01,54.375,0.02,20.0
2024-11-18 22:11:03,53.5,0.01,20.0
2024-11-18 22:11:05,52.75,0.01,21.0
2024-11-18 22:11:07,52.75,0.01,21.0
2024-11-18 22:11:09,52.625,0.01,22.0
2024-11-18 22:11:11,52.75,0.0,21.0
2024-11-18 22:11:13,52.5,0.01,22.0
2024-11-18 22:11:15,52.5,0.01,22.0
2024-11-18 22:11:17,52.375,0.01,22.0
2024-11-18 22:11:19,52.0,0.01,22.0
2024-11-18 22:11:21,52.125,0.01,22.0
2024-11-18 22:11:23,52.25,0.01,22.0
2024-11-18 22:11:25,52.25,0.01,22.0
2024-11-18 22:11:27,52.25,0.01,22.0
2024-11-18 22:11:29,52.375,0.01,22.0
2024-11-18 22:11:31,52.375,0.01,22.0
2024-11-18 22:11:33,53.25,0.02,21.0
2024-11-18 22:11:35,54.375,0.46,20.0
2024-11-18 22:11:37,54.75,0.01,20.0
2024-11-18 22:11:39,54.875,0.51,20.0
2024-11-18 22:11:41,55.0,0.35,20.0
2024-11-18 22:11:43,55.25,0.27,20.0
2024-11-18 22:11:45,55.625,0.01,20.0
2024-11-18 22:11:47,55.625,0.01,20.0
2024-11-18 22:11:49,56.0,0.46,20.0
2024-11-18 22:11:51,56.25,0.01,20.0
2024-11-18 22:11:53,56.375,0.01,20.0
2024-11-18 22:11:55,56.625,0.76,20.0
2024-11-18 22:11:57,56.25,0.01,20.0
2024-11-18 22:12:33,56.75,0.01,20.0
2024-11-18 22:13:33,58.875,0.12,20.0
2024-11-18 22:14:33,57.5,0.01,20.0
2024-11-18 22:14:48,57.25,0.01,20.0
2024-11-18 22:14:49,59.0,0.6,20.0
2024-11-18 22:51:16,51.125,0.03,24.0
2024-11-18 22:51:18,50.375,0.01,25.0
2024-11-18 22:51:20,49.375,0.01,26.0
2024-11-18 22:51:22,48.625,0.01,28.0
2024-11-18 22:51:24,48.875,0.01,27.0
2024-11-18 22:51:26,49.5,0.01,26.0
2024-11-18 22:51:28,50.0,0.01,25.0
2024-11-18 22:51:30,49.375,0.01,26.0
2024-11-18 22:51:32,50.625,0.0,25.0
2024-11-18 22:51:34,50.75,0.01,24.0
2024-11-18 22:51:36,50.625,0.01,25.0
2024-11-18 22:51:38,49.75,0.01,26.0
2024-11-18 22:51:40,49.25,0.01,27.0
2024-11-18 22:51:42,49.25,0.01,27.0
2024-11-18 22:51:44,50.25,0.01,25.0
2024-11-18 22:51:46,50.375,0.01,25.0
2024-11-18 22:51:48,49.875,0.01,26.0
2024-11-18 22:51:50,49.5,0.01,26.0
2024-11-18 22:51:52,49.75,0.01,26.0
2024-11-18 22:51:54,49.5,0.01,26.0
2024-11-18 22:51:56,49.75,0.01,26.0
2024-11-18 22:51:58,49.625,0.01,26.0
2024-11-18 22:52:00,49.625,0.01,26.0
2024-11-18 22:52:02,50.375,0.01,25.0
2024-11-18 22:52:04,50.375,0.01,25.0
2024-11-18 22:52:06,50.125,0.01,25.0
2024-11-18 22:52:08,50.625,0.01,25.0
2024-11-18 22:52:10,50.625,0.01,25.0
2024-11-18 22:52:12,51.5,0.01,23.0
2024-11-18 22:52:14,51.0,0.02,24.0
2024-11-18 22:52:16,51.0,0.01,24.0
2024-11-18 22:52:18,51.375,0.22,23.0
2024-11-18 22:52:20,51.5,0.01,23.0
2024-11-18 22:52:22,51.25,0.01,24.0
2024-11-18 22:56:32,55.875,0.06,20.0
2024-11-18 22:56:33,55.875,0.06,20.0
2024-11-18 22:56:33,55.5,0.1,20.0
2024-11-18 22:56:35,54.875,0.01,20.0
2024-11-18 22:56:36,54.875,0.01,20.0
2024-11-18 22:56:36,54.75,0.01,20.0
2024-11-18 22:56:38,54.125,0.01,20.0
2024-11-18 22:56:39,54.125,0.01,20.0
2024-11-18 22:56:39,54.375,0.01,20.0
2024-11-18 22:56:41,54.0,0.01,20.0
2024-11-18 22:56:42,54.0,0.01,20.0
2024-11-18 22:56:42,54.25,0.01,20.0
2024-11-18 22:56:44,53.875,0.01,20.0
2024-11-18 22:56:45,53.875,0.01,20.0
2024-11-18 22:56:45,53.875,0.01,20.0
2024-11-18 22:56:47,53.5,0.01,20.0
2024-11-18 22:56:48,53.5,0.01,20.0
2024-11-18 22:56:48,53.625,0.01,20.0
2024-11-18 22:56:50,53.5,0.01,20.0
2024-11-18 22:56:51,53.5,0.01,20.0
2024-11-18 22:56:51,53.875,0.01,20.0
2024-11-18 22:56:53,54.0,0.01,20.0
2024-11-18 22:56:54,54.0,0.01,20.0
2024-11-18 22:56:54,54.125,0.0,20.0
2024-11-18 22:56:57,54.625,0.01,20.0
2024-11-18 22:56:57,54.625,0.01,20.0
2024-11-18 22:56:58,54.625,0.01,20.0
2024-11-18 22:57:00,55.875,0.01,20.0
2024-11-18 22:57:00,55.875,0.01,20.0
2024-11-18 22:57:01,55.875,0.01,20.0
2024-11-18 22:57:03,56.125,0.01,20.0
2024-11-18 22:57:03,56.125,0.01,20.0
2024-11-18 22:57:04,56.125,0.01,20.0
2024-11-18 22:57:06,55.375,0.01,20.0
2024-11-18 22:57:06,55.375,0.01,20.0
2024-11-18 22:57:07,55.375,0.01,20.0
2024-11-18 22:57:09,54.75,0.01,20.0
2024-11-18 22:57:09,54.75,0.01,20.0
2024-11-18 22:57:10,54.75,0.01,20.0
2024-11-18 22:57:12,56.0,0.01,20.0
2024-11-18 22:57:12,56.0,0.01,20.0
2024-11-18 22:57:13,56.0,0.01,20.0
2024-11-18 22:57:15,55.75,0.01,20.0
2024-11-18 22:57:15,55.75,0.01,20.0
2024-11-18 22:57:16,55.75,0.01,20.0
2024-11-18 22:57:17,56.125,0.02,20.0
2024-11-18 22:57:18,56.125,0.02,20.0
2024-11-18 22:57:18,56.125,0.02,20.0
2024-11-18 22:57:20,55.625,0.01,20.0
2024-11-18 22:57:21,55.625,0.01,20.0
2024-11-18 22:57:21,55.5,0.01,20.0
2024-11-18 22:57:23,55.0,0.01,20.0
2024-11-18 22:57:24,55.0,0.01,20.0
2024-11-18 22:57:24,55.125,0.01,20.0
2024-11-18 22:57:26,55.25,0.01,20.0
2024-11-18 22:57:27,55.25,0.01,20.0
2024-11-18 22:57:27,55.0,0.02,20.0
2024-11-18 22:57:29,55.5,0.01,20.0
2024-11-18 22:57:30,55.5,0.01,20.0
2024-11-18 22:57:30,55.5,0.02,20.0
2024-11-18 22:57:32,55.625,0.01,20.0
2024-11-18 22:57:33,55.625,0.01,20.0
2024-11-18 22:57:33,55.625,0.01,20.0
2024-11-18 22:57:36,57.875,0.09,20.0
2024-11-18 22:57:38,56.875,0.01,20.0
2024-11-18 22:57:41,56.5,0.01,20.0
2024-11-18 22:57:42,56.5,0.02,20.0
2024-11-18 22:57:44,57.5,0.01,20.0
2024-11-18 22:57:46,56.625,0.18,20.0
2024-11-18 22:57:48,56.25,0.01,20.0
2024-11-18 22:57:50,56.0,0.01,20.0
2024-11-18 22:57:52,55.625,0.01,20.0
2024-11-18 22:57:54,55.875,0.01,20.0
2024-11-18 22:57:56,55.625,0.01,20.0
2024-11-18 22:57:58,55.75,0.19,20.0
2024-11-18 22:58:00,56.0,0.01,20.0
2024-11-18 22:58:02,55.875,0.01,20.0
2024-11-18 22:58:05,55.375,0.01,20.0
2024-11-18 22:58:06,56.25,0.01,20.0
2024-11-18 22:58:08,57.0,0.01,20.0
2024-11-18 22:58:10,57.375,0.0,20.0
2024-11-18 22:58:12,56.375,0.01,20.0
2024-11-18 22:58:14,56.125,0.01,20.0
2024-11-18 22:58:16,55.875,0.01,20.0
2024-11-18 22:58:18,56.625,0.01,20.0
2024-11-18 22:58:20,56.5,0.01,20.0
2024-11-18 22:58:22,57.125,0.01,20.0
2024-11-18 22:58:24,56.5,0.01,20.0
2024-11-18 22:58:26,56.75,0.01,20.0
2024-11-18 22:58:28,56.75,0.01,20.0
2024-11-18 22:58:30,56.0,0.01,20.0
2024-11-18 22:58:32,56.125,0.01,20.0
2024-11-18 22:58:35,58.0,0.39,20.0
2024-11-18 22:58:36,59.25,0.59,20.0
2024-11-18 22:58:39,59.875,0.08,20.0
2024-11-18 22:58:41,58.625,0.01,20.0
2024-11-18 22:58:43,57.75,0.0,20.0
2024-11-18 22:58:45,57.625,0.01,20.0
2024-11-18 22:58:47,57.5,0.01,20.0
2024-11-18 22:58:49,57.0,0.01,20.0
2024-11-18 22:58:51,56.875,0.01,20.0
2024-11-18 22:58:53,56.375,0.01,20.0
2024-11-18 22:58:55,57.375,0.02,20.0
2024-11-18 22:58:57,56.75,0.01,20.0
2024-11-18 22:58:59,57.375,0.01,20.0
2024-11-18 22:59:01,57.125,0.01,20.0
2024-11-18 22:59:03,57.25,0.01,20.0
2024-11-18 22:59:05,56.625,0.01,20.0
2024-11-18 22:59:07,57.0,0.01,20.0
2024-11-18 22:59:09,57.125,0.01,20.0
2024-11-18 22:59:11,56.5,0.01,20.0
2024-11-18 22:59:13,57.125,0.02,20.0
2024-11-18 22:59:15,58.0,0.01,20.0
2024-11-18 22:59:17,57.25,0.01,20.0
2024-11-18 22:59:19,57.25,0.01,20.0
2024-11-18 22:59:21,56.375,0.01,20.0
2024-11-18 22:59:23,57.375,0.01,20.0
2024-11-18 22:59:25,58.375,0.02,20.0
2024-11-18 22:59:27,57.75,0.01,20.0
2024-11-18 22:59:29,57.375,0.01,20.0
2024-11-18 22:59:31,57.375,0.01,20.0
2024-11-18 22:59:34,58.875,0.13,20.0
2024-11-18 22:59:36,58.25,0.01,20.0
2024-11-18 22:59:38,58.25,0.08,20.0
2024-11-18 22:59:40,58.5,0.01,20.0
2024-11-18 22:59:42,58.0,0.03,20.0
2024-11-18 22:59:44,57.25,0.01,20.0
2024-11-18 22:59:48,59.25,0.34,20.0
2024-11-18 22:59:50,58.75,0.01,20.0
2024-11-18 22:59:52,58.0,0.01,20.0
2024-11-18 22:59:56,59.375,0.01,20.0
2024-11-18 22:59:58,58.25,0.01,20.0
2024-11-18 23:00:00,57.5,0.01,20.0
2024-11-18 23:00:02,57.0,0.01,20.0
2024-11-18 23:00:04,57.0,0.01,20.0
2024-11-18 23:00:06,56.625,0.01,20.0
2024-11-18 23:00:08,56.25,0.01,20.0
2024-11-18 23:00:10,56.125,0.01,20.0
2024-11-18 23:00:12,55.75,0.01,20.0
2024-11-18 23:00:14,55.625,0.01,20.0
2024-11-18 23:00:16,56.875,0.01,20.0
2024-11-18 23:00:18,57.625,0.01,20.0
2024-11-18 23:00:20,58.125,0.01,20.0
2024-11-18 23:00:22,57.875,0.01,20.0
2024-11-18 23:00:24,57.25,0.01,20.0
2024-11-18 23:00:26,57.125,0.02,20.0
2024-11-18 23:00:28,58.375,0.26,20.0
2024-11-18 23:00:30,59.25,0.01,20.0
2024-11-18 23:00:32,59.125,0.01,20.0
2024-11-18 23:00:34,59.0,0.01,20.0
2024-11-18 23:00:38,60.125,0.01,20.0
2024-11-18 23:00:39,60.125,0.01,20.0
2024-11-18 23:00:39,59.75,0.0,20.0
2024-11-18 23:00:41,58.75,0.01,20.0
2024-11-18 23:00:42,58.75,0.01,20.0
2024-11-18 23:00:42,58.25,0.02,20.0
2024-11-18 23:00:44,57.625,0.01,20.0
2024-11-18 23:00:45,57.625,0.01,20.0
2024-11-18 23:00:45,58.125,0.01,20.0
2024-11-18 23:00:47,58.375,0.01,20.0
2024-11-18 23:00:48,58.375,0.01,20.0
2024-11-18 23:00:48,58.75,0.03,20.0
2024-11-18 23:00:51,58.75,0.01,20.0
2024-11-18 23:00:51,58.75,0.01,20.0
2024-11-18 23:00:52,58.75,0.01,20.0
2024-11-18 23:00:54,58.0,0.01,20.0
2024-11-18 23:00:54,58.0,0.01,20.0
2024-11-18 23:00:55,58.0,0.01,20.0
2024-11-18 23:00:57,58.0,0.01,20.0
2024-11-18 23:00:57,58.0,0.01,20.0
2024-11-18 23:00:58,58.0,0.01,20.0
2024-11-18 23:01:00,57.625,0.02,20.0
2024-11-18 23:01:00,57.625,0.02,20.0
2024-11-18 23:01:01,57.625,0.02,20.0
2024-11-18 23:01:02,58.625,0.45,20.0
2024-11-18 23:01:03,58.625,0.45,20.0
2024-11-18 23:01:03,58.5,0.01,20.0
2024-11-18 23:01:06,57.75,0.01,20.0
2024-11-18 23:01:06,57.75,0.01,20.0
2024-11-18 23:01:07,57.75,0.01,20.0
2024-11-18 23:01:09,57.75,0.01,20.0
2024-11-18 23:01:09,57.75,0.01,20.0
2024-11-18 23:01:10,57.75,0.01,20.0
2024-11-18 23:01:12,58.75,0.01,20.0
2024-11-18 23:01:12,58.75,0.01,20.0
2024-11-18 23:01:13,58.75,0.01,20.0
2024-11-18 23:01:15,58.5,0.01,20.0
2024-11-18 23:01:15,58.5,0.01,20.0
2024-11-18 23:01:16,58.5,0.01,20.0
2024-11-18 23:01:18,58.75,0.01,20.0
2024-11-18 23:01:18,58.75,0.01,20.0
2024-11-18 23:01:19,58.75,0.01,20.0
2024-11-18 23:01:21,58.375,0.01,20.0
2024-11-18 23:01:21,58.375,0.01,20.0
2024-11-18 23:01:22,58.375,0.01,20.0
2024-11-18 23:01:24,59.25,0.01,20.0
2024-11-18 23:01:24,59.25,0.01,20.0
2024-11-18 23:01:25,59.25,0.01,20.0
2024-11-18 23:01:27,59.25,0.01,20.0
2024-11-18 23:01:27,59.25,0.01,20.0
2024-11-18 23:01:28,59.25,0.01,20.0
2024-11-18 23:01:30,59.375,0.05,20.0
2024-11-18 23:01:30,59.375,0.05,20.0
2024-11-18 23:01:31,59.375,0.05,20.0
2024-11-18 23:01:33,59.375,0.01,20.0
2024-11-18 23:01:33,59.375,0.01,20.0
2024-11-18 23:01:34,59.375,0.01,20.0
2024-11-18 23:01:36,59.75,0.01,20.0
2024-11-18 23:01:36,59.75,0.01,20.0
2024-11-18 23:01:37,59.75,0.01,20.0
2024-11-18 23:01:39,59.125,0.01,20.0
2024-11-18 23:01:39,59.125,0.01,20.0
2024-11-18 23:01:40,59.125,0.01,20.0
2024-11-18 23:01:42,58.75,0.01,20.0
2024-11-18 23:01:42,58.75,0.01,20.0
2024-11-18 23:01:43,58.75,0.01,20.0
2024-11-18 23:01:45,59.5,0.01,20.0
2024-11-18 23:01:45,59.5,0.01,20.0
2024-11-18 23:01:46,59.5,0.01,20.0
2024-11-18 23:01:47,60.125,0.01,20.0
2024-11-18 23:01:48,60.125,0.01,20.0
2024-11-18 23:01:48,60.0,0.01,20.0
2024-11-18 23:01:51,61.625,0.01,20.0
2024-11-18 23:01:53,60.5,0.01,20.0
2024-11-18 23:01:55,59.625,0.01,20.0
2024-11-18 23:01:57,59.5,0.0,20.0
2024-11-18 23:01:59,59.5,0.01,20.0
2024-11-18 23:02:01,58.75,0.01,20.0
2024-11-18 23:02:03,59.0,0.0,20.0
2024-11-18 23:02:05,59.125,0.01,20.0
2024-11-18 23:02:07,59.25,0.0,20.0
2024-11-18 23:02:09,61.5,0.47,20.0
2024-11-18 23:02:11,60.375,0.01,20.0
2024-11-18 23:02:13,59.5,0.01,20.0
2024-11-18 23:02:15,58.75,0.01,20.0
2024-11-18 23:02:17,58.625,0.01,20.0
2024-11-18 23:02:19,58.125,0.01,20.0
2024-11-18 23:02:21,57.75,0.01,20.0
2024-11-18 23:02:23,57.25,0.01,20.0
2024-11-18 23:02:25,57.625,0.01,20.0
2024-11-18 23:02:28,58.875,0.02,20.0
2024-11-18 23:02:30,59.125,0.02,20.0
2024-11-18 23:02:32,59.25,0.01,20.0
2024-11-18 23:02:34,59.5,0.01,20.0
2024-11-18 23:02:36,61.625,0.5,20.0
2024-11-18 23:02:38,62.375,1.07,20.0
2024-11-18 23:02:41,64.0,0.19,20.0
2024-11-18 23:02:43,63.125,0.02,20.0
2024-11-18 23:02:46,63.25,0.27,20.0
2024-11-18 23:02:48,62.5,0.0,20.0
2024-11-18 23:02:50,61.625,0.01,20.0
2024-11-18 23:02:52,60.5,0.01,20.0
2024-11-18 23:02:54,60.25,0.01,20.0
2024-11-18 23:02:56,63.875,0.11,20.0
2024-11-18 23:02:58,62.5,0.01,20.0
2024-11-18 23:03:00,61.25,0.01,20.0
2024-11-18 23:03:02,61.125,0.01,20.0
2024-11-18 23:03:04,61.25,0.01,20.0
2024-11-18 23:03:06,61.125,0.06,20.0
2024-11-18 23:03:08,61.875,0.08,20.0
2024-11-18 23:03:10,62.625,0.02,20.0
2024-11-18 23:03:12,61.625,0.01,20.0
2024-11-18 23:03:14,62.375,0.0,20.0
2024-11-18 23:03:16,61.5,0.01,20.0
2024-11-18 23:03:18,60.5,0.01,20.0
2024-11-18 23:03:20,59.75,0.02,20.0
2024-11-18 23:03:22,59.5,0.01,20.0
2024-11-18 23:03:24,59.25,0.01,20.0
2024-11-18 23:03:26,58.875,0.01,20.0
2024-11-18 23:03:28,58.75,0.02,20.0
2024-11-18 23:03:30,58.75,0.01,20.0
2024-11-18 23:03:32,58.875,0.01,20.0
2024-11-18 23:03:34,60.375,0.01,20.0
2024-11-18 23:03:36,61.375,0.01,20.0
2024-11-18 23:03:38,61.125,0.01,20.0
2024-11-18 23:03:40,60.875,0.01,20.0
2024-11-18 23:03:42,59.875,0.01,20.0
2024-11-18 23:03:44,59.25,0.01,20.0
2024-11-18 23:03:46,59.125,0.01,20.0
2024-11-18 23:03:48,59.625,0.01,20.0
2024-11-18 23:03:50,60.125,0.01,20.0
2024-11-18 23:03:52,59.375,0.01,20.0
2024-11-18 23:03:54,59.875,0.02,20.0
2024-11-18 23:03:56,59.25,0.02,20.0
2024-11-18 23:03:58,59.875,0.0,20.0
2024-11-18 23:04:00,59.25,0.02,20.0
2024-11-18 23:04:02,58.625,0.01,20.0
2024-11-18 23:04:04,61.0,0.02,20.0
2024-11-18 23:04:06,61.5,0.01,20.0
2024-11-18 23:04:08,60.25,0.01,20.0
2024-11-18 23:04:10,59.875,0.01,20.0
2024-11-18 23:04:12,59.875,0.01,20.0
2024-11-18 23:04:14,59.25,0.01,20.0
2024-11-18 23:04:16,58.875,0.01,20.0
2024-11-18 23:04:18,58.25,0.01,20.0
2024-11-18 23:04:20,59.75,0.01,20.0
2024-11-18 23:04:22,61.625,0.12,20.0
2024-11-18 23:04:24,60.625,0.01,20.0
2024-11-18 23:04:27,60.125,0.01,20.0
2024-11-18 23:04:29,59.625,0.01,20.0
2024-11-18 23:04:31,60.375,0.01,20.0
2024-11-18 23:04:33,59.375,0.01,20.0
2024-11-18 23:04:35,59.25,0.01,20.0
2024-11-18 23:04:37,59.125,0.01,20.0
2024-11-18 23:04:39,61.0,0.55,20.0
2024-11-18 23:04:41,62.0,0.01,20.0
2024-11-18 23:04:43,61.25,0.01,20.0
2024-11-18 23:04:45,60.625,0.01,20.0
2024-11-18 23:04:47,59.625,0.01,20.0
2024-11-18 23:04:49,59.25,0.01,20.0
2024-11-18 23:04:50,60.0,0.02,20.0
2024-11-18 23:04:53,60.0,0.0,20.0
2024-11-18 23:04:55,59.875,0.01,20.0
2024-11-18 23:04:57,59.375,0.01,20.0
2024-11-18 23:04:59,58.125,0.01,20.0
2024-11-18 23:05:01,57.25,0.01,20.0
2024-11-18 23:05:04,57.75,0.17,20.0
2024-11-18 23:05:06,57.0,0.01,20.0
2024-11-18 23:05:08,56.0,0.01,20.0
2024-11-18 23:05:10,55.75,0.01,20.0
2024-11-18 23:05:12,55.0,0.01,20.0
2024-11-18 23:05:14,54.375,0.01,20.0
2024-11-18 23:05:16,53.5,0.01,20.0
2024-11-18 23:05:18,53.125,0.01,21.0
2024-11-18 23:05:20,53.125,0.01,21.0
2024-11-18 23:05:22,52.625,0.01,22.0
2024-11-18 23:05:24,52.125,0.01,22.0
2024-11-18 23:05:28,53.125,0.03,21.0
2024-11-18 23:05:30,52.125,0.01,22.0
2024-11-18 23:05:34,52.125,0.01,22.0
2024-11-18 23:05:35,52.125,0.01,22.0
2024-11-18 23:05:35,51.75,0.01,23.0
2024-11-18 23:05:37,51.375,0.01,23.0
2024-11-18 23:05:38,51.375,0.01,23.0
2024-11-18 23:05:38,51.0,0.01,24.0
2024-11-18 23:05:40,50.125,0.01,25.0
2024-11-18 23:05:41,50.125,0.01,25.0
2024-11-18 23:05:41,50.125,0.01,25.0
2024-11-18 23:05:44,49.375,0.01,26.0
2024-11-18 23:05:44,49.375,0.01,26.0
2024-11-18 23:05:45,49.375,0.01,26.0
2024-11-18 23:05:47,50.125,0.01,25.0
2024-11-18 23:05:47,50.125,0.01,25.0
2024-11-18 23:05:48,50.125,0.01,25.0
2024-11-18 23:05:49,50.5,0.01,25.0
2024-11-18 23:05:50,50.5,0.01,25.0
2024-11-18 23:05:50,50.5,0.01,25.0
2024-11-18 23:05:53,50.375,0.01,25.0
2024-11-18 23:05:53,50.375,0.01,25.0
2024-11-18 23:05:54,50.375,0.01,25.0
2024-11-18 23:05:56,49.875,0.01,26.0
2024-11-18 23:05:56,49.875,0.01,26.0
2024-11-18 23:05:57,49.875,0.01,26.0
2024-11-18 23:05:58,51.25,1.74,24.0
2024-11-18 23:05:59,51.25,1.74,24.0
2024-11-18 23:05:59,52.25,1.94,22.0
2024-11-18 23:06:02,53.625,1.49,20.0
2024-11-18 23:06:04,53.5,0.01,20.0
2024-11-18 23:06:06,52.625,0.01,22.0
2024-11-18 23:06:08,50.75,0.01,24.0
2024-11-18 23:06:10,50.25,0.01,25.0
2024-11-18 23:06:12,49.125,0.01,27.0
2024-11-18 23:06:14,48.25,0.01,28.0
2024-11-18 23:06:16,48.125,0.01,28.0
2024-11-18 23:06:18,47.75,0.01,29.0
2024-11-18 23:06:20,47.5,0.01,29.0
2024-11-18 23:06:22,47.5,0.01,29.0
2024-11-18 23:06:24,47.5,0.01,29.0
2024-11-18 23:06:26,48.0,0.02,28.0
2024-11-18 23:06:28,48.0,0.01,28.0
2024-11-18 23:06:31,50.625,0.07,25.0
2024-11-18 23:06:33,49.625,0.0,26.0
2024-11-18 23:06:35,48.875,0.01,27.0
2024-11-18 23:06:37,48.0,0.01,28.0
2024-11-18 23:06:39,48.625,0.04,28.0
2024-11-18 23:06:41,48.75,0.01,27.0
2024-11-18 23:06:43,48.75,0.01,27.0
2024-11-18 23:06:45,48.875,0.01,27.0
2024-11-18 23:06:47,48.75,0.01,27.0
2024-11-18 23:06:49,48.75,0.01,27.0
2024-11-18 23:06:51,48.5,0.01,28.0
2024-11-18 23:06:53,50.625,0.01,25.0
2024-11-18 23:06:55,51.5,0.01,23.0
2024-11-18 23:06:58,52.25,0.12,22.0
2024-11-18 23:07:00,51.5,0.01,23.0
2024-11-18 23:07:02,51.25,0.01,24.0
2024-11-18 23:07:04,51.5,0.01,23.0
2024-11-18 23:07:06,51.875,0.01,23.0
2024-11-18 23:07:08,51.875,0.46,23.0
2024-11-18 23:07:10,51.625,0.01,23.0
2024-11-18 23:07:12,51.0,0.0,24.0
2024-11-18 23:07:14,51.125,0.01,24.0
2024-11-18 23:07:16,51.125,0.01,24.0
2024-11-18 23:07:18,51.25,0.01,24.0
2024-11-18 23:07:20,50.875,0.01,24.0
2024-11-18 23:07:22,52.0,0.01,22.0
2024-11-18 23:07:24,51.875,0.01,23.0
2024-11-18 23:07:26,51.375,0.01,23.0
2024-11-18 23:07:29,53.5,0.33,20.0
2024-11-18 23:07:32,52.875,0.01,21.0
2024-11-18 23:07:33,52.875,0.01,21.0
2024-11-18 23:07:35,52.25,0.01,22.0
2024-11-18 23:07:37,52.0,0.01,22.0
2024-11-18 23:07:39,51.5,0.01,23.0
2024-11-18 23:07:41,51.125,0.01,24.0
2024-11-18 23:07:46,53.125,0.07,21.0
2024-11-18 23:07:46,52.75,0.01,21.0
2024-11-18 23:07:47,52.75,0.01,21.0
2024-11-18 23:07:49,52.375,0.01,22.0
2024-11-18 23:07:49,51.875,0.01,23.0
2024-11-18 23:07:50,51.875,0.01,23.0
2024-11-18 23:07:52,51.875,0.01,23.0
2024-11-18 23:07:52,51.375,0.01,23.0
2024-11-18 23:07:53,51.375,0.01,23.0
2024-11-18 23:07:55,52.5,0.01,22.0
2024-11-18 23:07:55,52.0,0.01,22.0
2024-11-18 23:07:56,52.0,0.01,22.0
2024-11-18 23:07:58,52.0,0.01,22.0
2024-11-18 23:07:58,52.25,0.0,22.0
2024-11-18 23:07:59,52.25,0.0,22.0
2024-11-18 23:08:01,53.375,0.01,20.0
2024-11-18 23:08:01,53.125,0.01,21.0
2024-11-18 23:08:02,53.125,0.01,21.0
2024-11-19 14:08:18,56.25,0.06,20.0
2024-11-19 14:08:20,55.375,0.01,20.0
2024-11-19 14:08:22,55.5,0.34,20.0
2024-11-19 14:08:24,55.875,0.06,20.0
2024-11-19 14:08:27,57.25,0.04,20.0
2024-11-19 14:08:29,56.75,0.01,20.0
2024-11-19 14:08:31,57.125,0.02,20.0
2024-11-19 14:08:33,56.25,0.01,20.0
2024-11-19 14:08:35,55.75,0.01,20.0
2024-11-19 14:08:37,55.875,0.05,20.0
2024-11-19 14:08:39,56.125,0.27,20.0
2024-11-19 14:08:41,56.75,0.1,20.0
2024-11-19 14:08:43,56.875,0.42,20.0
2024-11-19 14:08:45,58.75,0.08,20.0
2024-11-19 14:08:47,58.125,0.34,20.0
2024-11-19 14:08:49,59.0,0.01,20.0
2024-11-19 14:08:51,59.625,0.01,20.0
2024-11-19 14:08:53,60.0,0.01,20.0
2024-11-19 14:08:55,59.375,0.04,20.0
2024-11-19 14:08:57,59.25,0.01,20.0
2024-11-19 14:08:59,58.125,0.0,20.0
2024-11-19 14:09:01,57.125,0.01,20.0
2024-11-19 14:09:03,56.625,0.09,20.0
2024-11-19 14:09:05,57.0,0.02,20.0
2024-11-19 14:09:07,57.125,0.0,20.0
2024-11-19 14:09:09,56.375,0.01,20.0
2024-11-19 14:09:11,56.0,0.01,20.0
2024-11-19 14:09:13,55.375,0.01,20.0
2024-11-19 14:09:15,55.125,0.02,20.0
2024-11-19 14:09:17,54.75,0.01,20.0
2024-11-19 14:09:19,54.5,0.01,20.0
2024-11-19 14:09:21,54.625,0.01,20.0
2024-11-19 14:09:23,54.5,0.05,20.0
2024-11-19 14:09:25,54.875,0.01,20.0
2024-11-19 14:09:27,54.625,0.01,20.0
2024-11-19 14:09:29,55.0,0.01,20.0
2024-11-19 14:09:31,56.375,0.01,20.0
2024-11-19 14:09:33,56.0,0.01,20.0
2024-11-19 14:09:35,55.375,0.01,20.0
2024-11-19 14:09:37,55.125,0.01,20.0
2024-11-19 14:09:39,54.625,0.01,20.0
2024-11-19 14:10:24,62.625,2.12,20.0
2024-11-19 14:11:22,61.75,0.02,20.0
2024-11-19 14:11:37,61.75,0.01,20.0
2024-11-19 14:11:40,63.5,0.01,20.0
2024-11-19 14:11:42,62.625,0.02,20.0
2024-11-19 14:11:44,61.5,0.01,20.0
2024-11-19 14:11:46,60.625,0.03,20.0
2024-11-19 14:11:48,60.0,0.01,20.0
2024-11-19 14:11:50,60.375,0.01,20.0
2024-11-19 14:11:52,59.625,0.01,20.0
2024-11-19 14:11:54,59.5,0.01,20.0
2024-11-19 14:11:56,59.375,0.01,20.0
2024-11-19 14:11:58,62.625,0.06,20.0
2024-11-19 14:12:00,64.0,0.02,20.0
2024-11-19 14:12:02,63.75,0.03,20.0
2024-11-19 14:12:04,63.5,0.01,20.0
2024-11-19 14:12:06,62.375,0.01,20.0
2024-11-19 14:12:08,61.5,0.01,20.0
2024-11-19 14:12:10,60.75,0.01,20.0
2024-11-19 14:12:12,60.5,0.01,20.0
2024-11-19 14:12:14,60.25,0.01,20.0
2024-11-19 14:12:16,61.75,0.01,20.0
2024-11-19 14:12:18,62.5,0.01,20.0
2024-11-19 14:12:20,61.625,0.01,20.0
2024-11-19 14:12:21,61.25,0.01,20.0
2024-11-19 14:12:23,61.25,0.01,20.0
2024-11-19 14:12:27,62.75,0.17,20.0
2024-11-19 14:12:29,61.625,0.01,20.0
2024-11-19 14:12:31,60.75,0.01,20.0
2024-11-19 14:12:33,60.75,0.01,20.0
2024-11-19 14:12:35,60.0,0.01,20.0
2024-11-19 14:12:37,60.125,0.01,20.0
2024-11-19 14:12:39,60.75,0.02,20.0
2024-11-19 14:12:41,60.375,0.01,20.0
2024-11-19 14:12:43,60.875,0.01,20.0
2024-11-19 14:12:45,61.0,0.01,20.0
2024-11-19 14:12:47,60.75,0.02,20.0
2024-11-19 14:12:49,62.625,0.83,20.0
2024-11-19 14:12:51,62.0,0.01,20.0
2024-11-19 14:12:53,61.5,0.21,20.0
2024-11-19 14:15:05,56.875,0.22,20.0
2024-11-19 14:15:07,56.5,0.01,20.0
2024-11-19 14:15:09,55.25,0.01,20.0
2024-11-19 14:15:11,54.625,0.12,20.0
2024-11-19 14:15:13,54.125,0.01,20.0
2024-11-19 14:15:15,53.375,0.02,20.0
2024-11-19 14:15:17,54.25,0.0,20.0
2024-11-19 14:15:19,54.5,0.02,20.0
2024-11-19 14:15:22,54.875,0.01,20.0
2024-11-19 14:15:24,53.875,0.01,20.0
2024-11-19 14:15:26,52.75,0.01,21.0
2024-11-19 14:15:28,51.75,0.01,23.0
2024-11-19 14:15:30,51.25,0.01,24.0
2024-11-19 14:15:32,51.0,0.01,24.0
2024-11-19 14:15:34,50.75,0.01,24.0
2024-11-19 14:15:36,53.0,0.01,21.0
2024-11-19 14:15:38,53.0,0.01,21.0
2024-11-19 14:15:40,52.125,0.01,22.0
2024-11-19 14:15:42,51.875,0.01,23.0
2024-11-19 14:15:44,51.625,0.02,23.0
2024-11-19 14:15:46,51.625,0.01,23.0
2024-11-19 14:15:48,51.125,0.01,24.0
2024-11-19 14:15:50,51.125,0.01,24.0
2024-11-19 14:15:52,52.125,0.01,22.0
2024-11-19 14:15:54,53.625,0.01,20.0
2024-11-19 14:15:56,53.25,0.02,21.0
2024-11-19 14:15:58,52.5,0.02,22.0
2024-11-19 14:16:00,52.125,0.01,22.0
2024-11-19 14:16:02,52.875,0.01,21.0
2024-11-19 14:16:04,53.125,0.09,21.0
2024-11-19 14:16:06,54.375,0.02,20.0
2024-11-19 14:16:08,54.125,0.01,20.0
2024-11-19 14:16:10,53.625,0.01,20.0
2024-11-19 14:16:12,53.25,0.01,21.0
2024-11-19 14:16:14,52.875,0.01,21.0
2024-11-19 14:16:16,52.875,0.01,21.0
2024-11-19 14:16:18,53.75,0.01,20.0
2024-11-19 14:16:20,53.875,0.04,20.0
2024-11-19 14:16:22,54.0,0.01,20.0
2024-11-19 14:16:24,53.875,0.01,20.0
2024-11-19 14:16:26,55.5,0.01,20.0
2024-11-19 14:16:28,56.625,0.01,20.0
2024-11-19 14:16:30,55.375,0.01,20.0
2024-11-19 14:16:32,54.625,0.01,20.0
2024-11-19 14:16:34,53.875,0.0,20.0
2024-11-19 14:16:36,53.375,0.01,20.0
2024-11-19 14:16:38,55.375,0.01,20.0
2024-11-19 14:16:40,55.875,0.2,20.0
2024-11-19 14:16:42,57.25,0.9,20.0
2024-11-19 14:16:47,57.625,0.01,20.0
2024-11-19 14:16:47,57.5,0.12,20.0
2024-11-19 14:16:47,57.5,0.12,20.0
2024-11-19 14:16:50,59.0,0.1,20.0
2024-11-19 14:16:50,59.0,0.1,20.0
2024-11-19 14:16:51,59.0,0.1,20.0
2024-11-19 14:16:53,59.75,0.01,20.0
2024-11-19 14:16:53,59.75,0.01,20.0
2024-11-19 14:16:54,59.75,0.01,20.0
2024-11-19 14:16:56,59.625,0.01,20.0
2024-11-19 14:16:56,59.625,0.01,20.0
2024-11-19 14:16:57,59.625,0.01,20.0
2024-11-19 14:16:59,60.25,0.01,20.0
2024-11-19 14:16:59,60.25,0.01,20.0
2024-11-19 14:17:00,60.25,0.01,20.0
2024-11-19 14:17:02,59.75,0.01,20.0
2024-11-19 14:17:02,59.75,0.01,20.0
2024-11-19 14:17:03,59.875,0.0,20.0
2024-11-19 14:17:05,59.75,0.01,20.0
2024-11-19 14:17:05,59.75,0.01,20.0
2024-11-19 14:17:06,59.75,0.01,20.0
2024-11-19 14:17:08,60.625,0.01,20.0
2024-11-19 14:17:08,61.0,0.14,20.0
2024-11-19 14:17:08,61.0,0.14,20.0
2024-11-19 14:30:13,60.625,0.01,20.0
2024-11-19 14:30:13,60.625,0.01,20.0
2024-11-19 14:30:14,60.625,0.01,20.0
2024-11-19 14:30:14,62.0,0.3,20.0
2024-11-19 14:30:14,62.0,0.3,20.0
2024-11-19 14:30:15,62.0,0.3,20.0
2024-11-19 14:30:15,61.875,0.07,20.0
2024-11-19 14:30:15,61.875,0.07,20.0
2024-11-19 14:30:16,61.875,0.07,20.0
2024-11-19 14:30:16,61.625,0.09,20.0
2024-11-19 14:30:16,61.625,0.09,20.0
2024-11-19 14:30:17,61.625,0.09,20.0
2024-11-19 14:30:17,61.625,0.75,20.0
2024-11-19 14:30:17,61.625,0.75,20.0
2024-11-19 14:30:18,61.625,0.75,20.0
2024-11-19 14:30:18,61.5,0.13,20.0
2024-11-19 14:30:18,61.5,0.13,20.0
2024-11-19 14:30:19,61.5,0.13,20.0
2024-11-19 14:30:19,61.5,0.01,20.0
2024-11-19 14:30:19,61.5,0.01,20.0
2024-11-19 14:30:20,61.5,0.01,20.0
2024-11-19 14:30:20,61.375,0.04,20.0
2024-11-19 14:30:20,61.375,0.04,20.0
2024-11-19 14:30:21,61.375,0.04,20.0
2024-11-19 14:30:21,61.75,0.04,20.0
2024-11-19 14:30:21,61.75,0.04,20.0
2024-11-19 14:30:22,61.75,0.04,20.0
2024-11-19 14:30:22,62.5,0.01,20.0
2024-11-19 14:30:22,62.5,0.01,20.0
2024-11-19 14:30:23,62.5,0.01,20.0
2024-11-19 14:30:23,62.25,0.01,20.0
2024-11-19 14:30:23,62.25,0.01,20.0
2024-11-19 14:30:24,62.25,0.01,20.0
2024-11-19 14:30:24,62.125,0.01,20.0
2024-11-19 14:30:24,62.125,0.01,20.0
2024-11-19 14:30:25,62.125,0.01,20.0
2024-11-19 14:30:25,62.125,0.14,20.0
2024-11-19 14:30:25,62.125,0.14,20.0
2024-11-19 14:30:26,62.125,0.14,20.0
2024-11-19 14:30:49,64.375,0.09,20.0
2024-11-19 14:30:51,63.25,0.01,20.0
2024-11-19 14:30:53,63.25,0.0,20.0
2024-11-19 14:30:55,62.75,0.01,20.0
2024-11-19 14:30:57,61.875,0.04,20.0
2024-11-19 14:30:59,61.375,0.01,20.0
2024-11-19 14:31:01,60.875,0.01,20.0
2024-11-19 14:31:03,60.625,0.01,20.0
2024-11-19 14:31:04,61.625,0.11,20.0
2024-11-19 14:31:07,63.5,0.36,20.0
2024-11-19 14:31:09,62.25,0.01,20.0
2024-11-19 14:31:11,61.75,0.01,20.0
2024-11-19 14:31:13,60.75,0.01,20.0
2024-11-19 14:31:15,61.25,0.01,20.0
2024-11-19 14:31:18,63.75,0.01,20.0
2024-11-19 14:31:21,62.875,0.01,20.0
2024-11-19 14:31:23,62.75,0.01,20.0
2024-11-19 14:31:25,62.625,0.08,20.0
2024-11-19 14:31:27,64.125,0.01,20.0
2024-11-19 14:31:30,63.125,0.02,20.0
2024-11-19 14:31:32,62.375,0.01,20.0
2024-11-19 14:31:33,62.5,0.01,20.0
2024-11-19 14:31:36,64.5,0.04,20.0
2024-11-19 14:31:38,63.5,0.01,20.0
2024-11-19 14:31:42,64.125,0.17,20.0
2024-11-19 14:31:44,63.375,0.01,20.0
2024-11-19 14:31:47,63.625,0.01,20.0
2024-11-19 14:31:49,62.875,0.01,20.0
2024-11-19 14:31:51,61.625,0.01,20.0
2024-11-19 14:31:53,60.5,0.01,20.0
2024-11-19 14:31:55,60.25,0.01,20.0
2024-11-19 14:31:57,60.25,0.01,20.0
2024-11-19 14:31:59,59.375,0.01,20.0
2024-11-19 14:32:01,59.375,0.01,20.0
2024-11-19 14:32:03,60.25,0.01,20.0
2024-11-19 14:32:05,59.5,0.01,20.0
2024-11-19 14:32:07,58.125,0.01,20.0
2024-11-19 14:32:09,57.0,0.01,20.0
2024-11-19 14:32:11,56.125,0.01,20.0
2024-11-19 14:32:13,55.375,0.01,20.0
2024-11-19 14:32:15,54.625,0.01,20.0
2024-11-19 14:32:17,53.875,0.01,20.0
2024-11-19 14:32:19,53.5,0.01,20.0
2024-11-19 14:32:21,53.0,0.02,21.0
2024-11-19 14:32:23,53.0,0.01,21.0
2024-11-19 14:32:25,53.5,0.01,20.0
2024-11-19 14:32:27,52.75,0.01,21.0
2024-11-19 14:32:29,52.25,0.01,22.0
2024-11-19 14:32:31,52.125,0.01,22.0
2024-11-19 14:32:33,51.75,0.01,23.0
2024-11-19 14:32:35,51.625,0.02,23.0
2024-11-19 14:32:37,51.125,0.01,24.0
2024-11-19 14:32:39,50.875,0.01,24.0
2024-11-19 14:32:41,50.5,0.01,25.0
2024-11-19 14:32:43,50.125,0.01,25.0
2024-11-19 14:32:45,49.875,0.01,26.0
2024-11-19 14:32:47,49.75,0.01,26.0
2024-11-19 14:32:49,49.875,0.01,26.0
2024-11-19 14:32:51,49.625,0.01,26.0
2024-11-19 14:32:53,49.375,0.01,26.0
2024-11-19 14:32:55,50.125,0.01,25.0
2024-11-19 14:32:57,49.5,0.01,26.0
2024-11-19 14:32:59,49.0,0.01,27.0
2024-11-19 14:33:01,48.625,0.01,28.0
2024-11-19 14:33:03,48.375,0.01,28.0
2024-11-19 14:33:24,47.375,0.01,29.0
2024-11-19 14:34:24,49.125,0.01,27.0
2024-11-19 14:35:01,50.75,0.01,24.0
2024-11-19 14:35:03,51.625,0.01,23.0
2024-11-19 14:35:05,51.75,0.01,23.0
2024-11-19 14:35:07,51.625,0.01,23.0
2024-11-19 14:35:09,51.875,0.01,23.0
2024-11-19 14:35:11,53.0,0.01,21.0
2024-11-19 14:35:13,53.25,0.01,21.0
2024-11-19 14:35:15,53.125,0.01,21.0
2024-11-19 14:35:19,55.75,0.01,20.0
2024-11-19 14:35:21,54.75,0.01,20.0
2024-11-19 14:35:24,55.0,0.61,20.0
2024-11-19 14:35:26,54.375,0.0,20.0
2024-11-19 14:35:28,54.75,0.01,20.0
2024-11-19 14:35:32,57.125,0.05,20.0
2024-11-19 14:35:34,56.5,0.01,20.0
2024-11-19 14:35:36,56.25,0.01,20.0
2024-11-19 14:35:39,57.25,0.01,20.0
2024-11-19 14:35:41,56.25,0.01,20.0
2024-11-19 14:35:43,55.375,0.01,20.0
2024-11-19 14:35:45,55.75,0.01,20.0
2024-11-19 14:35:47,60.25,1.02,20.0
2024-11-19 14:35:49,58.625,0.01,20.0
2024-11-19 14:35:51,58.75,0.24,20.0
2024-11-19 14:35:55,59.625,0.01,20.0
2024-11-19 14:35:57,59.125,0.01,20.0
2024-11-19 14:35:59,59.5,0.01,20.0
2024-11-19 14:36:02,59.75,0.37,20.0
2024-11-19 14:36:04,58.5,0.01,20.0
2024-11-19 14:36:06,59.375,0.01,20.0
2024-11-19 14:36:08,58.375,0.0,20.0
2024-11-19 14:36:10,58.125,0.01,20.0
2024-11-19 14:36:12,58.0,0.01,20.0
2024-11-19 14:36:16,60.0,0.33,20.0
2024-11-19 14:36:18,59.375,0.13,20.0
2024-11-19 14:36:20,58.75,0.01,20.0
2024-11-19 14:36:22,58.25,0.02,20.0
2024-11-19 14:36:24,58.25,0.02,20.0
2024-11-19 14:36:26,57.75,0.01,20.0
2024-11-19 14:36:30,59.875,0.02,20.0
2024-11-19 14:36:32,59.5,0.01,20.0
2024-11-19 14:36:34,58.375,0.01,20.0
2024-11-19 14:36:36,58.0,0.01,20.0
2024-11-19 14:36:39,60.375,0.45,20.0
2024-11-19 14:36:43,60.625,0.01,20.0
2024-11-19 14:36:45,60.25,0.02,20.0
2024-11-19 14:36:47,58.875,0.01,20.0
2024-11-19 14:36:49,58.5,0.01,20.0
2024-11-19 14:36:51,59.0,0.01,20.0
2024-11-19 14:36:53,58.75,0.01,20.0
2024-11-19 14:36:55,59.125,0.01,20.0
2024-11-19 14:36:57,58.25,0.01,20.0
2024-11-19 14:36:59,59.0,0.01,20.0
2024-11-19 14:37:01,58.625,0.01,20.0
2024-11-19 14:37:03,60.875,0.01,20.0
2024-11-19 14:37:06,62.875,0.25,20.0
2024-11-19 14:37:08,62.125,0.01,20.0
2024-11-19 14:37:10,60.625,0.01,20.0
2024-11-19 14:37:12,59.625,0.01,20.0
2024-11-19 14:37:14,58.875,0.01,20.0
2024-11-19 14:37:16,58.125,0.01,20.0
2024-11-19 14:37:18,57.625,0.01,20.0
2024-11-19 14:37:20,57.75,0.01,20.0
2024-11-19 14:37:22,57.5,0.01,20.0
2024-11-19 14:37:24,57.125,0.01,20.0
2024-11-19 14:37:26,57.125,0.01,20.0
2024-11-19 14:37:28,57.375,0.01,20.0
2024-11-19 14:37:30,58.375,0.01,20.0
2024-11-19 14:37:32,57.75,0.01,20.0
2024-11-19 14:37:34,57.25,0.01,20.0
2024-11-19 14:37:36,57.625,0.01,20.0
2024-11-19 14:37:38,57.25,0.01,20.0
2024-11-19 14:37:40,57.125,0.01,20.0
2024-11-19 14:37:42,57.0,0.01,20.0
2024-11-19 14:37:44,56.75,0.01,20.0
2024-11-19 14:37:46,56.875,0.01,20.0
2024-11-19 14:37:48,56.75,0.01,20.0
2024-11-19 14:37:50,57.625,0.01,20.0
2024-11-19 14:37:52,57.5,0.01,20.0
2024-11-19 14:37:54,57.5,0.01,20.0
2024-11-19 14:37:56,57.25,0.01,20.0
2024-11-19 14:37:58,57.25,0.01,20.0
2024-11-19 14:38:00,58.375,0.01,20.0
2024-11-19 14:38:02,58.625,0.01,20.0
2024-11-19 14:38:04,60.125,0.01,20.0
2024-11-19 14:38:06,59.5,0.01,20.0
2024-11-19 14:38:08,59.25,0.04,20.0
2024-11-19 14:38:10,59.0,0.01,20.0
2024-11-19 14:38:12,59.5,0.0,20.0
2024-11-19 14:38:14,59.5,0.01,20.0
2024-11-19 14:38:16,59.25,0.01,20.0
2024-11-19 14:38:18,59.125,0.01,20.0
2024-11-19 14:38:20,59.125,0.01,20.0
2024-11-19 14:38:23,61.875,0.02,20.0
2024-11-19 14:38:27,63.0,0.01,20.0
2024-11-19 14:38:30,63.625,0.02,20.0
2024-11-19 14:38:33,63.375,0.01,20.0
2024-11-19 14:38:35,62.5,0.01,20.0
2024-11-19 14:38:38,61.375,0.01,20.0
2024-11-19 14:38:40,64.625,0.5,20.0
2024-11-19 14:38:42,64.25,0.01,20.0
2024-11-19 14:38:43,64.0,0.01,20.0
2024-11-19 14:38:46,64.5,0.49,20.0
2024-11-19 14:38:48,63.625,0.01,20.0
2024-11-19 14:38:50,62.375,0.01,20.0
2024-11-19 14:38:52,62.625,0.02,20.0
2024-11-19 14:38:54,63.0,0.24,20.0
2024-11-19 14:38:57,64.375,0.01,20.0
2024-11-19 14:38:59,64.0,0.01,20.0
2024-11-19 14:39:02,64.75,0.07,20.0
2024-11-19 14:39:04,63.875,0.0,20.0
2024-11-19 14:39:06,63.625,0.01,20.0
2024-11-19 14:39:08,63.25,0.01,20.0
2024-11-19 14:39:10,62.0,0.01,20.0
2024-11-19 14:39:14,64.25,0.02,20.0
2024-11-19 14:39:16,63.0,0.01,20.0
2024-11-19 14:39:18,62.75,0.02,20.0
2024-11-19 14:39:20,61.625,0.01,20.0
2024-11-19 14:39:23,61.875,0.04,20.0
2024-11-19 14:39:27,61.875,0.3,20.0
2024-11-19 14:39:31,61.375,0.14,20.0
2024-11-19 14:39:33,60.5,0.01,20.0
2024-11-19 14:39:35,59.25,0.01,20.0
2024-11-19 14:39:37,58.125,0.01,20.0
2024-11-19 14:39:39,57.125,0.01,20.0
2024-11-19 14:39:41,56.375,0.01,20.0
2024-11-19 14:39:43,56.0,0.01,20.0
2024-11-19 14:39:45,55.375,0.01,20.0
2024-11-19 14:39:47,54.875,0.01,20.0
2024-11-19 14:39:49,54.5,0.01,20.0
2024-11-19 14:39:51,54.0,0.01,20.0
2024-11-19 14:39:53,53.75,0.01,20.0
2024-11-19 14:39:55,53.5,0.01,20.0
2024-11-19 14:39:57,53.125,0.01,21.0
2024-11-19 14:39:59,53.0,0.01,21.0
2024-11-19 14:40:01,52.625,0.01,22.0
2024-11-19 14:40:03,53.375,0.01,20.0
2024-11-19 14:40:05,52.875,0.01,21.0
2024-11-19 14:40:07,52.375,0.01,22.0
2024-11-19 14:40:09,52.0,0.01,22.0
2024-11-19 14:40:11,52.625,0.01,22.0
2024-11-19 14:40:13,52.25,0.01,22.0
2024-11-19 14:40:15,51.75,0.01,23.0
2024-11-19 14:40:17,51.375,0.01,23.0
2024-11-19 14:40:19,51.125,0.01,24.0
2024-11-19 14:40:21,50.875,0.01,24.0
2024-11-19 14:40:23,50.75,0.01,24.0
2024-11-19 14:40:25,50.5,0.01,25.0
2024-11-19 14:40:27,50.5,0.01,25.0
2024-11-19 14:40:29,50.25,0.01,25.0
2024-11-19 14:40:31,50.0,0.01,25.0
2024-11-19 14:40:33,51.0,0.01,24.0
2024-11-19 14:40:35,50.5,0.01,25.0
2024-11-19 14:40:37,50.0,0.01,25.0
2024-11-19 14:40:39,49.625,0.01,26.0
2024-11-19 14:40:41,49.5,0.01,26.0
2024-11-19 14:40:43,49.125,0.0,27.0
2024-11-19 14:40:45,49.0,0.01,27.0
2024-11-19 14:40:47,48.875,0.01,27.0
2024-11-19 14:40:49,49.125,0.01,27.0
2024-11-19 14:40:51,49.125,0.01,27.0
2024-11-19 14:40:53,52.25,0.09,22.0
2024-11-19 14:40:55,54.375,0.43,20.0
2024-11-19 14:40:57,53.0,0.01,21.0
2024-11-19 14:40:59,52.5,0.01,22.0
2024-11-19 14:41:01,52.125,0.01,22.0
2024-11-19 14:41:03,52.375,0.01,22.0
2024-11-19 14:41:05,51.625,0.01,23.0
2024-11-19 14:41:07,51.0,0.01,24.0
2024-11-19 14:41:09,50.875,0.01,24.0
2024-11-19 14:41:11,50.75,0.01,24.0
2024-11-19 14:41:13,50.75,0.01,24.0
2024-11-19 14:41:15,50.625,0.0,25.0
2024-11-19 14:41:17,50.5,0.01,25.0
2024-11-19 14:41:19,50.75,0.0,24.0
2024-11-19 14:41:21,51.0,0.01,24.0
2024-11-19 14:41:23,51.125,0.01,24.0
2024-11-19 14:41:25,51.0,0.01,24.0
2024-11-19 14:41:27,50.875,0.01,24.0
2024-11-19 14:41:29,50.875,0.01,24.0
2024-11-19 14:41:31,51.125,0.01,24.0
2024-11-19 14:41:33,52.25,0.01,22.0
2024-11-19 14:41:35,52.125,0.01,22.0
2024-11-19 14:41:37,51.875,0.0,23.0
2024-11-19 14:41:39,51.875,0.01,23.0
2024-11-19 14:41:41,51.75,0.01,23.0
2024-11-19 14:41:43,51.75,0.01,23.0
2024-11-19 14:41:45,51.875,0.01,23.0
2024-11-19 14:41:47,51.75,0.01,23.0
2024-11-19 14:41:49,52.25,0.01,22.0
2024-11-19 14:41:51,52.125,0.01,22.0
2024-11-19 14:41:53,52.5,0.01,22.0
2024-11-19 14:41:55,52.5,0.01,22.0
2024-11-19 14:41:57,52.375,0.01,22.0
2024-11-19 14:41:59,52.25,0.01,22.0
2024-11-19 14:42:01,52.375,0.02,22.0
2024-11-19 14:42:03,54.125,0.02,20.0
2024-11-19 14:42:05,57.0,0.01,20.0
2024-11-19 14:42:07,57.125,0.15,20.0
2024-11-19 14:42:09,55.875,0.01,20.0
2024-11-19 14:42:11,54.875,0.01,20.0
2024-11-19 14:42:13,54.25,0.01,20.0
2024-11-19 14:42:15,53.75,0.01,20.0
2024-11-19 14:42:17,53.5,0.01,20.0
2024-11-19 14:42:19,53.25,0.05,21.0
2024-11-19 14:42:21,53.25,0.01,21.0
2024-11-19 14:42:23,53.0,0.01,21.0
2024-11-19 14:42:25,53.125,0.01,21.0
2024-11-19 14:42:27,53.125,0.01,21.0
2024-11-19 14:42:29,53.5,0.01,20.0
2024-11-19 14:42:31,53.625,0.01,20.0
2024-11-19 14:42:33,53.625,0.01,20.0
2024-11-19 14:42:35,54.75,0.01,20.0
2024-11-19 14:42:37,54.5,0.01,20.0
2024-11-19 14:42:39,54.25,0.01,20.0
2024-11-19 14:42:41,54.0,0.01,20.0
2024-11-19 14:42:43,54.0,0.01,20.0
2024-11-19 14:42:45,54.0,0.01,20.0
2024-11-19 14:42:47,55.0,0.01,20.0
2024-11-19 14:42:49,57.125,0.21,20.0
2024-11-19 14:42:51,57.875,0.03,20.0
2024-11-19 14:42:53,58.25,0.02,20.0
2024-11-19 14:42:55,59.875,0.01,20.0
2024-11-19 14:42:57,59.375,0.01,20.0
2024-11-19 14:42:59,60.0,0.02,20.0
2024-11-19 14:43:01,59.125,0.01,20.0
2024-11-19 14:43:03,58.25,0.01,20.0
2024-11-19 14:43:05,58.75,0.61,20.0
2024-11-19 14:43:07,59.375,0.15,20.0
2024-11-19 14:43:09,59.625,0.24,20.0
2024-11-19 14:43:11,59.125,0.01,20.0
2024-11-19 14:43:13,60.5,0.01,20.0
2024-11-19 14:43:16,61.875,0.16,20.0
2024-11-19 14:43:18,60.625,0.01,20.0
2024-11-19 14:43:21,60.625,0.01,20.0
2024-11-19 14:43:24,61.25,0.02,20.0
2024-11-19 14:43:26,61.5,0.01,20.0
2024-11-19 14:43:28,61.5,0.01,20.0
2024-11-19 14:43:30,60.5,0.01,20.0
2024-11-19 14:43:32,59.5,0.01,20.0
2024-11-19 14:43:35,60.25,0.42,20.0
2024-11-19 14:43:37,60.875,0.01,20.0
2024-11-19 14:43:39,60.25,0.01,20.0
2024-11-19 14:43:41,59.5,0.01,20.0
2024-11-19 14:43:43,59.0,0.01,20.0
2024-11-19 14:43:45,58.5,0.01,20.0
2024-11-19 14:43:47,58.375,0.01,20.0
2024-11-19 14:43:48,59.375,0.02,20.0
2024-11-19 14:43:51,61.875,0.56,20.0
2024-11-19 14:43:53,60.75,0.02,20.0
2024-11-19 14:43:55,60.0,0.01,20.0
2024-11-19 14:43:57,59.75,0.01,20.0
2024-11-19 14:43:59,59.625,0.01,20.0
2024-11-19 14:44:01,59.375,0.01,20.0
2024-11-19 14:44:03,58.625,0.01,20.0
2024-11-19 14:44:05,59.75,0.01,20.0
2024-11-19 14:44:07,62.625,0.06,20.0
2024-11-19 14:44:09,62.25,0.01,20.0
2024-11-19 14:44:11,61.125,0.01,20.0
2024-11-19 14:44:13,60.5,0.01,20.0
2024-11-19 14:44:15,60.375,0.01,20.0
2024-11-19 14:44:17,60.625,0.01,20.0
2024-11-19 14:44:19,60.25,0.01,20.0
2024-11-19 14:44:23,62.75,0.35,20.0
2024-11-19 14:44:25,62.125,0.01,20.0
2024-11-19 14:44:28,63.375,0.15,20.0
2024-11-19 14:44:30,62.25,0.01,20.0
2024-11-19 14:44:33,63.25,0.05,20.0
2024-11-19 14:44:35,62.625,0.01,20.0
2024-11-19 14:44:37,62.375,0.01,20.0
2024-11-19 14:44:39,61.625,0.0,20.0
2024-11-19 14:44:41,61.25,0.01,20.0
2024-11-19 14:44:43,61.125,0.01,20.0
2024-11-19 14:44:47,63.375,0.4,20.0
2024-11-19 14:44:49,62.625,0.02,20.0
2024-11-19 14:44:51,62.0,0.01,20.0
2024-11-19 14:44:54,63.25,0.02,20.0
2024-11-19 14:44:56,63.25,0.01,20.0
2024-11-19 14:44:58,62.75,0.02,20.0
2024-11-19 14:45:00,62.0,0.01,20.0
2024-11-19 14:45:02,61.5,0.01,20.0
2024-11-19 14:45:04,61.0,0.01,20.0
2024-11-19 14:45:06,61.25,0.01,20.0
2024-11-19 14:45:08,64.25,0.01,20.0
2024-11-19 14:45:11,63.5,0.01,20.0
2024-11-19 14:45:12,62.75,0.01,20.0
2024-11-19 14:45:15,64.25,0.43,20.0
2024-11-19 14:45:17,63.375,0.01,20.0
2024-11-19 14:45:19,62.25,0.01,20.0
2024-11-19 14:45:21,61.625,0.01,20.0
2024-11-19 14:45:23,60.875,0.01,20.0
2024-11-19 14:45:25,60.25,0.01,20.0
2024-11-19 14:45:28,59.75,0.01,20.0
2024-11-19 14:45:30,59.625,0.01,20.0
2024-11-19 14:45:32,59.0,0.01,20.0
2024-11-19 14:45:34,58.25,0.01,20.0
2024-11-19 14:45:36,60.625,0.13,20.0
2024-11-19 14:45:38,59.5,0.01,20.0
2024-11-19 14:45:40,58.5,0.0,20.0
2024-11-19 14:45:43,57.75,0.01,20.0
2024-11-19 14:45:44,57.0,0.01,20.0
2024-11-19 14:45:46,56.625,0.01,20.0
2024-11-19 14:45:49,58.875,0.3,20.0
2024-11-19 14:45:51,58.75,0.01,20.0
2024-11-19 14:45:53,58.375,0.19,20.0
2024-11-19 14:45:55,58.125,0.01,20.0
2024-11-19 14:45:57,57.5,0.01,20.0
2024-11-19 14:45:59,59.125,0.01,20.0
2024-11-19 14:46:01,58.75,0.01,20.0
2024-11-19 14:46:03,59.375,0.45,20.0
2024-11-19 14:46:05,59.0,0.06,20.0
2024-11-19 14:46:07,59.0,0.35,20.0
2024-11-19 14:46:11,59.0,1.02,20.0
2024-11-19 14:46:12,58.5,0.06,20.0
2024-11-19 14:46:16,58.5,0.89,20.0
2024-11-19 14:46:18,57.5,0.01,20.0
2024-11-19 14:46:19,56.625,0.01,20.0
2024-11-19 14:46:21,55.625,0.01,20.0
2024-11-19 14:46:24,55.75,0.01,20.0
2024-11-19 14:46:26,57.125,0.01,20.0
2024-11-19 14:46:28,56.75,0.01,20.0
2024-11-19 14:46:30,55.75,0.01,20.0
2024-11-19 14:46:32,54.625,0.01,20.0
2024-11-19 14:46:34,53.75,0.01,20.0
2024-11-19 14:46:36,53.125,0.01,21.0
2024-11-19 14:46:38,55.25,0.01,20.0
2024-11-19 14:46:40,54.125,0.01,20.0
2024-11-19 14:46:42,54.625,0.01,20.0
2024-11-19 14:46:46,55.0,0.02,20.0
2024-11-19 14:46:48,54.875,0.02,20.0
2024-11-19 14:46:51,54.875,0.17,20.0
2024-11-19 14:46:53,54.25,0.01,20.0
2024-11-19 14:46:55,53.875,0.9,20.0
2024-11-19 14:46:57,54.625,0.03,20.0
2024-11-19 14:46:59,55.25,0.07,20.0
2024-11-19 14:47:03,56.125,0.56,20.0
2024-11-19 14:47:05,56.25,0.01,20.0
2024-11-19 14:47:08,56.125,0.51,20.0
2024-11-19 14:47:10,55.375,0.01,20.0
2024-11-19 14:47:12,54.625,0.01,20.0
2024-11-19 14:47:14,53.625,0.01,20.0
2024-11-19 14:47:16,53.375,0.33,20.0
2024-11-19 14:47:18,52.5,0.01,22.0
2024-11-19 14:47:20,51.875,0.01,23.0
2024-11-19 14:47:23,53.625,0.16,20.0
2024-11-19 14:47:25,52.875,0.01,21.0
2024-11-19 14:47:27,52.0,0.02,22.0
2024-11-19 14:47:31,53.75,0.13,20.0
2024-11-19 14:47:33,53.125,0.01,21.0
2024-11-19 14:47:36,54.625,0.13,20.0
2024-11-19 14:47:37,53.875,0.01,20.0
2024-11-19 14:47:40,54.875,0.01,20.0
2024-11-19 14:47:42,54.25,0.01,20.0
2024-11-19 14:47:44,53.75,0.01,20.0
2024-11-19 14:47:46,55.125,0.01,20.0
2024-11-19 14:47:48,54.0,0.01,20.0
2024-11-19 14:47:50,53.25,0.01,21.0
2024-11-19 14:47:52,53.125,0.01,21.0
2024-11-19 14:47:56,55.5,0.06,20.0
2024-11-19 14:47:58,54.75,0.01,20.0
2024-11-19 14:48:00,53.875,0.01,20.0
2024-11-19 14:48:02,53.5,0.01,20.0
2024-11-19 14:48:04,53.0,0.01,21.0
2024-11-19 14:48:06,52.75,0.01,21.0
2024-11-19 14:48:08,52.375,0.01,22.0
2024-11-19 14:48:10,54.125,0.01,20.0
2024-11-19 14:48:12,54.375,0.01,20.0
2024-11-19 14:48:14,53.875,0.01,20.0
2024-11-19 14:48:16,54.625,0.0,20.0
2024-11-19 14:48:18,55.25,0.01,20.0
2024-11-19 14:48:20,55.5,0.01,20.0
2024-11-19 14:48:22,54.75,0.01,20.0
2024-11-19 14:48:24,54.875,0.01,20.0
2024-11-19 14:48:26,54.375,0.01,20.0
2024-11-19 14:48:28,54.375,0.01,20.0
2024-11-19 14:48:30,54.125,0.01,20.0
2024-11-19 14:48:32,53.625,0.01,20.0
2024-11-19 14:48:34,53.5,0.01,20.0
2024-11-19 14:48:36,53.375,0.01,20.0
2024-11-19 14:48:38,53.125,0.01,21.0
2024-11-19 14:48:40,56.0,0.01,20.0
2024-11-19 14:48:42,56.75,0.01,20.0
2024-11-19 14:48:44,56.5,0.01,20.0
2024-11-19 14:48:46,55.875,0.01,20.0
2024-11-19 14:48:48,55.875,0.01,20.0
2024-11-19 14:48:50,55.5,0.01,20.0
2024-11-19 14:48:52,55.375,0.02,20.0
2024-11-19 14:48:54,55.125,0.01,20.0
2024-11-19 14:48:56,54.625,0.01,20.0
2024-11-19 14:48:58,54.25,0.01,20.0
2024-11-19 14:49:00,53.875,0.01,20.0
2024-11-19 14:49:02,53.75,0.01,20.0
2024-11-19 14:49:04,53.625,0.01,20.0
2024-11-19 14:49:06,53.625,0.01,20.0
2024-11-19 14:49:08,54.0,0.01,20.0
2024-11-19 14:49:10,53.875,0.01,20.0
2024-11-19 14:49:12,54.875,0.01,20.0
2024-11-19 14:49:14,56.875,0.02,20.0
2024-11-19 14:49:16,57.25,0.01,20.0
2024-11-19 14:49:18,57.875,0.01,20.0
2024-11-19 14:49:20,57.0,0.01,20.0
2024-11-19 14:49:22,56.75,0.01,20.0
2024-11-19 14:49:24,56.875,0.01,20.0
2024-11-19 14:49:26,57.0,0.01,20.0
2024-11-19 14:49:28,56.625,0.02,20.0
2024-11-19 14:49:30,56.875,0.01,20.0
2024-11-19 14:49:32,56.375,0.01,20.0
2024-11-19 14:49:34,56.125,0.01,20.0
2024-11-19 14:49:36,56.0,0.01,20.0
2024-11-19 14:49:38,55.75,0.01,20.0
2024-11-19 14:49:40,59.25,0.01,20.0
2024-11-19 14:49:41,59.25,0.01,20.0
2024-11-19 14:49:41,59.25,0.01,20.0
2024-11-19 14:49:42,58.5,0.01,20.0
2024-11-19 14:49:43,58.5,0.01,20.0
2024-11-19 14:49:43,58.5,0.01,20.0
2024-11-19 14:49:44,58.125,0.01,20.0
2024-11-19 14:49:45,58.125,0.01,20.0
2024-11-19 14:49:45,58.125,0.01,20.0
2024-11-19 14:49:46,58.375,0.01,20.0
2024-11-19 14:49:47,58.375,0.01,20.0
2024-11-19 14:49:47,58.375,0.01,20.0
2024-11-19 14:49:48,58.375,0.01,20.0
2024-11-19 14:49:49,58.375,0.01,20.0
2024-11-19 14:49:49,58.375,0.01,20.0
2024-11-19 14:49:50,58.125,0.01,20.0
2024-11-19 14:49:51,58.125,0.01,20.0
2024-11-19 14:49:51,58.125,0.01,20.0
2024-11-19 14:49:52,58.0,0.01,20.0
2024-11-19 14:49:53,58.0,0.01,20.0
2024-11-19 14:49:53,58.0,0.01,20.0
2024-11-19 14:49:54,57.875,0.01,20.0
2024-11-19 14:49:55,57.875,0.01,20.0
2024-11-19 14:49:55,57.875,0.01,20.0
2024-11-19 14:49:56,57.75,0.01,20.0
2024-11-19 14:49:57,57.75,0.01,20.0
2024-11-19 14:49:57,57.75,0.01,20.0
2024-11-19 14:49:58,57.875,0.01,20.0
2024-11-19 14:49:59,57.875,0.01,20.0
2024-11-19 14:49:59,57.875,0.01,20.0
2024-11-19 14:50:00,57.75,0.01,20.0
2024-11-19 14:50:01,57.75,0.01,20.0
2024-11-19 14:50:01,57.75,0.01,20.0
2024-11-19 14:50:02,57.875,0.01,20.0
2024-11-19 14:50:03,57.875,0.01,20.0
2024-11-19 14:50:03,57.875,0.01,20.0
2024-11-19 14:50:04,57.875,0.01,20.0
2024-11-19 14:50:05,57.875,0.01,20.0
2024-11-19 14:50:05,57.875,0.01,20.0
2024-11-19 14:50:06,57.875,0.01,20.0
2024-11-19 14:50:07,57.875,0.01,20.0
2024-11-19 14:50:07,57.875,0.01,20.0
2024-11-19 14:50:08,58.125,0.01,20.0
2024-11-19 14:50:09,58.125,0.01,20.0
2024-11-19 14:50:09,58.125,0.01,20.0
2024-11-19 14:50:10,59.75,0.02,20.0
2024-11-19 14:50:11,59.75,0.02,20.0
2024-11-19 14:50:11,59.75,0.02,20.0
2024-11-19 14:50:12,60.5,0.01,20.0
2024-11-19 14:50:13,60.5,0.01,20.0
2024-11-19 14:50:13,60.5,0.01,20.0
2024-11-19 14:50:14,60.0,0.01,20.0
2024-11-19 14:50:15,60.0,0.01,20.0
2024-11-19 14:50:15,60.0,0.01,20.0
2024-11-19 14:50:16,59.25,0.01,20.0
2024-11-19 14:50:17,59.25,0.01,20.0
2024-11-19 14:50:17,59.25,0.01,20.0
2024-11-19 14:50:18,59.0,0.01,20.0
2024-11-19 14:50:19,59.0,0.01,20.0
2024-11-19 14:50:19,59.0,0.01,20.0
2024-11-19 14:50:20,59.375,0.01,20.0
2024-11-19 14:50:21,59.375,0.01,20.0
2024-11-19 14:50:21,59.375,0.01,20.0
2024-11-19 14:50:22,59.875,0.09,20.0
2024-11-19 14:50:23,59.875,0.09,20.0
2024-11-19 14:50:23,59.875,0.09,20.0
2024-11-19 14:50:24,59.75,0.01,20.0
2024-11-19 14:50:25,59.75,0.01,20.0
2024-11-19 14:50:25,59.75,0.01,20.0
2024-11-19 14:50:26,59.375,0.01,20.0
2024-11-19 14:50:27,59.375,0.01,20.0
2024-11-19 14:50:27,59.375,0.01,20.0
2024-11-19 14:50:28,59.25,0.01,20.0
2024-11-19 14:50:29,59.25,0.01,20.0
2024-11-19 14:50:29,59.25,0.01,20.0
2024-11-19 14:50:30,59.625,0.01,20.0
2024-11-19 14:50:31,59.625,0.01,20.0
2024-11-19 14:50:31,59.625,0.01,20.0
2024-11-19 14:50:32,60.25,0.06,20.0
2024-11-19 14:50:33,60.25,0.06,20.0
2024-11-19 14:50:33,60.25,0.06,20.0
2024-11-19 14:50:34,60.0,0.01,20.0
2024-11-19 14:50:35,60.0,0.01,20.0
2024-11-19 14:50:35,60.0,0.01,20.0
2024-11-19 14:50:36,60.125,0.01,20.0
2024-11-19 14:50:37,60.125,0.01,20.0
2024-11-19 14:50:37,60.125,0.01,20.0
2024-11-19 14:50:38,60.0,0.01,20.0
2024-11-19 14:50:39,60.0,0.01,20.0
2024-11-19 14:50:39,60.0,0.01,20.0
2024-11-19 14:50:40,59.875,0.01,20.0
2024-11-19 14:50:41,59.875,0.01,20.0
2024-11-19 14:50:41,59.875,0.01,20.0
2024-11-19 14:50:42,60.625,0.01,20.0
2024-11-19 14:50:43,60.625,0.01,20.0
2024-11-19 14:50:43,60.625,0.01,20.0
2024-11-19 14:50:44,60.375,0.01,20.0
2024-11-19 14:50:45,60.375,0.01,20.0
2024-11-19 14:50:45,60.375,0.01,20.0
2024-11-19 14:50:46,60.375,0.01,20.0
2024-11-19 14:50:47,60.375,0.01,20.0
2024-11-19 14:50:47,60.375,0.01,20.0
2024-11-19 14:50:48,60.25,0.01,20.0
2024-11-19 14:50:49,60.25,0.01,20.0
2024-11-19 14:50:49,60.25,0.01,20.0
2024-11-19 14:50:50,60.875,0.01,20.0
2024-11-19 14:50:51,60.875,0.01,20.0
2024-11-19 14:50:51,60.875,0.01,20.0
2024-11-19 14:50:52,61.875,0.01,20.0
2024-11-19 14:50:53,61.875,0.01,20.0
2024-11-19 14:50:53,61.875,0.01,20.0
2024-11-19 14:50:54,62.875,0.01,20.0
2024-11-19 14:50:55,62.875,0.01,20.0
2024-11-19 14:50:55,62.875,0.01,20.0
2024-11-19 14:50:56,62.125,0.01,20.0
2024-11-19 14:50:57,62.125,0.01,20.0
2024-11-19 14:50:57,62.125,0.01,20.0
2024-11-19 14:50:58,61.75,0.02,20.0
2024-11-19 14:50:59,61.75,0.02,20.0
2024-11-19 14:50:59,61.75,0.02,20.0
2024-11-19 14:51:00,61.875,0.02,20.0
2024-11-19 14:51:01,61.875,0.02,20.0
2024-11-19 14:51:01,61.875,0.02,20.0
2024-11-19 14:51:02,61.5,0.01,20.0
2024-11-19 14:51:03,61.5,0.01,20.0
2024-11-19 14:51:03,61.5,0.01,20.0
2024-11-19 14:51:04,61.75,0.29,20.0
2024-11-19 14:51:05,61.75,0.29,20.0
2024-11-19 14:51:05,61.75,0.29,20.0
2024-11-19 14:51:06,61.375,0.01,20.0
2024-11-19 14:51:07,61.375,0.01,20.0
2024-11-19 14:51:07,61.375,0.01,20.0
2024-11-19 14:51:08,61.0,0.01,20.0
2024-11-19 14:51:09,61.0,0.01,20.0
2024-11-19 14:51:09,61.0,0.01,20.0
2024-11-19 14:51:10,60.75,0.01,20.0
2024-11-19 14:51:11,60.75,0.01,20.0
2024-11-19 14:51:11,60.75,0.01,20.0
2024-11-19 14:51:12,62.125,0.01,20.0
2024-11-19 14:51:13,62.125,0.01,20.0
2024-11-19 14:51:13,62.125,0.01,20.0
2024-11-19 14:51:14,61.625,0.01,20.0
2024-11-19 14:51:15,61.625,0.01,20.0
2024-11-19 14:51:15,61.625,0.01,20.0
2024-11-19 14:51:16,61.25,0.01,20.0
2024-11-19 14:51:17,61.25,0.01,20.0
2024-11-19 14:51:17,61.25,0.01,20.0
2024-11-19 14:51:18,61.625,0.01,20.0
2024-11-19 14:51:19,61.625,0.01,20.0
2024-11-19 14:51:19,61.625,0.01,20.0
2024-11-19 14:51:20,,0.0,
2024-11-19 14:51:20,,0.0,
2024-11-19 14:51:20,,0.0,
2024-11-19 14:51:22,,0.0,
2024-11-19 14:51:22,,0.0,
2024-11-19 14:51:22,,0.0,
2024-11-19 14:51:24,,0.0,
2024-11-19 14:51:24,,0.0,
2024-11-19 14:51:24,,0.0,
2024-11-19 14:51:26,,0.0,
2024-11-19 14:51:26,,0.0,
2024-11-19 14:51:26,,0.0,
2024-11-19 14:51:28,,0.0,
2024-11-19 14:51:28,,0.0,
2024-11-19 14:51:29,,0.0,
2024-11-19 14:51:30,64.875,0.04,20.0
2024-11-19 14:51:31,64.25,0.01,20.0
2024-11-19 14:51:31,64.25,0.01,20.0
2024-11-19 14:51:32,64.25,0.01,20.0
2024-11-19 14:51:33,63.875,0.01,20.0
2024-11-19 14:51:33,63.875,0.01,20.0
2024-11-19 14:51:34,63.75,0.01,20.0
2024-11-19 14:51:35,63.75,0.01,20.0
2024-11-19 14:51:35,63.375,0.31,20.0
2024-11-19 14:51:36,63.25,0.01,20.0
2024-11-19 14:51:37,62.625,0.01,20.0
2024-11-19 14:51:37,62.625,0.01,20.0
2024-11-19 14:51:38,62.375,0.01,20.0
2024-11-19 14:51:39,62.0,0.02,20.0
2024-11-19 14:51:39,62.0,0.02,20.0
2024-11-19 14:51:40,61.875,0.02,20.0
2024-11-19 14:51:41,61.875,0.02,20.0
2024-11-19 14:51:41,61.375,0.01,20.0
2024-11-19 14:51:42,61.375,0.03,20.0
2024-11-19 14:51:43,61.25,0.01,20.0
2024-11-19 14:51:43,61.25,0.01,20.0
2024-11-19 14:51:44,61.125,0.03,20.0
2024-11-19 14:51:45,61.125,0.03,20.0
2024-11-19 14:51:45,60.625,0.02,20.0
2024-11-19 14:51:49,61.75,0.01,20.0
2024-11-19 14:51:51,60.75,0.01,20.0
2024-11-19 14:51:53,59.625,0.01,20.0
2024-11-19 14:51:55,58.875,0.01,20.0
2024-11-19 14:51:57,58.75,0.01,20.0
2024-11-19 14:51:59,58.375,0.03,20.0
2024-11-19 14:52:01,57.625,0.01,20.0
2024-11-19 14:52:03,58.625,0.01,20.0
2024-11-19 14:52:05,58.5,0.19,20.0
2024-11-19 14:52:07,58.75,0.02,20.0
2024-11-19 14:52:09,58.625,0.48,20.0
2024-11-19 14:52:11,57.625,0.01,20.0
2024-11-19 14:52:13,57.125,0.01,20.0
2024-11-19 14:52:15,56.25,0.03,20.0
2024-11-19 14:52:17,55.375,0.01,20.0
2024-11-19 14:52:19,55.0,0.01,20.0
2024-11-19 14:52:21,54.25,0.01,20.0
2024-11-19 14:52:23,53.875,0.01,20.0
2024-11-19 14:52:25,53.5,0.01,20.0
2024-11-19 14:52:27,53.25,0.01,21.0
2024-11-19 14:52:29,53.25,0.01,21.0
2024-11-19 14:52:31,53.75,0.01,20.0
2024-11-19 14:52:33,54.125,0.02,20.0
2024-11-19 14:52:35,53.875,0.01,20.0
2024-11-19 14:52:37,53.25,0.01,21.0
2024-11-19 14:52:39,52.75,0.02,21.0
2024-11-19 14:52:41,52.5,0.01,22.0
2024-11-19 14:52:43,52.625,0.01,22.0
2024-11-19 14:52:45,52.375,0.01,22.0
2024-11-19 14:52:47,51.875,0.01,23.0
2024-11-19 14:52:49,51.5,0.01,23.0
2024-11-19 14:52:51,51.25,0.01,24.0
2024-11-19 14:52:53,50.875,0.01,24.0
2024-11-19 14:52:55,50.625,0.01,25.0
2024-11-19 14:52:57,50.5,0.01,25.0
2024-11-19 14:52:59,50.5,0.01,25.0
2024-11-19 14:53:01,50.125,0.01,25.0
2024-11-19 14:53:03,50.875,0.01,24.0
2024-11-19 14:53:05,50.875,0.01,24.0
2024-11-19 14:53:07,50.5,0.01,25.0
2024-11-19 14:53:09,50.125,0.01,25.0
2024-11-19 14:53:11,50.125,0.01,25.0
2024-11-19 14:53:13,50.125,0.01,25.0
2024-11-19 14:53:15,50.625,0.01,25.0
2024-11-19 14:53:17,50.0,0.01,25.0
2024-11-19 14:53:19,49.5,0.01,26.0
2024-11-19 14:53:21,49.25,0.01,27.0
2024-11-19 14:53:23,49.25,0.01,27.0
2024-11-19 14:53:25,48.875,0.01,27.0
2024-11-19 14:53:27,48.875,0.01,27.0
2024-11-19 14:53:29,48.625,0.01,28.0
2024-11-19 14:53:31,48.625,0.01,28.0
2024-11-19 14:53:33,48.875,0.01,27.0
2024-11-19 14:53:35,49.125,0.01,27.0
2024-11-19 14:53:37,49.5,0.01,26.0
2024-11-19 14:53:39,50.375,0.01,25.0
2024-11-19 14:53:41,50.25,0.01,25.0
2024-11-19 14:53:43,50.25,0.01,25.0
2024-11-19 14:53:45,53.0,0.48,21.0
2024-11-19 14:53:47,52.25,0.01,22.0
2024-11-19 14:53:49,51.625,0.01,23.0
2024-11-19 14:53:51,51.0,0.01,24.0
2024-11-19 14:53:53,51.5,0.02,23.0
2024-11-19 14:53:55,51.375,0.03,23.0
2024-11-19 14:53:57,51.25,0.01,24.0
2024-11-19 14:53:59,51.0,0.01,24.0
2024-11-19 14:54:01,51.5,0.01,23.0
2024-11-19 14:54:03,52.0,0.27,22.0
2024-11-19 14:54:05,51.625,0.01,23.0
2024-11-19 14:54:07,51.5,0.01,23.0
2024-11-19 14:54:09,52.625,0.01,22.0
2024-11-19 14:54:11,52.75,0.01,21.0
2024-11-19 14:54:13,52.5,0.01,22.0
2024-11-19 14:54:15,53.75,0.02,20.0
2024-11-19 14:54:17,53.0,0.01,21.0
2024-11-19 14:54:19,52.625,0.02,22.0
2024-11-19 14:54:21,52.75,0.01,21.0
2024-11-19 14:54:23,53.875,0.01,20.0
2024-11-19 14:54:25,53.375,0.03,20.0
2024-11-19 14:54:27,53.0,0.01,21.0
2024-11-19 14:54:29,52.625,0.01,22.0
2024-11-19 14:54:31,52.375,0.01,22.0
2024-11-19 14:54:33,53.125,0.5,21.0
2024-11-19 14:54:35,53.125,0.06,21.0
2024-11-19 14:54:37,52.75,0.01,21.0
2024-11-19 14:54:39,52.5,0.01,22.0
2024-11-19 14:54:41,52.5,0.01,22.0
2024-11-19 14:54:43,53.625,0.01,20.0
2024-11-19 14:54:45,54.625,0.01,20.0
2024-11-19 14:54:47,54.375,0.01,20.0
2024-11-19 14:54:49,53.75,0.01,20.0
2024-11-19 14:54:51,53.625,0.01,20.0
2024-11-19 14:54:53,53.375,0.01,20.0
2024-11-19 14:54:55,53.25,0.01,21.0
2024-11-19 14:54:57,53.375,0.01,20.0
2024-11-19 14:54:59,53.25,0.01,21.0
2024-11-19 14:55:01,53.25,0.01,21.0
2024-11-19 14:55:03,53.25,0.01,21.0
2024-11-19 14:55:05,53.25,0.01,21.0
2024-11-19 14:55:07,53.375,0.01,20.0
2024-11-19 14:55:09,53.5,0.01,20.0
2024-11-19 14:55:11,54.125,0.01,20.0
2024-11-19 14:55:13,54.0,0.01,20.0
2024-11-19 14:55:15,54.75,0.01,20.0
2024-11-19 14:55:17,55.75,0.01,20.0
2024-11-19 14:55:19,55.125,0.01,20.0
2024-11-19 14:55:21,54.625,0.01,20.0
2024-11-19 14:55:23,54.625,0.34,20.0
2024-11-19 14:55:25,54.375,0.01,20.0
2024-11-19 14:55:27,54.375,0.01,20.0
2024-11-19 14:55:29,54.25,0.01,20.0
2024-11-19 14:55:31,54.25,0.01,20.0
2024-11-19 14:55:33,55.0,0.37,20.0
2024-11-19 14:55:35,54.75,0.02,20.0
2024-11-19 14:55:37,54.5,0.01,20.0
2024-11-19 14:55:39,54.5,0.01,20.0
2024-11-19 14:55:41,54.375,0.01,20.0
2024-11-19 14:55:43,55.25,0.01,20.0
2024-11-19 14:55:45,55.5,0.01,20.0
2024-11-19 14:55:48,56.875,0.01,20.0
2024-11-19 14:55:50,57.625,0.01,20.0
2024-11-19 14:55:52,58.25,0.01,20.0
2024-11-19 14:55:54,58.125,0.01,20.0
2024-11-19 14:55:56,58.75,0.03,20.0
2024-11-19 14:55:58,57.875,0.01,20.0
2024-11-19 14:56:00,57.5,0.01,20.0
2024-11-19 14:56:01,57.625,0.01,20.0
2024-11-19 14:56:03,57.125,0.01,20.0
2024-11-19 14:56:06,58.0,0.18,20.0
2024-11-19 14:56:08,58.25,0.01,20.0
2024-11-19 14:56:10,60.5,0.55,20.0
2024-11-19 14:56:12,59.5,0.01,20.0
2024-11-19 14:56:14,58.375,0.02,20.0
2024-11-19 14:56:15,58.125,0.05,20.0
2024-11-19 14:56:17,58.875,0.01,20.0
2024-11-19 14:56:19,60.5,0.68,20.0
2024-11-19 14:56:21,60.625,0.01,20.0
2024-11-19 14:56:23,60.5,0.01,20.0
2024-11-19 14:56:26,59.875,0.01,20.0
2024-11-19 14:56:28,58.875,0.01,20.0
2024-11-19 14:56:30,61.125,0.62,20.0
2024-11-19 14:56:33,61.875,0.14,20.0
2024-11-19 14:56:35,61.5,0.01,20.0
2024-11-19 14:56:37,62.0,0.02,20.0
2024-11-19 14:56:40,62.375,0.01,20.0
2024-11-19 14:56:42,61.125,0.01,20.0
2024-11-19 14:56:44,60.125,0.01,20.0
2024-11-19 14:56:46,59.625,0.01,20.0
2024-11-19 14:56:48,59.625,0.01,20.0
2024-11-19 14:56:50,59.125,0.12,20.0
2024-11-19 14:56:52,59.5,0.03,20.0
2024-11-19 14:56:54,60.375,0.22,20.0
2024-11-19 14:56:58,63.75,0.46,20.0
2024-11-19 14:57:00,62.625,0.01,20.0
2024-11-19 14:57:02,62.375,0.01,20.0
2024-11-19 14:57:04,63.25,0.23,20.0
2024-11-19 14:57:06,62.625,0.01,20.0
2024-11-19 14:57:08,63.0,0.01,20.0
2024-11-19 14:57:10,62.75,0.01,20.0
2024-11-19 14:57:12,62.5,0.01,20.0
2024-11-19 14:57:14,63.125,0.01,20.0
2024-11-19 14:57:17,63.625,0.3,20.0
2024-11-19 14:57:19,63.5,0.22,20.0
2024-11-19 14:57:21,62.5,0.02,20.0
2024-11-19 14:57:25,64.5,0.1,20.0
2024-11-19 14:57:27,63.75,0.01,20.0
2024-11-19 14:57:29,63.875,0.01,20.0
2024-11-19 14:57:33,64.375,0.02,20.0
2024-11-19 14:57:35,63.625,0.01,20.0
2024-11-19 14:57:39,64.625,0.01,20.0
2024-11-19 14:57:42,64.875,0.01,20.0
2024-11-19 14:57:44,63.75,0.01,20.0
2024-11-19 14:57:48,65.875,0.09,20.0
2024-11-19 14:57:51,65.625,0.01,20.0
2024-11-19 14:57:53,64.375,0.22,20.0
2024-11-19 14:57:55,63.125,0.01,20.0
2024-11-19 14:57:57,62.125,0.01,20.0
2024-11-19 14:58:00,61.125,0.0,20.0
2024-11-19 14:58:01,61.125,0.01,20.0
2024-11-19 14:58:03,60.875,0.01,20.0
2024-11-19 14:58:05,60.25,0.01,20.0
2024-11-19 14:58:07,59.125,0.01,20.0
2024-11-19 14:58:09,58.125,0.01,20.0
2024-11-19 14:58:11,58.375,0.01,20.0
2024-11-19 14:58:14,57.875,0.01,20.0
2024-11-19 14:58:16,58.5,0.01,20.0
2024-11-19 14:58:17,58.25,0.0,20.0
2024-11-19 14:58:20,57.875,0.01,20.0
2024-11-19 14:58:22,57.125,0.01,20.0
2024-11-19 14:58:24,59.25,0.01,20.0
2024-11-19 14:58:26,58.375,0.01,20.0
2024-11-19 14:58:28,57.25,0.01,20.0
2024-11-19 14:58:30,56.375,0.01,20.0
2024-11-19 14:58:32,56.25,0.02,20.0
2024-11-19 14:58:34,55.75,0.01,20.0
2024-11-19 14:58:35,55.75,0.01,20.0
2024-11-19 14:58:38,57.5,0.1,20.0
2024-11-19 14:58:40,56.5,0.01,20.0
2024-11-19 14:58:42,55.375,0.01,20.0
2024-11-19 14:58:44,54.375,0.01,20.0
2024-11-19 14:58:46,53.5,0.01,20.0
2024-11-19 14:58:48,53.0,0.01,21.0
2024-11-19 14:58:50,53.125,0.01,21.0
2024-11-19 14:58:52,52.625,0.01,22.0
2024-11-19 14:58:54,52.125,0.01,22.0
2024-11-19 14:58:56,51.875,0.01,23.0
2024-11-19 14:58:58,51.375,0.02,23.0
2024-11-19 14:59:00,51.0,0.01,24.0
2024-11-19 14:59:02,50.875,0.01,24.0
2024-11-19 14:59:04,50.5,0.01,25.0
2024-11-19 14:59:06,50.875,0.01,24.0
2024-11-19 14:59:08,51.375,0.01,23.0
2024-11-19 14:59:10,51.0,0.01,24.0
2024-11-19 14:59:12,51.125,0.0,24.0
2024-11-19 14:59:14,51.5,0.01,23.0
2024-11-19 14:59:16,51.25,0.01,24.0
2024-11-19 14:59:18,51.0,0.01,24.0
2024-11-19 14:59:24,50.625,0.01,25.0
2024-11-19 14:59:26,50.875,0.01,24.0
2024-11-19 15:15:00,54.25,0.2,20.0
2024-11-19 15:15:02,54.125,0.42,20.0
2024-11-19 15:15:04,54.125,0.06,20.0
2024-11-19 15:15:06,53.875,0.02,20.0
2024-11-19 15:15:08,52.75,0.01,21.0
2024-11-19 15:15:10,52.75,0.29,21.0
2024-11-19 15:15:12,52.5,0.02,22.0
2024-11-19 15:15:14,52.625,0.08,22.0
2024-11-19 15:15:16,51.375,0.03,23.0
2024-11-19 15:15:18,51.125,0.01,24.0
2024-11-19 15:15:20,50.75,0.09,24.0
2024-11-19 15:15:22,50.375,0.01,25.0
2024-11-19 15:15:24,50.0,0.01,25.0
2024-11-19 15:15:26,50.625,0.01,25.0
2024-11-19 15:15:28,51.125,0.01,24.0
2024-11-19 15:15:30,50.5,0.01,25.0
2024-11-19 15:15:32,50.625,0.0,25.0
2024-11-19 15:15:34,50.875,0.01,24.0
2024-11-19 15:15:36,51.875,0.01,23.0
2024-11-19 15:15:38,51.875,0.01,23.0
2024-11-19 15:15:40,52.25,0.0,22.0
2024-11-19 15:15:42,52.625,0.01,22.0
2024-11-19 15:15:44,52.375,0.01,22.0
2024-11-19 15:15:46,51.875,0.02,23.0
2024-11-19 15:15:48,51.75,0.01,23.0
2024-11-19 15:15:50,52.375,0.01,22.0
2024-11-19 15:15:52,52.875,0.01,21.0
2024-11-19 15:15:54,52.5,0.01,22.0
2024-11-19 15:15:56,52.625,0.01,22.0
2024-11-19 15:15:58,54.125,0.01,20.0
2024-11-19 15:16:01,57.625,0.76,20.0
2024-11-19 15:16:03,57.125,0.3,20.0
2024-11-19 15:16:05,56.75,0.01,20.0
2024-11-19 15:16:09,57.125,0.02,20.0
2024-11-19 15:16:11,57.125,0.2,20.0
2024-11-19 15:16:13,56.25,0.01,20.0
2024-11-19 15:16:17,57.5,0.02,20.0
2024-11-19 15:16:19,57.0,0.16,20.0
2024-11-19 15:16:22,58.25,0.2,20.0
2024-11-19 15:16:26,58.625,0.12,20.0
2024-11-19 15:16:28,57.625,0.14,20.0
2024-11-19 15:16:30,56.875,0.01,20.0
2024-11-19 15:16:34,57.625,0.02,20.0
2024-11-19 15:16:36,57.625,0.01,20.0
2024-11-19 15:16:38,58.875,0.5,20.0
2024-11-19 15:16:41,58.25,0.01,20.0
2024-11-19 15:16:43,58.5,0.01,20.0
2024-11-19 15:16:46,59.0,0.23,20.0
2024-11-19 15:16:48,58.5,0.21,20.0
2024-11-19 15:16:50,57.625,0.01,20.0
2024-11-19 15:16:52,56.875,0.01,20.0
2024-11-19 15:16:54,56.375,0.01,20.0
2024-11-19 15:16:56,56.25,0.01,20.0
2024-11-19 15:16:58,55.75,0.01,20.0
2024-11-19 15:17:00,55.5,0.01,20.0
2024-11-19 15:17:02,55.25,0.01,20.0
2024-11-19 15:17:04,55.625,0.01,20.0
2024-11-19 15:17:06,56.25,0.02,20.0
2024-11-19 15:17:08,56.625,0.01,20.0
2024-11-19 15:17:10,57.0,0.01,20.0
2024-11-19 15:17:12,57.75,0.01,20.0
2024-11-19 15:17:14,58.625,0.01,20.0
2024-11-19 15:17:16,58.875,0.01,20.0
2024-11-19 15:17:18,59.0,0.01,20.0
2024-11-19 15:17:20,59.0,0.01,20.0
2024-11-19 15:17:22,58.875,0.01,20.0
2024-11-19 15:17:25,61.0,0.63,20.0
2024-11-19 15:17:28,59.875,0.01,20.0
2024-11-19 15:17:30,59.25,0.01,20.0
2024-11-19 15:17:32,59.0,0.01,20.0
2024-11-19 15:17:34,59.0,0.01,20.0
2024-11-19 15:17:36,59.125,0.01,20.0
2024-11-19 15:17:38,59.25,0.01,20.0
2024-11-19 15:17:40,59.0,0.01,20.0
2024-11-19 15:17:42,59.125,0.01,20.0
2024-11-19 15:17:44,58.875,0.01,20.0
2024-11-19 15:17:46,60.0,0.01,20.0
2024-11-19 15:17:47,60.625,0.01,20.0
2024-11-19 15:17:49,60.625,0.01,20.0
2024-11-19 15:17:51,60.0,0.01,20.0
2024-11-19 15:17:53,59.25,0.01,20.0
2024-11-19 15:17:55,58.625,0.01,20.0
2024-11-19 15:17:57,58.0,0.01,20.0
2024-11-19 15:17:59,58.0,0.01,20.0
2024-11-19 15:18:01,57.875,0.01,20.0
2024-11-19 15:18:04,59.875,0.01,20.0
2024-11-19 15:18:06,59.5,0.01,20.0
2024-11-19 15:18:08,59.5,0.01,20.0
2024-11-19 15:18:10,59.25,0.01,20.0
2024-11-19 15:18:12,59.5,0.01,20.0
2024-11-19 15:18:14,59.0,0.01,20.0
2024-11-19 15:18:16,58.375,0.01,20.0
2024-11-19 15:18:18,59.0,0.01,20.0
2024-11-19 15:18:20,60.0,0.02,20.0
2024-11-19 15:18:21,61.25,0.03,20.0
2024-11-19 15:18:24,60.5,0.01,20.0
2024-11-19 15:18:26,60.0,0.01,20.0
2024-11-19 15:18:28,59.875,0.01,20.0
2024-11-19 15:18:30,60.25,0.01,20.0
2024-11-19 15:18:32,60.0,0.01,20.0
2024-11-19 15:18:33,60.0,0.01,20.0
2024-11-19 15:18:36,62.75,0.01,20.0
2024-11-19 15:18:39,61.875,0.11,20.0
2024-11-19 15:18:40,61.75,0.13,20.0
2024-11-19 15:18:43,60.75,0.01,20.0
2024-11-19 15:18:45,60.125,0.03,20.0
2024-11-19 15:18:47,60.875,0.01,20.0
2024-11-19 15:18:48,61.375,0.01,20.0
2024-11-19 15:18:50,61.5,0.02,20.0
2024-11-19 15:18:53,62.625,0.01,20.0
2024-11-19 15:18:55,62.75,0.01,20.0
2024-11-19 15:18:57,61.875,0.01,20.0
2024-11-19 15:18:59,61.75,0.01,20.0
2024-11-19 15:19:01,61.75,0.01,20.0
2024-11-19 15:19:03,61.125,0.01,20.0
2024-11-19 15:19:05,61.375,0.03,20.0
2024-11-19 15:19:07,61.0,0.01,20.0
2024-11-19 15:19:09,61.25,0.02,20.0
2024-11-19 15:19:11,61.5,0.02,20.0
2024-11-19 15:24:22,56.625,0.02,20.0
2024-11-19 15:27:42,60.375,0.01,20.0
2024-11-19 15:28:32,63.0,0.01,20.0
2024-11-19 15:28:33,63.0,0.01,20.0
2024-11-19 15:28:33,63.5,0.13,20.0
2024-11-19 15:28:34,63.5,0.01,20.0
2024-11-19 15:28:35,63.5,0.01,20.0
2024-11-19 15:28:35,63.125,0.01,20.0
2024-11-19 15:28:36,63.0,0.01,20.0
2024-11-19 15:28:37,63.0,0.01,20.0
2024-11-19 15:28:37,63.5,0.01,20.0
2024-11-19 15:33:07,52.75,0.01,21.0
2024-11-19 15:36:27,59.5,0.01,20.0
2024-11-19 15:39:47,54.125,0.01,20.0
2024-11-19 15:43:07,55.5,0.01,20.0
2024-11-19 15:46:27,58.75,0.01,20.0
2024-11-19 15:49:47,50.0,0.01,25.0
2024-11-19 15:53:07,55.625,0.01,20.0
2024-11-19 15:54:32,61.375,0.21,20.0
2024-11-19 15:54:32,61.375,0.21,20.0
2024-11-19 15:54:32,61.25,0.11,20.0
2024-11-19 15:54:34,60.875,0.01,20.0
2024-11-19 15:54:34,60.875,0.01,20.0
2024-11-19 15:54:34,60.5,0.01,20.0
2024-11-19 15:54:35,60.25,0.01,20.0
2024-11-19 15:54:36,60.25,0.01,20.0
2024-11-19 15:54:36,59.875,0.01,20.0
2024-11-19 15:54:38,60.5,0.01,20.0
2024-11-19 15:54:38,60.5,0.01,20.0
2024-11-19 15:54:38,61.125,0.01,20.0
2024-11-19 15:54:40,61.25,0.02,20.0
2024-11-19 15:54:40,61.25,0.02,20.0
2024-11-19 15:54:40,61.5,0.02,20.0
2024-11-19 15:54:41,61.625,0.01,20.0
2024-11-19 15:54:42,61.625,0.01,20.0
2024-11-19 15:54:42,61.625,0.01,20.0
2024-11-19 15:54:43,60.875,0.02,20.0
2024-11-19 15:54:44,60.875,0.02,20.0
2024-11-19 15:54:44,60.5,0.02,20.0
2024-11-19 15:54:45,60.25,0.01,20.0
2024-11-19 15:54:46,60.25,0.01,20.0
2024-11-19 15:54:46,60.125,0.01,20.0
2024-11-19 15:54:47,59.875,0.01,20.0
2024-11-19 15:54:48,59.875,0.01,20.0
2024-11-19 15:54:48,59.875,0.01,20.0
2024-11-19 15:54:49,59.625,0.01,20.0
2024-11-19 15:54:50,59.625,0.01,20.0
2024-11-19 15:54:50,59.875,0.14,20.0
2024-11-19 15:54:51,59.875,0.01,20.0
2024-11-19 15:54:52,59.875,0.01,20.0
2024-11-19 15:54:52,59.875,0.01,20.0
2024-11-19 15:54:53,59.875,0.01,20.0
2024-11-19 15:54:54,59.875,0.01,20.0
2024-11-19 15:54:54,59.875,0.01,20.0
2024-11-19 15:54:55,59.875,0.01,20.0
2024-11-19 15:54:56,59.875,0.01,20.0
2024-11-19 15:54:56,59.875,0.01,20.0
2024-11-19 15:54:57,60.0,0.01,20.0
2024-11-19 15:54:58,60.0,0.01,20.0
2024-11-19 15:54:58,60.0,0.01,20.0
2024-11-19 15:54:59,59.75,0.01,20.0
2024-11-19 15:55:00,59.75,0.01,20.0
2024-11-19 15:55:00,59.625,0.01,20.0
2024-11-19 15:55:01,59.625,0.01,20.0
2024-11-19 15:55:02,59.625,0.01,20.0
2024-11-19 15:55:02,59.625,0.01,20.0
2024-11-19 15:55:03,59.625,0.01,20.0
2024-11-19 15:55:04,59.625,0.01,20.0
2024-11-19 15:55:04,59.625,0.01,20.0
2024-11-19 15:55:05,60.125,0.01,20.0
2024-11-19 15:55:06,60.125,0.01,20.0
2024-11-19 15:55:06,60.125,0.01,20.0
2024-11-19 15:55:08,62.375,0.01,20.0
2024-11-19 15:55:08,62.375,0.01,20.0
2024-11-19 15:55:08,62.5,0.02,20.0
2024-11-19 15:55:09,62.375,0.01,20.0
2024-11-19 15:55:10,62.375,0.01,20.0
2024-11-19 15:55:10,62.125,0.01,20.0
2024-11-19 15:55:11,62.375,0.01,20.0
2024-11-19 15:55:12,62.375,0.01,20.0
2024-11-19 15:55:12,62.0,0.01,20.0
2024-11-19 15:55:13,61.75,0.01,20.0
2024-11-19 15:55:14,61.75,0.01,20.0
2024-11-19 15:55:14,61.5,0.01,20.0
2024-11-19 15:55:15,61.25,0.01,20.0
2024-11-19 15:55:16,61.25,0.01,20.0
2024-11-19 15:55:16,61.625,0.01,20.0
2024-11-19 15:55:18,62.0,0.01,20.0
2024-11-19 15:55:18,62.0,0.01,20.0
2024-11-19 15:55:18,62.625,0.01,20.0
2024-11-19 15:55:20,62.5,0.01,20.0
2024-11-19 15:55:20,62.5,0.01,20.0
2024-11-19 15:55:20,62.5,0.01,20.0
2024-11-19 15:55:21,62.375,0.01,20.0
2024-11-19 15:55:22,62.375,0.01,20.0
2024-11-19 15:55:22,62.125,0.01,20.0
2024-11-19 15:55:23,61.875,0.01,20.0
2024-11-19 15:55:24,61.875,0.01,20.0
2024-11-19 15:55:24,61.875,0.01,20.0
2024-11-19 15:55:25,61.5,0.01,20.0
2024-11-19 15:55:26,61.5,0.01,20.0
2024-11-19 15:55:26,61.5,0.01,20.0
2024-11-19 15:55:27,61.125,0.01,20.0
2024-11-19 15:55:28,61.125,0.01,20.0
2024-11-19 15:55:28,61.0,0.01,20.0
2024-11-19 15:55:29,61.25,0.01,20.0
2024-11-19 15:55:30,61.25,0.01,20.0
2024-11-19 15:55:30,61.375,0.01,20.0
2024-11-19 15:55:31,61.25,0.01,20.0
2024-11-19 15:55:32,61.25,0.01,20.0
2024-11-19 15:55:32,61.25,0.01,20.0
2024-11-19 15:55:33,61.25,0.01,20.0
2024-11-19 15:55:34,61.25,0.01,20.0
2024-11-19 15:55:34,61.125,0.01,20.0
2024-11-19 15:55:35,61.125,0.01,20.0
2024-11-19 15:55:36,61.125,0.01,20.0
2024-11-19 15:55:36,61.125,0.01,20.0
2024-11-19 15:55:37,61.375,0.01,20.0
2024-11-19 15:55:38,61.375,0.01,20.0
2024-11-19 15:55:38,61.375,0.01,20.0
2024-11-19 15:55:40,61.25,0.01,20.0
2024-11-19 15:55:40,61.25,0.01,20.0
2024-11-19 15:55:40,61.125,0.01,20.0
2024-11-19 15:55:41,61.375,0.01,20.0
2024-11-19 15:55:42,61.375,0.01,20.0
2024-11-19 15:55:42,61.875,0.01,20.0
2024-11-19 15:55:43,61.875,0.01,20.0
2024-11-19 15:55:44,61.875,0.01,20.0
2024-11-19 15:55:44,62.375,0.02,20.0
2024-11-19 15:55:45,62.25,0.07,20.0
2024-11-19 15:55:46,62.25,0.07,20.0
2024-11-19 15:55:46,62.25,0.07,20.0
2024-11-19 15:55:47,62.375,0.03,20.0
2024-11-19 15:55:48,62.375,0.03,20.0
2024-11-19 15:55:48,62.375,0.02,20.0
2024-11-19 15:55:49,62.5,0.01,20.0
2024-11-19 15:55:50,62.5,0.01,20.0
2024-11-19 15:55:50,62.375,0.03,20.0
2024-11-19 15:55:51,62.25,0.01,20.0
2024-11-19 15:55:52,62.25,0.01,20.0
2024-11-19 15:55:52,62.25,0.01,20.0
2024-11-19 15:55:53,62.125,0.01,20.0
2024-11-19 15:55:54,62.125,0.01,20.0
2024-11-19 15:55:54,62.125,0.01,20.0
2024-11-19 15:55:55,61.75,0.01,20.0
2024-11-19 15:55:56,61.75,0.01,20.0
2024-11-19 15:55:56,61.75,0.01,20.0
2024-11-19 15:55:57,61.25,0.01,20.0
2024-11-19 15:55:58,61.25,0.01,20.0
2024-11-19 15:55:58,61.25,0.01,20.0
2024-11-19 15:55:59,61.25,0.01,20.0
2024-11-19 15:56:00,61.25,0.01,20.0
2024-11-19 15:56:00,61.25,0.01,20.0
2024-11-19 15:56:02,60.875,0.01,20.0
2024-11-19 15:56:02,60.875,0.01,20.0
2024-11-19 15:56:02,60.5,0.01,20.0
2024-11-19 15:56:04,60.25,0.01,20.0
2024-11-19 15:56:04,60.25,0.01,20.0
2024-11-19 15:56:04,60.125,0.01,20.0
2024-11-19 15:56:05,59.875,0.01,20.0
2024-11-19 15:56:06,59.875,0.01,20.0
2024-11-19 15:56:06,59.75,0.01,20.0
2024-11-19 15:56:07,59.5,0.01,20.0
2024-11-19 15:56:08,59.5,0.01,20.0
2024-11-19 15:56:08,59.5,0.01,20.0
2024-11-19 15:56:09,59.125,0.01,20.0
2024-11-19 15:56:10,59.125,0.01,20.0
2024-11-19 15:56:10,59.125,0.01,20.0
2024-11-19 15:56:12,59.875,0.01,20.0
2024-11-19 15:56:12,59.875,0.01,20.0
2024-11-19 15:56:12,60.5,0.01,20.0
2024-11-19 15:56:13,60.5,0.01,20.0
2024-11-19 15:56:14,60.5,0.01,20.0
2024-11-19 15:56:14,60.5,0.01,20.0
2024-11-19 15:56:15,60.0,0.01,20.0
2024-11-19 15:56:16,60.0,0.01,20.0
2024-11-19 15:56:16,59.625,0.01,20.0
2024-11-19 15:56:17,59.25,0.01,20.0
2024-11-19 15:56:18,59.25,0.01,20.0
2024-11-19 15:56:18,59.25,0.01,20.0
2024-11-19 15:56:19,58.5,0.01,20.0
2024-11-19 15:56:20,58.5,0.01,20.0
2024-11-19 15:56:20,58.5,0.01,20.0
2024-11-19 15:56:21,58.0,0.01,20.0
2024-11-19 15:56:22,58.0,0.01,20.0
2024-11-19 15:56:22,58.0,0.01,20.0
2024-11-19 15:56:23,58.25,0.01,20.0
2024-11-19 15:56:24,58.25,0.01,20.0
2024-11-19 15:56:24,58.25,0.01,20.0
2024-11-19 15:56:25,58.125,0.01,20.0
2024-11-19 15:56:26,58.125,0.01,20.0
2024-11-19 15:56:26,58.125,0.01,20.0
2024-11-19 15:56:27,57.875,0.01,20.0
2024-11-19 15:56:28,57.875,0.01,20.0
2024-11-19 15:56:28,57.875,0.01,20.0
2024-11-19 15:56:29,57.375,0.01,20.0
2024-11-19 15:56:30,57.375,0.01,20.0
2024-11-19 15:56:30,57.375,0.01,20.0
2024-11-19 15:56:31,56.875,0.01,20.0
2024-11-19 15:56:32,56.875,0.01,20.0
2024-11-19 15:56:32,56.875,0.01,20.0
2024-11-19 15:56:33,56.5,0.01,20.0
2024-11-19 15:56:34,56.5,0.01,20.0
2024-11-19 15:56:34,56.5,0.01,20.0
2024-11-19 15:56:35,56.125,0.01,20.0
2024-11-19 15:56:36,56.125,0.01,20.0
2024-11-19 15:56:36,56.0,0.01,20.0
2024-11-19 15:56:37,56.0,0.01,20.0
2024-11-19 15:56:38,56.0,0.01,20.0
2024-11-19 15:56:38,56.0,0.01,20.0
2024-11-19 15:56:39,55.625,0.01,20.0
2024-11-19 15:56:40,55.625,0.01,20.0
2024-11-19 15:56:40,55.625,0.01,20.0
2024-11-19 15:56:41,55.25,0.01,20.0
2024-11-19 15:56:42,55.25,0.01,20.0
2024-11-19 15:56:42,55.25,0.01,20.0
2024-11-19 15:56:43,55.75,0.01,20.0
2024-11-19 15:56:44,55.75,0.01,20.0
2024-11-19 15:56:44,55.625,0.01,20.0
2024-11-19 15:56:46,55.5,0.01,20.0
2024-11-19 15:56:46,55.5,0.01,20.0
2024-11-19 15:56:46,55.25,0.01,20.0
2024-11-19 15:56:47,55.0,0.01,20.0
2024-11-19 15:56:48,55.0,0.01,20.0
2024-11-19 15:56:48,55.0,0.01,20.0
2024-11-19 15:56:49,55.0,0.01,20.0
2024-11-19 15:56:50,55.0,0.01,20.0
2024-11-19 15:56:50,55.25,0.01,20.0
2024-11-19 15:56:52,55.5,0.01,20.0
2024-11-19 15:56:52,55.5,0.01,20.0
2024-11-19 15:56:52,55.375,0.01,20.0
2024-11-19 15:56:53,55.125,0.01,20.0
2024-11-19 15:56:54,55.125,0.01,20.0
2024-11-19 15:56:54,54.875,0.01,20.0
2024-11-19 15:56:55,54.75,0.01,20.0
2024-11-19 15:56:56,54.75,0.01,20.0
2024-11-19 15:56:56,54.5,0.01,20.0
2024-11-19 15:56:57,54.375,0.01,20.0
2024-11-19 15:56:58,54.375,0.01,20.0
2024-11-19 15:56:58,54.125,0.01,20.0
2024-11-19 15:56:59,54.0,0.01,20.0
2024-11-19 15:57:00,54.0,0.01,20.0
2024-11-19 15:57:00,54.0,0.01,20.0
2024-11-19 15:57:01,53.875,0.0,20.0
2024-11-19 15:57:02,53.875,0.0,20.0
2024-11-19 15:57:02,53.875,0.0,20.0
2024-11-19 15:57:03,53.75,0.01,20.0
2024-11-19 15:57:04,53.75,0.01,20.0
2024-11-19 15:57:04,53.75,0.01,20.0
2024-11-19 15:57:05,53.5,0.01,20.0
2024-11-19 15:57:06,53.5,0.01,20.0
2024-11-19 15:57:06,53.5,0.01,20.0
2024-11-19 15:57:07,53.375,0.01,20.0
2024-11-19 15:57:08,53.375,0.01,20.0
2024-11-19 15:57:08,53.375,0.01,20.0
2024-11-19 15:57:09,53.125,0.01,21.0
2024-11-19 15:57:10,53.125,0.01,21.0
2024-11-19 15:57:10,53.125,0.01,21.0
2024-11-19 15:57:11,53.375,0.01,20.0
2024-11-19 15:57:12,53.375,0.01,20.0
2024-11-19 15:57:12,53.375,0.01,20.0
2024-11-19 15:57:13,53.875,0.01,20.0
2024-11-19 15:57:14,53.875,0.01,20.0
2024-11-19 15:57:14,53.875,0.01,20.0
2024-11-19 15:57:15,53.5,0.01,20.0
2024-11-19 15:57:16,53.5,0.01,20.0
2024-11-19 15:57:16,53.5,0.01,20.0
2024-11-19 15:57:17,53.75,0.01,20.0
2024-11-19 15:57:18,53.75,0.01,20.0
2024-11-19 15:57:18,53.75,0.01,20.0
2024-11-19 15:57:20,53.75,0.01,20.0
2024-11-19 15:57:20,53.75,0.01,20.0
2024-11-19 15:57:20,53.75,0.01,20.0
2024-11-19 15:57:21,53.625,0.01,20.0
2024-11-19 15:57:22,53.625,0.01,20.0
2024-11-19 15:57:22,53.625,0.01,20.0
2024-11-19 15:57:23,53.25,0.01,21.0
2024-11-19 15:57:24,53.25,0.01,21.0
2024-11-19 15:57:24,53.25,0.01,21.0
2024-11-19 15:57:25,52.875,0.01,21.0
2024-11-19 15:57:26,52.875,0.01,21.0
2024-11-19 15:57:26,52.875,0.01,21.0
2024-11-19 15:57:27,52.625,0.01,22.0
2024-11-19 15:57:28,52.625,0.01,22.0
2024-11-19 15:57:28,52.625,0.01,22.0
2024-11-19 15:57:29,53.625,0.01,20.0
2024-11-19 15:57:30,53.625,0.01,20.0
2024-11-19 15:57:30,53.625,0.01,20.0
2024-11-19 15:57:31,53.625,0.01,20.0
2024-11-19 15:57:32,53.625,0.01,20.0
2024-11-19 15:57:32,53.625,0.01,20.0
2024-11-19 15:57:33,53.75,0.01,20.0
2024-11-19 15:57:34,53.75,0.01,20.0
2024-11-19 15:57:34,53.75,0.01,20.0
2024-11-19 15:57:35,53.125,0.01,21.0
2024-11-19 15:57:36,53.125,0.01,21.0
2024-11-19 15:57:36,53.125,0.01,21.0
2024-11-19 15:57:37,52.625,0.01,22.0
2024-11-19 15:57:38,52.625,0.01,22.0
2024-11-19 15:57:38,52.625,0.01,22.0
2024-11-19 15:57:39,52.25,0.01,22.0
2024-11-19 15:57:40,52.25,0.01,22.0
2024-11-19 15:57:40,52.25,0.01,22.0
2024-11-19 15:57:41,52.0,0.01,22.0
2024-11-19 15:57:42,52.0,0.01,22.0
2024-11-19 15:57:42,52.0,0.01,22.0
2024-11-19 15:57:43,52.375,0.01,22.0
2024-11-19 15:57:44,52.375,0.01,22.0
2024-11-19 15:57:44,52.375,0.01,22.0
2024-11-19 15:57:45,52.125,0.01,22.0
2024-11-19 15:57:46,52.125,0.01,22.0
2024-11-19 15:57:46,52.125,0.01,22.0
2024-11-19 15:57:47,51.75,0.01,23.0
2024-11-19 15:57:48,51.75,0.01,23.0
2024-11-19 15:57:48,51.75,0.01,23.0
2024-11-19 15:57:49,51.5,0.01,23.0
2024-11-19 15:57:50,51.5,0.01,23.0
2024-11-19 15:57:50,51.5,0.01,23.0
2024-11-19 15:57:51,51.375,0.01,23.0
2024-11-19 15:57:52,51.375,0.01,23.0
2024-11-19 15:57:52,51.375,0.01,23.0
2024-11-19 15:57:53,51.25,0.01,24.0
2024-11-19 15:57:54,51.25,0.01,24.0
2024-11-19 15:57:54,51.25,0.01,24.0
2024-11-19 15:57:55,51.5,0.01,23.0
2024-11-19 15:57:56,51.5,0.01,23.0
2024-11-19 15:57:56,51.5,0.01,23.0
2024-11-19 15:57:57,51.875,0.01,23.0
2024-11-19 15:57:58,51.875,0.01,23.0
2024-11-19 15:57:58,51.875,0.01,23.0
2024-11-19 15:57:59,52.0,0.01,22.0
2024-11-19 15:58:00,52.0,0.01,22.0
2024-11-19 15:58:00,52.0,0.01,22.0
2024-11-19 15:58:01,51.5,0.01,23.0
2024-11-19 15:58:02,51.5,0.01,23.0
2024-11-19 15:58:02,51.5,0.01,23.0
2024-11-19 15:58:03,51.5,0.01,23.0
2024-11-19 15:58:04,51.5,0.01,23.0
2024-11-19 15:58:04,51.5,0.01,23.0
2024-11-19 15:58:05,51.5,0.01,23.0
2024-11-19 15:58:06,51.5,0.01,23.0
2024-11-19 15:58:06,51.5,0.01,23.0
2024-11-19 15:58:07,51.75,0.01,23.0
2024-11-19 15:58:08,51.75,0.01,23.0
2024-11-19 15:58:08,53.0,0.01,21.0
2024-11-19 15:58:09,53.875,0.01,20.0
2024-11-19 15:58:10,53.875,0.01,20.0
2024-11-19 15:58:10,55.0,0.12,20.0
2024-11-19 15:58:11,54.75,0.06,20.0
2024-11-19 15:58:12,54.75,0.06,20.0
2024-11-19 15:58:12,54.75,0.06,20.0
2024-11-19 15:58:13,53.875,0.01,20.0
2024-11-19 15:58:14,53.875,0.01,20.0
2024-11-19 15:58:14,53.875,0.01,20.0
2024-11-19 15:58:15,53.875,0.01,20.0
2024-11-19 15:58:16,53.875,0.01,20.0
2024-11-19 15:58:16,53.875,0.01,20.0
2024-11-19 15:58:18,53.25,0.01,21.0
2024-11-19 15:58:18,53.25,0.01,21.0
2024-11-19 15:58:18,53.25,0.01,21.0
2024-11-19 15:58:19,53.25,0.01,21.0
2024-11-19 15:58:20,53.25,0.01,21.0
2024-11-19 15:58:20,53.25,0.01,21.0
2024-11-19 15:58:21,53.0,0.01,21.0
2024-11-19 15:58:22,53.0,0.01,21.0
2024-11-19 15:58:22,53.0,0.01,21.0
2024-11-19 15:58:23,54.0,0.01,20.0
2024-11-19 15:58:24,54.0,0.01,20.0
2024-11-19 15:58:24,54.0,0.01,20.0
2024-11-19 15:58:25,54.5,0.01,20.0
2024-11-19 15:58:26,54.5,0.01,20.0
2024-11-19 15:58:26,54.5,0.01,20.0
2024-11-19 15:58:27,54.5,0.01,20.0
2024-11-19 15:58:28,54.5,0.01,20.0
2024-11-19 15:58:28,54.5,0.01,20.0
2024-11-19 15:58:29,54.0,0.01,20.0
2024-11-19 15:58:30,54.0,0.01,20.0
2024-11-19 15:58:30,54.0,0.01,20.0
2024-11-19 15:58:31,54.0,0.01,20.0
2024-11-19 15:58:32,54.0,0.01,20.0
2024-11-19 15:58:32,54.0,0.01,20.0
2024-11-19 15:58:34,53.875,0.01,20.0
2024-11-19 15:58:34,53.875,0.01,20.0
2024-11-19 15:58:34,53.875,0.01,20.0
2024-11-19 15:58:35,54.375,0.01,20.0
2024-11-19 15:58:36,54.375,0.01,20.0
2024-11-19 15:58:36,54.375,0.01,20.0
2024-11-19 15:58:38,55.0,0.01,20.0
2024-11-19 15:58:38,55.0,0.01,20.0
2024-11-19 15:58:38,55.75,0.11,20.0
2024-11-19 15:58:39,55.875,0.06,20.0
2024-11-19 15:58:40,55.875,0.06,20.0
2024-11-19 15:58:40,55.875,0.06,20.0
2024-11-19 15:58:41,55.375,0.01,20.0
2024-11-19 15:58:42,55.375,0.01,20.0
2024-11-19 15:58:42,55.375,0.01,20.0
2024-11-19 15:58:43,56.25,0.19,20.0
2024-11-19 15:58:44,56.25,0.19,20.0
2024-11-19 15:58:44,56.25,0.19,20.0
2024-11-19 15:58:45,56.25,0.01,20.0
2024-11-19 15:58:46,56.25,0.01,20.0
2024-11-19 15:58:46,56.25,0.01,20.0
2024-11-19 15:58:47,55.625,0.01,20.0
2024-11-19 15:58:48,55.625,0.01,20.0
2024-11-19 15:58:48,55.625,0.01,20.0
2024-11-19 15:58:49,55.375,0.01,20.0
2024-11-19 15:58:50,55.375,0.01,20.0
2024-11-19 15:58:50,55.375,0.01,20.0
2024-11-19 15:58:51,55.125,0.01,20.0
2024-11-19 15:58:52,55.125,0.01,20.0
2024-11-19 15:58:52,55.125,0.01,20.0
2024-11-19 15:58:53,55.0,0.01,20.0
2024-11-19 15:58:54,55.0,0.01,20.0
2024-11-19 15:58:54,55.0,0.01,20.0
2024-11-19 15:58:55,55.0,0.01,20.0
2024-11-19 15:58:56,55.0,0.01,20.0
2024-11-19 15:58:56,55.25,0.01,20.0
2024-11-19 15:58:57,55.125,0.01,20.0
2024-11-19 15:58:58,55.125,0.01,20.0
2024-11-19 15:58:58,55.125,0.01,20.0
2024-11-19 15:58:59,55.0,0.01,20.0
2024-11-19 15:59:00,55.0,0.01,20.0
2024-11-19 15:59:00,55.0,0.01,20.0
2024-11-19 15:59:01,55.0,0.01,20.0
2024-11-19 15:59:02,55.0,0.01,20.0
2024-11-19 15:59:02,55.0,0.01,20.0
2024-11-19 15:59:03,56.0,0.01,20.0
2024-11-19 15:59:04,56.0,0.01,20.0
2024-11-19 15:59:04,56.0,0.01,20.0
2024-11-19 15:59:05,56.25,0.01,20.0
2024-11-19 15:59:06,56.25,0.01,20.0
2024-11-19 15:59:06,56.25,0.01,20.0
2024-11-19 15:59:07,55.875,0.01,20.0
2024-11-19 15:59:08,55.875,0.01,20.0
2024-11-19 15:59:08,55.875,0.01,20.0
2024-11-19 15:59:09,56.0,0.01,20.0
2024-11-19 15:59:10,56.0,0.01,20.0
2024-11-19 15:59:10,56.0,0.01,20.0
2024-11-19 15:59:11,56.125,0.01,20.0
2024-11-19 15:59:12,56.125,0.01,20.0
2024-11-19 15:59:12,56.125,0.01,20.0
2024-11-19 15:59:13,55.875,0.01,20.0
2024-11-19 15:59:14,55.875,0.01,20.0
2024-11-19 15:59:14,55.875,0.01,20.0
2024-11-19 15:59:15,56.875,0.01,20.0
2024-11-19 15:59:16,56.875,0.01,20.0
2024-11-19 15:59:16,56.875,0.01,20.0
2024-11-19 15:59:17,56.5,0.01,20.0
2024-11-19 15:59:18,56.5,0.01,20.0
2024-11-19 15:59:18,56.5,0.01,20.0
2024-11-19 15:59:19,56.75,0.01,20.0
2024-11-19 15:59:20,56.75,0.01,20.0
2024-11-19 15:59:20,56.75,0.01,20.0
2024-11-19 15:59:21,56.75,0.01,20.0
2024-11-19 15:59:22,56.75,0.01,20.0
2024-11-19 15:59:22,56.75,0.01,20.0
2024-11-19 15:59:24,56.75,0.01,20.0
2024-11-19 15:59:24,56.75,0.01,20.0
2024-11-19 15:59:24,56.75,0.01,20.0
2024-11-19 15:59:25,56.75,0.01,20.0
2024-11-19 15:59:26,56.75,0.01,20.0
2024-11-19 15:59:26,56.75,0.01,20.0
2024-11-19 15:59:28,56.625,0.01,20.0
2024-11-19 15:59:28,56.625,0.01,20.0
2024-11-19 15:59:28,57.625,0.01,20.0
2024-11-19 15:59:30,57.875,0.01,20.0
2024-11-19 15:59:30,57.875,0.01,20.0
2024-11-19 15:59:30,58.25,0.01,20.0
2024-11-19 15:59:31,58.375,0.01,20.0
2024-11-19 15:59:32,58.375,0.01,20.0
2024-11-19 15:59:32,58.375,0.01,20.0
2024-11-19 15:59:33,58.625,0.01,20.0
2024-11-19 15:59:34,58.625,0.01,20.0
2024-11-19 15:59:34,58.625,0.01,20.0
2024-11-19 15:59:36,58.375,0.14,20.0
2024-11-19 15:59:36,58.375,0.14,20.0
2024-11-19 15:59:36,58.375,0.14,20.0
2024-11-19 15:59:37,57.75,0.01,20.0
2024-11-19 15:59:38,57.75,0.01,20.0
2024-11-19 15:59:38,57.75,0.01,20.0
2024-11-19 15:59:39,57.5,0.01,20.0
2024-11-19 15:59:40,57.5,0.01,20.0
2024-11-19 15:59:40,57.5,0.01,20.0
2024-11-19 15:59:41,57.75,0.01,20.0
2024-11-19 15:59:42,57.75,0.01,20.0
2024-11-19 15:59:42,58.375,0.13,20.0
2024-11-19 15:59:43,59.375,0.8,20.0
2024-11-19 15:59:44,59.375,0.8,20.0
2024-11-19 15:59:44,59.375,0.8,20.0
2024-11-19 15:59:45,60.375,0.04,20.0
2024-11-19 15:59:46,60.375,0.04,20.0
2024-11-19 15:59:46,60.375,0.04,20.0
2024-11-19 15:59:47,59.75,0.11,20.0
2024-11-19 15:59:48,59.75,0.11,20.0
2024-11-19 15:59:48,59.75,0.11,20.0
2024-11-19 15:59:49,59.25,0.01,20.0
2024-11-19 15:59:50,59.25,0.01,20.0
2024-11-19 15:59:50,59.25,0.01,20.0
2024-11-19 15:59:51,58.75,0.01,20.0
2024-11-19 15:59:52,58.75,0.01,20.0
2024-11-19 15:59:52,58.75,0.01,20.0
2024-11-19 15:59:53,58.5,0.01,20.0
2024-11-19 15:59:54,58.5,0.01,20.0
2024-11-19 15:59:54,58.5,0.01,20.0
2024-11-19 15:59:55,58.25,0.02,20.0
2024-11-19 15:59:56,58.25,0.02,20.0
2024-11-19 15:59:56,58.25,0.02,20.0
2024-11-19 15:59:57,58.5,0.01,20.0
2024-11-19 15:59:58,58.5,0.01,20.0
2024-11-19 15:59:58,58.5,0.01,20.0
2024-11-19 15:59:59,58.25,0.02,20.0
2024-11-19 16:00:00,58.25,0.02,20.0
2024-11-19 16:00:00,58.25,0.02,20.0
2024-11-19 16:00:01,58.25,0.02,20.0
2024-11-19 16:00:02,58.25,0.02,20.0
2024-11-19 16:00:02,58.25,0.02,20.0
2024-11-19 16:00:03,58.375,0.08,20.0
2024-11-19 16:00:04,58.375,0.08,20.0
2024-11-19 16:00:04,58.375,0.08,20.0
2024-11-19 16:00:05,58.25,0.01,20.0
2024-11-19 16:00:06,58.25,0.01,20.0
2024-11-19 16:00:06,58.25,0.01,20.0
2024-11-19 16:00:07,58.25,0.01,20.0
2024-11-19 16:00:08,58.25,0.01,20.0
2024-11-19 16:00:08,58.25,0.01,20.0
2024-11-19 16:00:09,59.25,0.01,20.0
2024-11-19 16:00:10,59.25,0.01,20.0
2024-11-19 16:00:10,59.25,0.01,20.0
2024-11-19 16:00:11,59.875,0.01,20.0
2024-11-19 16:00:12,59.875,0.01,20.0
2024-11-19 16:00:12,59.875,0.01,20.0
2024-11-19 16:00:13,59.375,0.01,20.0
2024-11-19 16:00:14,59.375,0.01,20.0
2024-11-19 16:00:14,59.375,0.01,20.0
2024-11-19 16:00:15,59.125,0.02,20.0
2024-11-19 16:00:16,59.125,0.02,20.0
2024-11-19 16:00:16,59.125,0.02,20.0
2024-11-19 16:00:17,59.625,0.01,20.0
2024-11-19 16:00:18,59.625,0.01,20.0
2024-11-19 16:00:18,59.625,0.01,20.0
2024-11-19 16:00:20,59.25,0.01,20.0
2024-11-19 16:00:20,59.25,0.01,20.0
2024-11-19 16:00:20,59.25,0.01,20.0
2024-11-19 16:00:21,59.25,0.02,20.0
2024-11-19 16:00:22,59.25,0.02,20.0
2024-11-19 16:00:22,59.25,0.02,20.0
2024-11-19 16:00:23,59.25,0.01,20.0
2024-11-19 16:00:24,59.25,0.01,20.0
2024-11-19 16:00:24,59.25,0.01,20.0
2024-11-19 16:00:25,59.375,0.02,20.0
2024-11-19 16:00:26,59.375,0.02,20.0
2024-11-19 16:00:26,59.375,0.02,20.0
2024-11-19 16:00:27,59.5,0.02,20.0
2024-11-19 16:00:28,59.5,0.02,20.0
2024-11-19 16:00:28,59.5,0.02,20.0
2024-11-19 16:00:29,59.375,0.02,20.0
2024-11-19 16:00:30,59.375,0.02,20.0
2024-11-19 16:00:30,59.375,0.02,20.0
2024-11-19 16:00:31,59.375,0.01,20.0
2024-11-19 16:00:32,59.375,0.01,20.0
2024-11-19 16:00:32,59.375,0.01,20.0
2024-11-19 16:00:34,59.375,0.02,20.0
2024-11-19 16:00:34,59.375,0.02,20.0
2024-11-19 16:00:34,59.375,0.02,20.0
2024-11-19 16:00:35,60.5,0.02,20.0
2024-11-19 16:00:36,60.5,0.02,20.0
2024-11-19 16:00:36,60.5,0.02,20.0
2024-11-19 16:00:37,60.875,0.02,20.0
2024-11-19 16:00:38,60.875,0.02,20.0
2024-11-19 16:00:38,60.875,0.02,20.0
2024-11-19 16:00:39,60.75,0.02,20.0
2024-11-19 16:00:40,60.75,0.02,20.0
2024-11-19 16:00:40,60.75,0.02,20.0
2024-11-19 16:00:42,60.375,0.02,20.0
2024-11-19 16:00:42,60.375,0.02,20.0
2024-11-19 16:00:42,60.375,0.02,20.0
2024-11-19 16:00:43,60.25,0.02,20.0
2024-11-19 16:00:44,60.25,0.02,20.0
2024-11-19 16:00:44,60.25,0.02,20.0
2024-11-19 16:00:45,60.125,0.01,20.0
2024-11-19 16:00:46,60.125,0.01,20.0
2024-11-19 16:00:46,60.125,0.01,20.0
2024-11-19 16:00:47,61.125,0.01,20.0
2024-11-19 16:00:48,61.125,0.01,20.0
2024-11-19 16:00:48,61.125,0.01,20.0
2024-11-19 16:00:50,63.75,1.33,20.0
2024-11-19 16:00:50,63.75,1.33,20.0
2024-11-19 16:00:50,63.75,1.33,20.0
2024-11-19 16:00:52,65.5,0.04,20.0
2024-11-19 16:00:52,65.5,0.04,20.0
2024-11-19 16:00:52,65.5,0.04,20.0
2024-11-19 16:00:53,65.5,0.01,20.0
2024-11-19 16:00:54,65.5,0.01,20.0
2024-11-19 16:00:54,65.5,0.01,20.0
2024-11-19 16:00:55,65.625,0.01,20.0
2024-11-19 16:00:56,65.625,0.01,20.0
2024-11-19 16:00:56,65.625,0.01,20.0
2024-11-19 16:00:57,64.375,0.01,20.0
2024-11-19 16:00:58,64.375,0.01,20.0
2024-11-19 16:00:58,64.375,0.01,20.0
2024-11-19 16:00:59,63.5,0.01,20.0
2024-11-19 16:01:00,63.5,0.01,20.0
2024-11-19 16:01:00,63.5,0.01,20.0
2024-11-19 16:01:01,62.75,0.01,20.0
2024-11-19 16:01:02,62.75,0.01,20.0
2024-11-19 16:01:02,62.75,0.01,20.0
2024-11-19 16:01:03,62.5,0.01,20.0
2024-11-19 16:01:04,62.5,0.01,20.0
2024-11-19 16:01:04,62.5,0.01,20.0
2024-11-19 16:01:05,62.5,0.01,20.0
2024-11-19 16:01:06,62.5,0.01,20.0
2024-11-19 16:01:06,62.5,0.01,20.0
2024-11-19 16:01:07,61.875,0.02,20.0
2024-11-19 16:01:08,61.875,0.02,20.0
2024-11-19 16:01:08,61.875,0.02,20.0
2024-11-19 16:01:09,61.375,0.01,20.0
2024-11-19 16:01:10,61.375,0.01,20.0
2024-11-19 16:01:10,61.375,0.01,20.0
2024-11-19 16:01:11,61.875,0.01,20.0
2024-11-19 16:01:12,61.875,0.01,20.0
2024-11-19 16:01:12,61.875,0.01,20.0
2024-11-19 16:01:14,61.625,0.01,20.0
2024-11-19 16:01:14,61.625,0.01,20.0
2024-11-19 16:01:14,61.625,0.01,20.0
2024-11-19 16:01:15,62.125,0.01,20.0
2024-11-19 16:01:16,62.125,0.01,20.0
2024-11-19 16:01:16,62.125,0.01,20.0
2024-11-19 16:01:17,63.0,0.05,20.0
2024-11-19 16:01:18,63.0,0.05,20.0
2024-11-19 16:01:18,63.0,0.05,20.0
2024-11-19 16:01:19,62.25,0.01,20.0
2024-11-19 16:01:20,62.25,0.01,20.0
2024-11-19 16:01:20,62.25,0.01,20.0
2024-11-19 16:01:21,62.0,0.01,20.0
2024-11-19 16:01:22,62.0,0.01,20.0
2024-11-19 16:01:22,62.0,0.01,20.0
2024-11-19 16:01:23,61.625,0.01,20.0
2024-11-19 16:01:24,61.625,0.01,20.0
2024-11-19 16:01:24,61.625,0.01,20.0
2024-11-19 16:01:26,62.0,0.01,20.0
2024-11-19 16:01:26,62.0,0.01,20.0
2024-11-19 16:01:26,62.0,0.01,20.0
2024-11-19 16:01:27,61.625,0.01,20.0
2024-11-19 16:01:28,61.625,0.01,20.0
2024-11-19 16:01:28,61.625,0.01,20.0
2024-11-19 16:01:29,62.375,0.33,20.0
2024-11-19 16:01:30,62.375,0.33,20.0
2024-11-19 16:01:30,62.375,0.33,20.0
2024-11-19 16:01:31,62.125,0.01,20.0
2024-11-19 16:01:32,62.125,0.01,20.0
2024-11-19 16:01:32,62.125,0.01,20.0
2024-11-19 16:01:33,61.875,0.01,20.0
2024-11-19 16:01:34,61.875,0.01,20.0
2024-11-19 16:01:34,61.875,0.01,20.0
2024-11-19 16:01:35,61.5,0.01,20.0
2024-11-19 16:01:36,61.5,0.01,20.0
2024-11-19 16:01:36,61.5,0.01,20.0
2024-11-19 16:01:37,61.375,0.01,20.0
2024-11-19 16:01:38,61.375,0.01,20.0
2024-11-19 16:01:38,61.375,0.01,20.0
2024-11-19 16:01:39,61.125,0.01,20.0
2024-11-19 16:01:40,61.125,0.01,20.0
2024-11-19 16:01:40,61.125,0.01,20.0
2024-11-19 16:01:41,61.5,0.41,20.0
2024-11-19 16:01:42,61.5,0.41,20.0
2024-11-19 16:01:42,61.5,0.41,20.0
2024-11-19 16:01:43,61.25,0.01,20.0
2024-11-19 16:01:44,61.25,0.01,20.0
2024-11-19 16:01:44,61.25,0.01,20.0
2024-11-19 16:01:45,60.875,0.01,20.0
2024-11-19 16:01:46,60.875,0.01,20.0
2024-11-19 16:01:46,60.875,0.01,20.0
2024-11-19 16:01:47,60.625,0.01,20.0
2024-11-19 16:01:48,60.625,0.01,20.0
2024-11-19 16:01:48,60.625,0.01,20.0
2024-11-19 16:01:49,60.125,0.01,20.0
2024-11-19 16:01:50,60.125,0.01,20.0
2024-11-19 16:01:50,60.125,0.01,20.0
2024-11-19 16:01:51,59.375,0.01,20.0
2024-11-19 16:01:52,59.375,0.01,20.0
2024-11-19 16:01:52,59.375,0.01,20.0
2024-11-19 16:01:53,58.875,0.01,20.0
2024-11-19 16:01:54,58.875,0.01,20.0
2024-11-19 16:01:54,58.875,0.01,20.0
2024-11-19 16:01:55,59.375,0.01,20.0
2024-11-19 16:01:56,59.375,0.01,20.0
2024-11-19 16:01:56,59.375,0.01,20.0
2024-11-19 16:01:58,59.625,0.13,20.0
2024-11-19 16:01:58,59.625,0.13,20.0
2024-11-19 16:01:58,59.625,0.13,20.0
2024-11-19 16:01:59,59.125,0.01,20.0
2024-11-19 16:02:00,59.125,0.01,20.0
2024-11-19 16:02:00,59.125,0.01,20.0
2024-11-19 16:02:01,58.5,0.01,20.0
2024-11-19 16:02:02,58.5,0.01,20.0
2024-11-19 16:02:02,58.5,0.01,20.0
2024-11-19 16:02:03,57.875,0.01,20.0
2024-11-19 16:02:04,57.875,0.01,20.0
2024-11-19 16:02:04,57.875,0.01,20.0
2024-11-19 16:02:05,57.5,0.01,20.0
2024-11-19 16:02:06,57.5,0.01,20.0
2024-11-19 16:02:06,57.5,0.01,20.0
2024-11-19 16:02:07,57.125,0.01,20.0
2024-11-19 16:02:08,57.125,0.01,20.0
2024-11-19 16:02:08,57.125,0.01,20.0
2024-11-19 16:02:09,56.75,0.0,20.0
2024-11-19 16:02:10,56.75,0.0,20.0
2024-11-19 16:02:10,56.75,0.0,20.0
2024-11-19 16:02:11,56.875,0.01,20.0
2024-11-19 16:02:12,56.875,0.01,20.0
2024-11-19 16:02:12,56.875,0.01,20.0
2024-11-19 16:02:13,56.5,0.01,20.0
2024-11-19 16:02:14,56.5,0.01,20.0
2024-11-19 16:02:14,56.5,0.01,20.0
2024-11-19 16:02:15,56.375,0.01,20.0
2024-11-19 16:02:16,56.375,0.01,20.0
2024-11-19 16:02:16,56.375,0.01,20.0
2024-11-19 16:02:17,56.0,0.01,20.0
2024-11-19 16:02:18,56.0,0.01,20.0
2024-11-19 16:02:18,56.0,0.01,20.0
2024-11-19 16:02:19,56.25,0.01,20.0
2024-11-19 16:02:20,56.25,0.01,20.0
2024-11-19 16:02:20,56.25,0.01,20.0
2024-11-19 16:02:21,56.25,0.01,20.0
2024-11-19 16:02:22,56.25,0.01,20.0
2024-11-19 16:02:22,56.25,0.01,20.0
2024-11-19 16:02:23,56.125,0.01,20.0
2024-11-19 16:02:24,56.125,0.01,20.0
2024-11-19 16:02:24,56.125,0.01,20.0
2024-11-19 16:02:26,55.625,0.01,20.0
2024-11-19 16:02:26,55.625,0.01,20.0
2024-11-19 16:02:26,55.625,0.01,20.0
2024-11-19 16:02:27,55.75,0.01,20.0
2024-11-19 16:02:28,55.75,0.01,20.0
2024-11-19 16:02:28,55.75,0.01,20.0
2024-11-19 16:02:29,55.375,0.01,20.0
2024-11-19 16:02:30,55.375,0.01,20.0
2024-11-19 16:02:30,55.375,0.01,20.0
2024-11-19 16:02:31,55.0,0.01,20.0
2024-11-19 16:02:32,55.0,0.01,20.0
2024-11-19 16:02:32,55.0,0.01,20.0
2024-11-19 16:02:33,54.5,0.01,20.0
2024-11-19 16:02:34,54.5,0.01,20.0
2024-11-19 16:02:34,54.5,0.01,20.0
2024-11-19 16:02:35,54.25,0.01,20.0
2024-11-19 16:02:36,54.25,0.01,20.0
2024-11-19 16:02:36,54.25,0.01,20.0
2024-11-19 16:02:37,54.0,0.01,20.0
2024-11-19 16:02:38,54.0,0.01,20.0
2024-11-19 16:02:38,54.0,0.01,20.0
2024-11-19 16:02:39,54.125,0.01,20.0
2024-11-19 16:02:40,54.125,0.01,20.0
2024-11-19 16:02:40,54.125,0.01,20.0
2024-11-19 16:02:41,53.875,0.01,20.0
2024-11-19 16:02:42,53.875,0.01,20.0
2024-11-19 16:02:42,53.875,0.01,20.0
2024-11-19 16:02:43,53.625,0.01,20.0
2024-11-19 16:02:44,53.625,0.01,20.0
2024-11-19 16:02:44,53.625,0.01,20.0
2024-11-19 16:02:45,54.0,0.01,20.0
2024-11-19 16:02:46,54.0,0.01,20.0
2024-11-19 16:02:46,54.0,0.01,20.0
2024-11-19 16:02:47,54.625,0.01,20.0
2024-11-19 16:02:48,54.625,0.01,20.0
2024-11-19 16:02:48,54.625,0.01,20.0
2024-11-19 16:02:49,55.0,0.01,20.0
2024-11-19 16:02:50,55.0,0.01,20.0
2024-11-19 16:02:50,55.0,0.01,20.0
2024-11-19 16:02:51,54.375,0.01,20.0
2024-11-19 16:02:52,54.375,0.01,20.0
2024-11-19 16:02:52,54.375,0.01,20.0
2024-11-19 16:02:53,54.0,0.01,20.0
2024-11-19 16:02:54,54.0,0.01,20.0
2024-11-19 16:02:54,54.0,0.01,20.0
2024-11-19 16:02:55,53.75,0.01,20.0
2024-11-19 16:02:56,53.75,0.01,20.0
2024-11-19 16:02:56,53.75,0.01,20.0
2024-11-19 16:02:57,53.375,0.01,20.0
2024-11-19 16:02:58,53.375,0.01,20.0
2024-11-19 16:02:58,53.375,0.01,20.0
2024-11-19 16:03:00,53.125,0.01,21.0
2024-11-19 16:03:00,53.125,0.01,21.0
2024-11-19 16:03:00,53.125,0.01,21.0
2024-11-19 16:03:01,53.625,0.01,20.0
2024-11-19 16:03:02,53.625,0.01,20.0
2024-11-19 16:03:02,53.625,0.01,20.0
2024-11-19 16:03:03,53.625,0.01,20.0
2024-11-19 16:03:04,53.625,0.01,20.0
2024-11-19 16:03:04,53.625,0.01,20.0
2024-11-19 16:03:05,53.375,0.01,20.0
2024-11-19 16:03:06,53.375,0.01,20.0
2024-11-19 16:03:06,53.375,0.01,20.0
2024-11-19 16:03:08,53.0,0.01,21.0
2024-11-19 16:03:08,53.0,0.01,21.0
2024-11-19 16:03:08,53.0,0.01,21.0
2024-11-19 16:03:10,54.5,0.03,20.0
2024-11-19 16:03:10,54.5,0.03,20.0
2024-11-19 16:03:10,54.5,0.03,20.0
2024-11-19 16:03:11,54.875,0.0,20.0
2024-11-19 16:03:12,54.875,0.0,20.0
2024-11-19 16:03:12,54.875,0.0,20.0
2024-11-19 16:03:13,53.875,0.01,20.0
2024-11-19 16:03:14,53.875,0.01,20.0
2024-11-19 16:03:14,53.875,0.01,20.0
2024-11-19 16:03:15,53.125,0.01,21.0
2024-11-19 16:03:16,53.125,0.01,21.0
2024-11-19 16:03:16,53.125,0.01,21.0
2024-11-19 16:03:17,52.625,0.01,22.0
2024-11-19 16:03:18,52.625,0.01,22.0
2024-11-19 16:03:18,52.625,0.01,22.0
2024-11-19 16:03:19,52.875,0.01,21.0
2024-11-19 16:03:20,52.875,0.01,21.0
2024-11-19 16:03:20,52.875,0.01,21.0
2024-11-19 16:03:21,52.625,0.01,22.0
2024-11-19 16:03:22,52.625,0.01,22.0
2024-11-19 16:03:22,52.625,0.01,22.0
2024-11-19 16:03:23,52.125,0.01,22.0
2024-11-19 16:03:24,52.125,0.01,22.0
2024-11-19 16:03:24,52.125,0.01,22.0
2024-11-19 16:03:25,51.875,0.01,23.0
2024-11-19 16:03:26,51.875,0.01,23.0
2024-11-19 16:03:26,51.875,0.01,23.0
2024-11-19 16:03:27,52.125,0.01,22.0
2024-11-19 16:03:28,52.125,0.01,22.0
2024-11-19 16:03:28,52.125,0.01,22.0
2024-11-19 16:03:30,52.625,0.08,22.0
2024-11-19 16:03:30,52.625,0.08,22.0
2024-11-19 16:03:30,52.625,0.08,22.0
2024-11-19 16:03:31,52.0,0.01,22.0
2024-11-19 16:03:32,52.0,0.01,22.0
2024-11-19 16:03:32,52.0,0.01,22.0
2024-11-19 16:03:33,52.0,0.01,22.0
2024-11-19 16:03:34,52.0,0.01,22.0
2024-11-19 16:03:34,52.0,0.01,22.0
2024-11-19 16:03:35,51.75,0.01,23.0
2024-11-19 16:03:36,51.75,0.01,23.0
2024-11-19 16:03:36,51.75,0.01,23.0
2024-11-19 16:03:37,51.375,0.01,23.0
2024-11-19 16:03:38,51.375,0.01,23.0
2024-11-19 16:03:38,51.375,0.01,23.0
2024-11-19 16:03:39,51.625,0.04,23.0
2024-11-19 16:03:40,51.625,0.04,23.0
2024-11-19 16:03:40,51.625,0.04,23.0
2024-11-19 16:03:41,51.5,0.01,23.0
2024-11-19 16:03:42,51.5,0.01,23.0
2024-11-19 16:03:42,51.5,0.01,23.0
2024-11-19 16:03:43,51.5,0.01,23.0
2024-11-19 16:03:44,51.5,0.01,23.0
2024-11-19 16:03:44,51.5,0.01,23.0
2024-11-19 16:03:45,52.0,0.01,22.0
2024-11-19 16:03:46,52.0,0.01,22.0
2024-11-19 16:03:46,52.0,0.01,22.0
2024-11-19 16:03:47,51.875,0.01,23.0
2024-11-19 16:03:48,51.875,0.01,23.0
2024-11-19 16:03:48,51.875,0.01,23.0
2024-11-19 16:03:49,52.625,0.01,22.0
2024-11-19 16:03:50,52.625,0.01,22.0
2024-11-19 16:03:50,52.625,0.01,22.0
2024-11-19 16:03:52,53.25,0.01,21.0
2024-11-19 16:03:52,53.25,0.01,21.0
2024-11-19 16:03:52,53.25,0.01,21.0
2024-11-19 16:03:53,53.625,0.01,20.0
2024-11-19 16:03:54,53.625,0.01,20.0
2024-11-19 16:03:54,53.625,0.01,20.0
2024-11-19 16:03:55,54.125,0.01,20.0
2024-11-19 16:03:56,54.125,0.01,20.0
2024-11-19 16:03:56,54.125,0.01,20.0
2024-11-19 16:03:57,53.625,0.01,20.0
2024-11-19 16:03:58,53.625,0.01,20.0
2024-11-19 16:03:58,53.625,0.01,20.0
2024-11-19 16:03:59,53.375,0.01,20.0
2024-11-19 16:04:00,53.375,0.01,20.0
2024-11-19 16:04:00,53.375,0.01,20.0
2024-11-19 16:04:01,53.25,0.01,21.0
2024-11-19 16:04:02,53.25,0.01,21.0
2024-11-19 16:04:02,53.25,0.01,21.0
2024-11-19 16:04:03,53.125,0.01,21.0
2024-11-19 16:04:04,53.125,0.01,21.0
2024-11-19 16:04:04,53.125,0.01,21.0
2024-11-19 16:04:06,53.5,0.01,20.0
2024-11-19 16:04:06,53.5,0.01,20.0
2024-11-19 16:04:06,53.5,0.01,20.0
2024-11-19 16:04:07,54.375,0.01,20.0
2024-11-19 16:04:08,54.375,0.01,20.0
2024-11-19 16:04:08,54.375,0.01,20.0
2024-11-19 16:04:09,54.875,0.01,20.0
2024-11-19 16:04:10,54.875,0.01,20.0
2024-11-19 16:04:10,54.875,0.01,20.0
2024-11-19 16:04:11,55.0,0.01,20.0
2024-11-19 16:04:12,55.0,0.01,20.0
2024-11-19 16:04:12,55.0,0.01,20.0
2024-11-19 16:04:13,54.5,0.01,20.0
2024-11-19 16:04:14,54.5,0.01,20.0
2024-11-19 16:04:14,54.5,0.01,20.0
2024-11-19 16:04:15,54.25,0.01,20.0
2024-11-19 16:04:16,54.25,0.01,20.0
2024-11-19 16:04:16,54.25,0.01,20.0
2024-11-19 16:04:17,54.25,0.01,20.0
2024-11-19 16:04:18,54.25,0.01,20.0
2024-11-19 16:04:18,54.25,0.01,20.0
2024-11-19 16:04:19,54.25,0.01,20.0
2024-11-19 16:04:20,54.25,0.01,20.0
2024-11-19 16:04:20,54.25,0.01,20.0
2024-11-19 16:04:21,54.625,0.01,20.0
2024-11-19 16:04:22,54.625,0.01,20.0
2024-11-19 16:04:22,54.625,0.01,20.0
2024-11-19 16:04:23,55.0,0.01,20.0
2024-11-19 16:04:24,55.0,0.01,20.0
2024-11-19 16:04:24,55.0,0.01,20.0
2024-11-19 16:04:25,54.75,0.01,20.0
2024-11-19 16:04:26,54.75,0.01,20.0
2024-11-19 16:04:26,54.75,0.01,20.0
2024-11-19 16:04:27,54.625,0.01,20.0
2024-11-19 16:04:28,54.625,0.01,20.0
2024-11-19 16:04:28,54.625,0.01,20.0
2024-11-19 16:04:29,54.625,0.01,20.0
2024-11-19 16:04:30,54.625,0.01,20.0
2024-11-19 16:04:30,54.625,0.01,20.0
2024-11-19 16:04:31,55.25,0.01,20.0
2024-11-19 16:04:32,55.25,0.01,20.0
2024-11-19 16:04:32,55.25,0.01,20.0
2024-11-19 16:04:34,55.625,0.01,20.0
2024-11-19 16:04:34,55.625,0.01,20.0
2024-11-19 16:04:34,55.625,0.01,20.0
2024-11-19 16:04:36,56.125,0.01,20.0
2024-11-19 16:04:36,56.125,0.01,20.0
2024-11-19 16:04:36,56.125,0.01,20.0
2024-11-19 16:04:37,55.75,0.01,20.0
2024-11-19 16:04:38,55.75,0.01,20.0
2024-11-19 16:04:38,55.75,0.01,20.0
2024-11-19 16:04:39,55.5,0.01,20.0
2024-11-19 16:04:40,55.5,0.01,20.0
2024-11-19 16:04:40,55.5,0.01,20.0
2024-11-19 16:04:42,55.5,0.01,20.0
2024-11-19 16:04:42,55.5,0.01,20.0
2024-11-19 16:04:42,55.5,0.01,20.0
2024-11-19 16:04:43,55.75,0.01,20.0
2024-11-19 16:04:44,55.75,0.01,20.0
2024-11-19 16:04:44,55.75,0.01,20.0
2024-11-19 16:04:45,56.125,0.01,20.0
2024-11-19 16:04:46,56.125,0.01,20.0
2024-11-19 16:04:46,56.125,0.01,20.0
2024-11-19 16:04:47,56.25,0.01,20.0
2024-11-19 16:04:48,56.25,0.01,20.0
2024-11-19 16:04:48,56.25,0.01,20.0
2024-11-19 16:04:49,56.5,0.15,20.0
2024-11-19 16:04:50,56.5,0.15,20.0
2024-11-19 16:04:50,56.5,0.15,20.0
2024-11-19 16:04:51,56.875,0.01,20.0
2024-11-19 16:04:52,56.875,0.01,20.0
2024-11-19 16:04:52,56.875,0.01,20.0
2024-11-19 16:04:53,56.5,0.01,20.0
2024-11-19 16:04:54,56.5,0.01,20.0
2024-11-19 16:04:54,56.5,0.01,20.0
2024-11-19 16:04:55,56.25,0.01,20.0
2024-11-19 16:04:56,56.25,0.01,20.0
2024-11-19 16:04:56,56.25,0.01,20.0
2024-11-19 16:04:57,57.0,0.01,20.0
2024-11-19 16:04:58,57.0,0.01,20.0
2024-11-19 16:04:58,57.0,0.01,20.0
2024-11-19 16:04:59,57.75,0.01,20.0
2024-11-19 16:05:00,57.75,0.01,20.0
2024-11-19 16:05:00,57.75,0.01,20.0
2024-11-19 16:05:01,57.875,0.01,20.0
2024-11-19 16:05:02,57.875,0.01,20.0
2024-11-19 16:05:02,57.875,0.01,20.0
2024-11-19 16:05:03,57.375,0.01,20.0
2024-11-19 16:05:04,57.375,0.01,20.0
2024-11-19 16:05:04,57.375,0.01,20.0
2024-11-19 16:05:05,57.125,0.01,20.0
2024-11-19 16:05:06,57.125,0.01,20.0
2024-11-19 16:05:06,57.125,0.01,20.0
2024-11-19 16:05:07,56.875,0.01,20.0
2024-11-19 16:05:08,56.875,0.01,20.0
2024-11-19 16:05:08,56.875,0.01,20.0
2024-11-19 16:05:09,56.875,0.01,20.0
2024-11-19 16:05:10,56.875,0.01,20.0
2024-11-19 16:05:10,56.875,0.01,20.0
2024-11-19 16:05:11,57.5,0.01,20.0
2024-11-19 16:05:12,57.5,0.01,20.0
2024-11-19 16:05:12,57.5,0.01,20.0
2024-11-19 16:05:13,58.375,0.01,20.0
2024-11-19 16:05:14,58.375,0.01,20.0
2024-11-19 16:05:14,58.375,0.01,20.0
2024-11-19 16:05:15,58.875,0.01,20.0
2024-11-19 16:05:16,58.875,0.01,20.0
2024-11-19 16:05:16,58.875,0.01,20.0
2024-11-19 16:05:17,58.375,0.01,20.0
2024-11-19 16:05:18,58.375,0.01,20.0
2024-11-19 16:05:18,58.375,0.01,20.0
2024-11-19 16:05:19,58.0,0.02,20.0
2024-11-19 16:05:20,58.0,0.02,20.0
2024-11-19 16:05:20,58.0,0.02,20.0
2024-11-19 16:05:21,58.5,0.01,20.0
2024-11-19 16:05:22,58.5,0.01,20.0
2024-11-19 16:05:22,58.5,0.01,20.0
2024-11-19 16:05:23,58.125,0.01,20.0
2024-11-19 16:05:24,58.125,0.01,20.0
2024-11-19 16:05:24,58.125,0.01,20.0
2024-11-19 16:05:25,58.125,0.01,20.0
2024-11-19 16:05:26,58.125,0.01,20.0
2024-11-19 16:05:26,58.125,0.01,20.0
2024-11-19 16:05:27,57.875,0.01,20.0
2024-11-19 16:05:28,57.875,0.01,20.0
2024-11-19 16:05:28,57.875,0.01,20.0
2024-11-19 16:05:29,57.625,0.01,20.0
2024-11-19 16:05:30,57.625,0.01,20.0
2024-11-19 16:05:30,57.625,0.01,20.0
2024-11-19 16:05:31,57.75,0.01,20.0
2024-11-19 16:05:32,57.75,0.01,20.0
2024-11-19 16:05:32,57.75,0.01,20.0
2024-11-19 16:05:33,57.625,0.01,20.0
2024-11-19 16:05:34,57.625,0.01,20.0
2024-11-19 16:05:34,57.625,0.01,20.0
2024-11-19 16:05:35,57.875,0.01,20.0
2024-11-19 16:05:36,57.875,0.01,20.0
2024-11-19 16:05:36,57.875,0.01,20.0
2024-11-19 16:05:37,58.125,0.01,20.0
2024-11-19 16:05:38,58.125,0.01,20.0
2024-11-19 16:05:38,58.125,0.01,20.0
2024-11-19 16:05:39,59.0,0.01,20.0
2024-11-19 16:05:40,59.0,0.01,20.0
2024-11-19 16:05:40,59.0,0.01,20.0
2024-11-19 16:05:41,59.0,0.01,20.0
2024-11-19 16:05:42,59.0,0.01,20.0
2024-11-19 16:05:42,59.0,0.01,20.0
2024-11-19 16:05:43,59.0,0.12,20.0
2024-11-19 16:05:44,59.0,0.12,20.0
2024-11-19 16:05:44,59.0,0.12,20.0
2024-11-19 16:05:45,58.875,0.01,20.0
2024-11-19 16:05:46,58.875,0.01,20.0
2024-11-19 16:05:46,58.875,0.01,20.0
2024-11-19 16:05:47,58.75,0.01,20.0
2024-11-19 16:05:48,58.75,0.01,20.0
2024-11-19 16:05:48,58.75,0.01,20.0
2024-11-19 16:05:49,62.375,0.28,20.0
2024-11-19 16:05:50,62.375,0.28,20.0
2024-11-19 16:05:50,62.375,0.28,20.0
2024-11-19 16:05:51,63.375,0.22,20.0
2024-11-19 16:05:52,63.375,0.22,20.0
2024-11-19 16:05:52,63.375,0.22,20.0
2024-11-19 16:05:53,62.5,0.01,20.0
2024-11-19 16:05:54,62.5,0.01,20.0
2024-11-19 16:05:54,62.5,0.01,20.0
2024-11-19 16:05:55,61.5,0.01,20.0
2024-11-19 16:05:56,61.5,0.01,20.0
2024-11-19 16:05:56,61.5,0.01,20.0
2024-11-19 16:05:57,60.625,0.01,20.0
2024-11-19 16:05:58,60.625,0.01,20.0
2024-11-19 16:05:58,60.625,0.01,20.0
2024-11-19 16:05:59,60.625,0.21,20.0
2024-11-19 16:06:00,60.625,0.21,20.0
2024-11-19 16:06:00,60.625,0.21,20.0
2024-11-19 16:06:01,60.25,0.01,20.0
2024-11-19 16:06:02,60.25,0.01,20.0
2024-11-19 16:06:02,60.25,0.01,20.0
2024-11-19 16:06:03,60.625,0.01,20.0
2024-11-19 16:06:04,60.625,0.01,20.0
2024-11-19 16:06:04,60.625,0.01,20.0
2024-11-19 16:06:05,61.0,0.01,20.0
2024-11-19 16:06:06,61.0,0.01,20.0
2024-11-19 16:06:06,61.0,0.01,20.0
2024-11-19 16:06:07,60.875,0.01,20.0
2024-11-19 16:06:08,60.875,0.01,20.0
2024-11-19 16:06:08,60.875,0.01,20.0
2024-11-19 16:06:09,60.375,0.01,20.0
2024-11-19 16:06:10,60.375,0.01,20.0
2024-11-19 16:06:10,60.375,0.01,20.0
2024-11-19 16:06:11,61.125,0.04,20.0
2024-11-19 16:06:12,61.125,0.04,20.0
2024-11-19 16:06:12,61.125,0.04,20.0
2024-11-19 16:06:13,60.875,0.01,20.0
2024-11-19 16:06:14,60.875,0.01,20.0
2024-11-19 16:06:14,60.875,0.01,20.0
2024-11-19 16:06:15,60.5,0.01,20.0
2024-11-19 16:06:16,60.5,0.01,20.0
2024-11-19 16:06:16,60.5,0.01,20.0
2024-11-19 16:06:17,60.5,0.01,20.0
2024-11-19 16:06:18,60.5,0.01,20.0
2024-11-19 16:06:18,60.5,0.01,20.0
2024-11-19 16:06:20,61.5,0.03,20.0
2024-11-19 16:06:20,61.5,0.03,20.0
2024-11-19 16:06:20,61.5,0.03,20.0
2024-11-19 16:06:21,62.5,0.01,20.0
2024-11-19 16:06:22,62.5,0.01,20.0
2024-11-19 16:06:22,62.5,0.01,20.0
2024-11-19 16:06:23,62.25,0.01,20.0
2024-11-19 16:06:24,62.25,0.01,20.0
2024-11-19 16:06:24,62.25,0.01,20.0
2024-11-19 16:06:25,61.75,0.01,20.0
2024-11-19 16:06:26,61.75,0.01,20.0
2024-11-19 16:06:26,61.75,0.01,20.0
2024-11-19 16:06:28,61.25,0.01,20.0
2024-11-19 16:06:28,61.25,0.01,20.0
2024-11-19 16:06:28,61.25,0.01,20.0
2024-11-19 16:06:29,61.0,0.01,20.0
2024-11-19 16:06:30,61.0,0.01,20.0
2024-11-19 16:06:30,61.0,0.01,20.0
2024-11-19 16:06:31,60.75,0.01,20.0
2024-11-19 16:06:32,60.75,0.01,20.0
2024-11-19 16:06:32,60.75,0.01,20.0
2024-11-19 16:06:33,60.5,0.01,20.0
2024-11-19 16:06:34,60.5,0.01,20.0
2024-11-19 16:06:34,60.5,0.01,20.0
2024-11-19 16:06:35,60.75,0.01,20.0
2024-11-19 16:06:36,60.75,0.01,20.0
2024-11-19 16:06:36,60.75,0.01,20.0
2024-11-19 16:06:37,61.0,0.01,20.0
2024-11-19 16:06:38,61.0,0.01,20.0
2024-11-19 16:06:38,61.0,0.01,20.0
2024-11-19 16:06:39,60.875,0.01,20.0
2024-11-19 16:06:40,60.875,0.01,20.0
2024-11-19 16:06:40,60.875,0.01,20.0
2024-11-19 16:06:41,60.75,0.01,20.0
2024-11-19 16:06:42,60.75,0.01,20.0
2024-11-19 16:06:42,60.75,0.01,20.0
2024-11-19 16:06:43,60.75,0.01,20.0
2024-11-19 16:06:44,60.75,0.01,20.0
2024-11-19 16:06:44,60.75,0.01,20.0
2024-11-19 16:06:45,61.5,0.01,20.0
2024-11-19 16:06:46,61.5,0.01,20.0
2024-11-19 16:06:46,61.5,0.01,20.0
2024-11-19 16:06:47,61.875,0.01,20.0
2024-11-19 16:06:48,61.875,0.01,20.0
2024-11-19 16:06:48,61.875,0.01,20.0
2024-11-19 16:06:49,65.875,0.91,20.0
2024-11-19 16:06:50,65.875,0.91,20.0
2024-11-19 16:06:50,65.875,0.91,20.0
2024-11-19 16:06:51,64.875,0.02,20.0
2024-11-19 16:06:52,64.875,0.02,20.0
2024-11-19 16:06:52,64.875,0.02,20.0
2024-11-19 16:06:53,64.25,0.01,20.0
2024-11-19 16:06:54,64.25,0.01,20.0
2024-11-19 16:06:54,64.25,0.01,20.0
2024-11-19 16:06:55,64.25,0.01,20.0
2024-11-19 16:06:56,64.25,0.01,20.0
2024-11-19 16:06:56,64.25,0.01,20.0
2024-11-19 16:06:57,63.375,0.01,20.0
2024-11-19 16:06:58,63.375,0.01,20.0
2024-11-19 16:06:58,63.375,0.01,20.0
2024-11-19 16:06:59,62.875,0.01,20.0
2024-11-19 16:07:00,62.875,0.01,20.0
2024-11-19 16:07:00,62.875,0.01,20.0
2024-11-19 16:07:01,63.0,0.01,20.0
2024-11-19 16:07:02,63.0,0.01,20.0
2024-11-19 16:07:02,63.0,0.01,20.0
2024-11-19 16:07:03,62.5,0.01,20.0
2024-11-19 16:07:04,62.5,0.01,20.0
2024-11-19 16:07:04,62.5,0.01,20.0
2024-11-19 16:07:05,62.125,0.01,20.0
2024-11-19 16:07:06,62.125,0.01,20.0
2024-11-19 16:07:06,62.125,0.01,20.0
2024-11-19 16:07:07,62.125,0.01,20.0
2024-11-19 16:07:08,62.125,0.01,20.0
2024-11-19 16:07:08,62.125,0.01,20.0
2024-11-19 16:07:09,62.75,0.14,20.0
2024-11-19 16:07:10,62.75,0.14,20.0
2024-11-19 16:07:10,62.75,0.14,20.0
2024-11-19 16:07:11,63.25,0.01,20.0
2024-11-19 16:07:12,63.25,0.01,20.0
2024-11-19 16:07:12,63.25,0.01,20.0
2024-11-19 16:07:13,62.875,0.01,20.0
2024-11-19 16:07:14,62.875,0.01,20.0
2024-11-19 16:07:14,62.875,0.01,20.0
2024-11-19 16:07:15,62.25,0.01,20.0
2024-11-19 16:07:16,62.25,0.01,20.0
2024-11-19 16:07:16,62.25,0.01,20.0
2024-11-19 16:07:17,61.625,0.01,20.0
2024-11-19 16:07:18,61.625,0.01,20.0
2024-11-19 16:07:18,61.625,0.01,20.0
2024-11-19 16:07:19,61.25,0.01,20.0
2024-11-19 16:07:20,61.25,0.01,20.0
2024-11-19 16:07:20,61.25,0.01,20.0
2024-11-19 16:07:21,60.75,0.01,20.0
2024-11-19 16:07:22,60.75,0.01,20.0
2024-11-19 16:07:22,60.75,0.01,20.0
2024-11-19 16:07:23,61.125,0.01,20.0
2024-11-19 16:07:24,61.125,0.01,20.0
2024-11-19 16:07:24,61.125,0.01,20.0
2024-11-19 16:07:26,61.125,0.01,20.0
2024-11-19 16:07:26,61.125,0.01,20.0
2024-11-19 16:07:26,61.125,0.01,20.0
2024-11-19 16:07:27,60.75,0.01,20.0
2024-11-19 16:07:28,60.75,0.01,20.0
2024-11-19 16:07:28,60.75,0.01,20.0
2024-11-19 16:07:29,60.25,0.01,20.0
2024-11-19 16:07:30,60.25,0.01,20.0
2024-11-19 16:07:30,60.25,0.01,20.0
2024-11-19 16:07:31,59.75,0.01,20.0
2024-11-19 16:07:32,59.75,0.01,20.0
2024-11-19 16:07:32,59.75,0.01,20.0
2024-11-19 16:07:33,59.0,0.01,20.0
2024-11-19 16:07:34,59.0,0.01,20.0
2024-11-19 16:07:34,59.0,0.01,20.0
2024-11-19 16:07:35,58.5,0.01,20.0
2024-11-19 16:07:36,58.5,0.01,20.0
2024-11-19 16:07:36,58.5,0.01,20.0
2024-11-19 16:07:37,58.0,0.01,20.0
2024-11-19 16:07:38,58.0,0.01,20.0
2024-11-19 16:07:38,58.0,0.01,20.0
2024-11-19 16:07:39,57.625,0.01,20.0
2024-11-19 16:07:40,57.625,0.01,20.0
2024-11-19 16:07:40,57.625,0.01,20.0
2024-11-19 16:07:41,57.375,0.01,20.0
2024-11-19 16:07:42,57.375,0.01,20.0
2024-11-19 16:07:42,57.375,0.01,20.0
2024-11-19 16:07:43,57.25,0.01,20.0
2024-11-19 16:07:44,57.25,0.01,20.0
2024-11-19 16:07:44,57.25,0.01,20.0
2024-11-19 16:07:45,56.875,0.01,20.0
2024-11-19 16:07:46,56.875,0.01,20.0
2024-11-19 16:07:46,56.875,0.01,20.0
2024-11-19 16:07:47,56.5,0.01,20.0
2024-11-19 16:07:48,56.5,0.01,20.0
2024-11-19 16:07:48,56.5,0.01,20.0
2024-11-19 16:07:50,56.375,0.01,20.0
2024-11-19 16:07:50,56.375,0.01,20.0
2024-11-19 16:07:50,56.375,0.01,20.0
2024-11-19 16:07:52,57.0,0.01,20.0
2024-11-19 16:07:52,57.0,0.01,20.0
2024-11-19 16:07:52,57.0,0.01,20.0
2024-11-19 16:07:53,57.25,0.01,20.0
2024-11-19 16:07:54,57.25,0.01,20.0
2024-11-19 16:07:54,57.25,0.01,20.0
2024-11-19 16:07:55,56.875,0.08,20.0
2024-11-19 16:07:56,56.875,0.08,20.0
2024-11-19 16:07:56,56.875,0.08,20.0
2024-11-19 16:07:57,56.25,0.01,20.0
2024-11-19 16:07:58,56.25,0.01,20.0
2024-11-19 16:07:58,56.25,0.01,20.0
2024-11-19 16:07:59,55.75,0.01,20.0
2024-11-19 16:08:00,55.75,0.01,20.0
2024-11-19 16:08:00,55.75,0.01,20.0
2024-11-19 16:08:01,55.375,0.01,20.0
2024-11-19 16:08:02,55.375,0.01,20.0
2024-11-19 16:08:02,55.375,0.01,20.0
2024-11-19 16:08:03,55.125,0.01,20.0
2024-11-19 16:08:04,55.125,0.01,20.0
2024-11-19 16:08:04,55.125,0.01,20.0
2024-11-19 16:08:05,54.75,0.01,20.0
2024-11-19 16:08:06,54.75,0.01,20.0
2024-11-19 16:08:06,54.75,0.01,20.0
2024-11-19 16:08:08,54.75,0.01,20.0
2024-11-19 16:08:08,54.75,0.01,20.0
2024-11-19 16:08:08,54.75,0.01,20.0
2024-11-19 16:08:10,56.5,0.01,20.0
2024-11-19 16:08:10,56.5,0.01,20.0
2024-11-19 16:08:10,56.5,0.01,20.0
2024-11-19 16:08:11,56.625,0.01,20.0
2024-11-19 16:08:12,56.625,0.01,20.0
2024-11-19 16:08:12,56.625,0.01,20.0
2024-11-19 16:08:13,55.75,0.01,20.0
2024-11-19 16:08:14,55.75,0.01,20.0
2024-11-19 16:08:14,55.75,0.01,20.0
2024-11-19 16:08:15,55.625,0.01,20.0
2024-11-19 16:08:16,55.625,0.01,20.0
2024-11-19 16:08:16,55.625,0.01,20.0
2024-11-19 16:08:17,55.5,0.01,20.0
2024-11-19 16:08:18,55.5,0.01,20.0
2024-11-19 16:08:18,55.5,0.01,20.0
2024-11-19 16:08:19,55.25,0.01,20.0
2024-11-19 16:08:20,55.25,0.01,20.0
2024-11-19 16:08:20,55.25,0.01,20.0
2024-11-19 16:08:21,54.625,0.01,20.0
2024-11-19 16:08:22,54.625,0.01,20.0
2024-11-19 16:08:22,54.625,0.01,20.0
2024-11-19 16:08:23,54.25,0.01,20.0
2024-11-19 16:08:24,54.25,0.01,20.0
2024-11-19 16:08:24,54.25,0.01,20.0
2024-11-19 16:08:25,54.125,0.01,20.0
2024-11-19 16:08:26,54.125,0.01,20.0
2024-11-19 16:08:26,54.125,0.01,20.0
2024-11-19 16:08:27,53.875,0.01,20.0
2024-11-19 16:08:28,53.875,0.01,20.0
2024-11-19 16:08:28,53.875,0.01,20.0
2024-11-19 16:08:29,53.75,0.01,20.0
2024-11-19 16:08:30,53.75,0.01,20.0
2024-11-19 16:08:30,53.75,0.01,20.0
2024-11-19 16:08:31,54.25,0.01,20.0
2024-11-19 16:08:32,54.25,0.01,20.0
2024-11-19 16:08:32,54.25,0.01,20.0
2024-11-19 16:08:33,54.25,0.01,20.0
2024-11-19 16:08:34,54.25,0.01,20.0
2024-11-19 16:08:34,54.25,0.01,20.0
2024-11-19 16:08:36,53.75,0.01,20.0
2024-11-19 16:08:36,53.75,0.01,20.0
2024-11-19 16:08:36,53.75,0.01,20.0
2024-11-19 16:08:37,53.25,0.01,21.0
2024-11-19 16:08:38,53.25,0.01,21.0
2024-11-19 16:08:38,53.25,0.01,21.0
2024-11-19 16:08:39,52.875,0.01,21.0
2024-11-19 16:08:40,52.875,0.01,21.0
2024-11-19 16:08:40,52.875,0.01,21.0
2024-11-19 16:08:41,52.75,0.01,21.0
2024-11-19 16:08:42,52.75,0.01,21.0
2024-11-19 16:08:42,52.75,0.01,21.0
2024-11-19 16:08:43,52.5,0.04,22.0
2024-11-19 16:08:44,52.5,0.04,22.0
2024-11-19 16:08:44,52.5,0.04,22.0
2024-11-19 16:08:45,52.25,0.01,22.0
2024-11-19 16:08:46,52.25,0.01,22.0
2024-11-19 16:08:46,52.25,0.01,22.0
2024-11-19 16:08:47,52.0,0.01,22.0
2024-11-19 16:08:48,52.0,0.01,22.0
2024-11-19 16:08:48,52.0,0.01,22.0
2024-11-19 16:08:49,51.875,0.01,23.0
2024-11-19 16:08:50,51.875,0.01,23.0
2024-11-19 16:08:50,51.875,0.01,23.0
2024-11-19 16:08:51,51.875,0.01,23.0
2024-11-19 16:08:52,51.875,0.01,23.0
2024-11-19 16:08:52,51.875,0.01,23.0
2024-11-19 16:08:53,52.0,0.01,22.0
2024-11-19 16:08:54,52.0,0.01,22.0
2024-11-19 16:08:54,52.0,0.01,22.0
2024-11-19 16:08:55,52.25,0.01,22.0
2024-11-19 16:08:56,52.25,0.01,22.0
2024-11-19 16:08:56,52.25,0.01,22.0
2024-11-19 16:08:57,52.375,0.01,22.0
2024-11-19 16:08:58,52.375,0.01,22.0
2024-11-19 16:08:58,52.375,0.01,22.0
2024-11-19 16:08:59,52.5,0.01,22.0
2024-11-19 16:09:00,52.5,0.01,22.0
2024-11-19 16:09:00,52.5,0.01,22.0
2024-11-19 16:09:02,52.125,0.01,22.0
2024-11-19 16:09:02,52.125,0.01,22.0
2024-11-19 16:09:02,52.125,0.01,22.0
2024-11-19 16:09:03,51.625,0.01,23.0
2024-11-19 16:09:04,51.625,0.01,23.0
2024-11-19 16:09:04,51.625,0.01,23.0
2024-11-19 16:09:05,51.625,0.01,23.0
2024-11-19 16:09:06,51.625,0.01,23.0
2024-11-19 16:09:06,51.625,0.01,23.0
2024-11-19 16:09:07,51.25,0.01,24.0
2024-11-19 16:09:08,51.25,0.01,24.0
2024-11-19 16:09:08,51.25,0.01,24.0
2024-11-19 16:09:09,51.125,0.01,24.0
2024-11-19 16:09:10,51.125,0.01,24.0
2024-11-19 16:09:10,51.125,0.01,24.0
2024-11-19 16:09:11,51.5,0.01,23.0
2024-11-19 16:09:12,51.5,0.01,23.0
2024-11-19 16:09:12,51.5,0.01,23.0
2024-11-19 16:09:13,51.5,0.01,23.0
2024-11-19 16:09:14,51.5,0.01,23.0
2024-11-19 16:09:14,51.5,0.01,23.0
2024-11-19 16:09:15,51.5,0.01,23.0
2024-11-19 16:09:16,51.5,0.01,23.0
2024-11-19 16:09:16,51.5,0.01,23.0
2024-11-19 16:09:17,51.875,0.01,23.0
2024-11-19 16:09:18,51.875,0.01,23.0
2024-11-19 16:09:18,51.875,0.01,23.0
2024-11-19 16:09:20,51.875,0.01,23.0
2024-11-19 16:09:20,51.875,0.01,23.0
2024-11-19 16:09:20,51.875,0.01,23.0
2024-11-19 16:09:21,53.125,0.01,21.0
2024-11-19 16:09:22,53.125,0.01,21.0
2024-11-19 16:09:22,53.125,0.01,21.0
2024-11-19 16:09:23,53.875,0.04,20.0
2024-11-19 16:09:24,53.875,0.04,20.0
2024-11-19 16:09:24,53.875,0.04,20.0
2024-11-19 16:09:25,54.625,0.01,20.0
2024-11-19 16:09:26,54.625,0.01,20.0
2024-11-19 16:09:26,54.625,0.01,20.0
2024-11-19 16:09:27,53.875,0.01,20.0
2024-11-19 16:09:28,53.875,0.01,20.0
2024-11-19 16:09:28,53.875,0.01,20.0
2024-11-19 16:09:29,53.625,0.01,20.0
2024-11-19 16:09:30,53.625,0.01,20.0
2024-11-19 16:09:30,53.625,0.01,20.0
2024-11-19 16:09:31,53.375,0.01,20.0
2024-11-19 16:09:32,53.375,0.01,20.0
2024-11-19 16:09:32,53.375,0.01,20.0
2024-11-19 16:09:33,53.25,0.01,21.0
2024-11-19 16:09:34,53.25,0.01,21.0
2024-11-19 16:09:34,53.25,0.01,21.0
2024-11-19 16:09:36,53.625,0.01,20.0
2024-11-19 16:09:36,53.625,0.01,20.0
2024-11-19 16:09:36,53.625,0.01,20.0
2024-11-19 16:09:37,54.5,0.01,20.0
2024-11-19 16:09:38,54.5,0.01,20.0
2024-11-19 16:09:38,54.5,0.01,20.0
2024-11-19 16:09:40,54.875,0.01,20.0
2024-11-19 16:09:40,54.875,0.01,20.0
2024-11-19 16:09:40,54.875,0.01,20.0
2024-11-19 16:09:41,54.875,0.01,20.0
2024-11-19 16:09:42,54.875,0.01,20.0
2024-11-19 16:09:42,54.875,0.01,20.0
2024-11-19 16:09:43,54.5,0.01,20.0
2024-11-19 16:09:44,54.5,0.01,20.0
2024-11-19 16:09:44,54.5,0.01,20.0
2024-11-19 16:09:45,54.25,0.01,20.0
2024-11-19 16:09:46,54.25,0.01,20.0
2024-11-19 16:09:46,54.25,0.01,20.0
2024-11-19 16:09:47,54.25,0.01,20.0
2024-11-19 16:09:48,54.25,0.01,20.0
2024-11-19 16:09:48,54.25,0.01,20.0
2024-11-19 16:09:49,54.25,0.01,20.0
2024-11-19 16:09:50,54.25,0.01,20.0
2024-11-19 16:09:50,54.25,0.01,20.0
2024-11-19 16:09:51,54.125,0.01,20.0
2024-11-19 16:09:52,54.125,0.01,20.0
2024-11-19 16:09:52,54.125,0.01,20.0
2024-11-19 16:09:53,54.625,0.01,20.0
2024-11-19 16:09:54,54.625,0.01,20.0
2024-11-19 16:09:54,54.625,0.01,20.0
2024-11-19 16:09:55,55.5,0.01,20.0
2024-11-19 16:09:56,55.5,0.01,20.0
2024-11-19 16:09:56,55.5,0.01,20.0
2024-11-19 16:09:57,55.0,0.01,20.0
2024-11-19 16:09:58,55.0,0.01,20.0
2024-11-19 16:09:58,55.0,0.01,20.0
2024-11-19 16:09:59,54.875,0.01,20.0
2024-11-19 16:10:00,54.875,0.01,20.0
2024-11-19 16:10:00,54.875,0.01,20.0
2024-11-19 16:10:01,54.75,0.01,20.0
2024-11-19 16:10:02,54.75,0.01,20.0
2024-11-19 16:10:02,54.75,0.01,20.0
2024-11-19 16:10:04,55.5,0.01,20.0
2024-11-19 16:10:04,55.5,0.01,20.0
2024-11-19 16:10:04,55.5,0.01,20.0
2024-11-19 16:10:05,56.25,0.01,20.0
2024-11-19 16:10:06,56.25,0.01,20.0
2024-11-19 16:10:06,56.25,0.01,20.0
2024-11-19 16:10:07,55.875,0.01,20.0
2024-11-19 16:10:08,55.875,0.01,20.0
2024-11-19 16:10:08,55.875,0.01,20.0
2024-11-19 16:10:09,55.5,0.01,20.0
2024-11-19 16:10:10,55.5,0.01,20.0
2024-11-19 16:10:10,55.5,0.01,20.0
2024-11-19 16:10:11,55.625,0.01,20.0
2024-11-19 16:10:12,55.625,0.01,20.0
2024-11-19 16:10:12,55.625,0.01,20.0
2024-11-19 16:10:14,55.5,0.01,20.0
2024-11-19 16:10:14,55.5,0.01,20.0
2024-11-19 16:10:14,55.5,0.01,20.0
2024-11-19 16:10:16,55.625,0.01,20.0
2024-11-19 16:10:16,55.625,0.01,20.0
2024-11-19 16:10:16,55.625,0.01,20.0
2024-11-19 16:10:17,55.875,0.01,20.0
2024-11-19 16:10:18,55.875,0.01,20.0
2024-11-19 16:10:18,55.875,0.01,20.0
2024-11-19 16:10:19,55.875,0.01,20.0
2024-11-19 16:10:20,55.875,0.01,20.0
2024-11-19 16:10:20,55.875,0.01,20.0
2024-11-19 16:10:21,55.75,0.01,20.0
2024-11-19 16:10:22,55.75,0.01,20.0
2024-11-19 16:10:22,55.75,0.01,20.0
2024-11-19 16:10:23,55.75,0.01,20.0
2024-11-19 16:10:24,55.75,0.01,20.0
2024-11-19 16:10:24,55.75,0.01,20.0
2024-11-19 16:10:25,56.5,0.01,20.0
2024-11-19 16:10:26,56.5,0.01,20.0
2024-11-19 16:10:26,56.5,0.01,20.0
2024-11-19 16:10:28,57.625,0.54,20.0
2024-11-19 16:10:28,57.625,0.54,20.0
2024-11-19 16:10:28,57.625,0.54,20.0
2024-11-19 16:10:29,57.875,0.16,20.0
2024-11-19 16:10:30,57.875,0.16,20.0
2024-11-19 16:10:30,57.875,0.16,20.0
2024-11-19 16:10:32,57.75,0.01,20.0
2024-11-19 16:10:32,57.75,0.01,20.0
2024-11-19 16:10:32,57.75,0.01,20.0
2024-11-19 16:10:33,57.375,0.01,20.0
2024-11-19 16:10:34,57.375,0.01,20.0
2024-11-19 16:10:34,57.375,0.01,20.0
2024-11-19 16:10:35,57.125,0.01,20.0
2024-11-19 16:10:36,57.125,0.01,20.0
2024-11-19 16:10:36,57.125,0.01,20.0
2024-11-19 16:10:37,57.0,0.01,20.0
2024-11-19 16:10:38,57.0,0.01,20.0
2024-11-19 16:10:38,57.0,0.01,20.0
2024-11-19 16:10:39,57.25,0.01,20.0
2024-11-19 16:10:40,57.25,0.01,20.0
2024-11-19 16:10:40,57.25,0.01,20.0
2024-11-19 16:10:41,57.125,0.01,20.0
2024-11-19 16:10:42,57.125,0.01,20.0
2024-11-19 16:10:42,57.125,0.01,20.0
2024-11-19 16:10:43,58.0,0.01,20.0
2024-11-19 16:10:44,58.0,0.01,20.0
2024-11-19 16:10:44,58.0,0.01,20.0
2024-11-19 16:10:45,58.125,0.01,20.0
2024-11-19 16:10:46,58.125,0.01,20.0
2024-11-19 16:10:46,58.125,0.01,20.0
2024-11-19 16:10:47,58.125,0.01,20.0
2024-11-19 16:10:48,58.125,0.01,20.0
2024-11-19 16:10:48,58.125,0.01,20.0
2024-11-19 16:10:50,59.875,0.01,20.0
2024-11-19 16:10:50,59.875,0.01,20.0
2024-11-19 16:10:50,59.875,0.01,20.0
2024-11-19 16:10:51,59.25,0.01,20.0
2024-11-19 16:10:52,59.25,0.01,20.0
2024-11-19 16:10:52,59.25,0.01,20.0
2024-11-19 16:10:53,58.75,0.01,20.0
2024-11-19 16:10:54,58.75,0.01,20.0
2024-11-19 16:10:54,58.75,0.01,20.0
2024-11-19 16:10:55,58.375,0.01,20.0
2024-11-19 16:10:56,58.375,0.01,20.0
2024-11-19 16:10:56,58.375,0.01,20.0
2024-11-19 16:10:57,58.625,0.01,20.0
2024-11-19 16:10:58,58.625,0.01,20.0
2024-11-19 16:10:58,58.625,0.01,20.0
2024-11-19 16:10:59,58.375,0.01,20.0
2024-11-19 16:11:00,58.375,0.01,20.0
2024-11-19 16:11:00,58.375,0.01,20.0
2024-11-19 16:11:01,58.375,0.01,20.0
2024-11-19 16:11:02,58.375,0.01,20.0
2024-11-19 16:11:02,58.375,0.01,20.0
2024-11-19 16:11:03,58.25,0.01,20.0
2024-11-19 16:11:04,58.25,0.01,20.0
2024-11-19 16:11:04,58.25,0.01,20.0
2024-11-19 16:11:05,58.125,0.01,20.0
2024-11-19 16:11:06,58.125,0.01,20.0
2024-11-19 16:11:06,58.125,0.01,20.0
2024-11-19 16:11:08,58.0,0.01,20.0
2024-11-19 16:11:08,58.0,0.01,20.0
2024-11-19 16:11:08,58.0,0.01,20.0
2024-11-19 16:11:09,59.25,0.01,20.0
2024-11-19 16:11:10,59.25,0.01,20.0
2024-11-19 16:11:10,59.25,0.01,20.0
2024-11-19 16:11:11,59.5,0.01,20.0
2024-11-19 16:11:12,59.5,0.01,20.0
2024-11-19 16:11:12,59.5,0.01,20.0
2024-11-19 16:11:13,59.25,0.01,20.0
2024-11-19 16:11:14,59.25,0.01,20.0
2024-11-19 16:11:14,59.25,0.01,20.0
2024-11-19 16:11:15,58.875,0.01,20.0
2024-11-19 16:11:16,58.875,0.01,20.0
2024-11-19 16:11:16,58.875,0.01,20.0
2024-11-19 16:11:17,58.625,0.01,20.0
2024-11-19 16:11:18,58.625,0.01,20.0
2024-11-19 16:11:18,58.625,0.01,20.0
2024-11-19 16:11:19,58.875,0.01,20.0
2024-11-19 16:11:20,58.875,0.01,20.0
2024-11-19 16:11:20,58.875,0.01,20.0
2024-11-19 16:11:21,58.875,0.01,20.0
2024-11-19 16:11:22,58.875,0.01,20.0
2024-11-19 16:11:22,58.875,0.01,20.0
2024-11-19 16:11:23,58.875,0.01,20.0
2024-11-19 16:11:24,58.875,0.01,20.0
2024-11-19 16:11:24,58.875,0.01,20.0
2024-11-19 16:11:25,59.125,0.01,20.0
2024-11-19 16:11:26,59.125,0.01,20.0
2024-11-19 16:11:26,59.125,0.01,20.0
2024-11-19 16:11:27,59.75,0.01,20.0
2024-11-19 16:11:28,59.75,0.01,20.0
2024-11-19 16:11:28,59.75,0.01,20.0
2024-11-19 16:11:29,59.5,0.01,20.0
2024-11-19 16:11:30,59.5,0.01,20.0
2024-11-19 16:11:30,59.5,0.01,20.0
2024-11-19 16:11:31,59.5,0.01,20.0
2024-11-19 16:11:32,59.5,0.01,20.0
2024-11-19 16:11:32,59.5,0.01,20.0
2024-11-19 16:11:34,60.375,0.01,20.0
2024-11-19 16:11:34,60.375,0.01,20.0
2024-11-19 16:11:34,60.375,0.01,20.0
2024-11-19 16:11:35,60.875,0.02,20.0
2024-11-19 16:11:36,60.875,0.02,20.0
2024-11-19 16:11:36,60.875,0.02,20.0
2024-11-19 16:11:37,60.75,0.01,20.0
2024-11-19 16:11:38,60.75,0.01,20.0
2024-11-19 16:11:38,60.75,0.01,20.0
2024-11-19 16:11:39,60.25,0.01,20.0
2024-11-19 16:11:40,60.25,0.01,20.0
2024-11-19 16:11:40,60.25,0.01,20.0
2024-11-19 16:11:41,59.875,0.01,20.0
2024-11-19 16:11:42,59.875,0.01,20.0
2024-11-19 16:11:42,59.875,0.01,20.0
2024-11-19 16:11:43,59.625,0.01,20.0
2024-11-19 16:11:44,59.625,0.01,20.0
2024-11-19 16:11:44,59.625,0.01,20.0
2024-11-19 16:11:45,59.625,0.01,20.0
2024-11-19 16:11:46,59.625,0.01,20.0
2024-11-19 16:11:46,59.625,0.01,20.0
2024-11-19 16:11:47,59.625,0.01,20.0
2024-11-19 16:11:48,59.625,0.01,20.0
2024-11-19 16:11:48,59.625,0.01,20.0
2024-11-19 16:11:49,61.375,0.01,20.0
2024-11-19 16:11:50,61.375,0.01,20.0
2024-11-19 16:11:50,61.375,0.01,20.0
2024-11-19 16:11:51,61.5,0.01,20.0
2024-11-19 16:11:52,61.5,0.01,20.0
2024-11-19 16:11:52,61.5,0.01,20.0
2024-11-19 16:11:53,61.25,0.01,20.0
2024-11-19 16:11:54,61.25,0.01,20.0
2024-11-19 16:11:54,61.25,0.01,20.0
2024-11-19 16:11:55,60.875,0.01,20.0
2024-11-19 16:11:56,60.875,0.01,20.0
2024-11-19 16:11:56,60.875,0.01,20.0
2024-11-19 16:11:57,61.25,0.01,20.0
2024-11-19 16:11:58,61.25,0.01,20.0
2024-11-19 16:11:58,61.25,0.01,20.0
2024-11-19 16:11:59,61.0,0.01,20.0
2024-11-19 16:12:00,61.0,0.01,20.0
2024-11-19 16:12:00,61.0,0.01,20.0
2024-11-19 16:12:02,61.5,0.01,20.0
2024-11-19 16:12:02,61.5,0.01,20.0
2024-11-19 16:12:02,61.5,0.01,20.0
2024-11-19 16:12:04,62.75,0.01,20.0
2024-11-19 16:12:04,62.75,0.01,20.0
2024-11-19 16:12:04,62.75,0.01,20.0
2024-11-19 16:12:05,62.625,0.01,20.0
2024-11-19 16:12:06,62.625,0.01,20.0
2024-11-19 16:12:06,62.625,0.01,20.0
2024-11-19 16:12:08,63.0,0.01,20.0
2024-11-19 16:12:08,62.625,0.02,20.0
2024-11-19 16:12:09,62.625,0.02,20.0
2024-11-20 18:20:38,55.375,0.49,20.0
2024-11-20 18:23:58,54.25,0.93,20.0
2024-11-20 18:27:18,52.75,0.26,21.0
2024-11-20 18:30:52,57.125,0.41,20.0
2024-11-20 18:34:52,56.625,0.12,20.0
2024-11-20 18:37:52,58.25,0.32,20.0
2024-11-20 18:40:38,49.5,0.34,26.0
2024-11-20 18:44:52,53.75,0.7,20.0
2024-11-20 18:47:52,55.375,0.26,20.0
2024-11-20 18:50:52,58.125,0.44,20.0
2024-11-20 18:54:52,51.125,0.48,24.0
2024-11-20 18:57:52,61.375,1.34,20.0
2024-11-20 19:00:52,50.25,0.26,25.0
2024-11-20 19:04:52,57.75,0.54,20.0
2024-11-20 19:07:52,47.5,0.44,29.0
2024-11-20 19:10:52,55.375,0.75,20.0
2024-11-20 19:14:52,51.0,0.01,24.0
2024-11-20 19:17:52,57.75,0.01,20.0
2024-11-20 19:20:52,48.875,0.01,27.0
2024-11-20 19:24:52,56.625,0.01,20.0
2024-11-20 19:27:52,47.375,0.01,29.0
2024-11-20 19:30:52,55.25,0.01,20.0
2024-11-20 19:34:52,48.75,0.21,27.0
2024-11-20 19:37:52,60.875,0.01,20.0
2024-11-20 19:40:52,50.25,0.01,25.0
2024-11-20 19:44:23,58.75,0.36,20.0
2024-11-20 19:47:52,50.0,0.01,25.0
2024-11-20 19:48:27,55.125,0.07,20.0
2024-11-20 19:48:27,55.125,0.07,20.0
2024-11-20 19:48:28,55.125,0.15,20.0
2024-11-20 19:48:29,54.875,0.53,20.0
2024-11-20 19:48:29,54.875,0.53,20.0
2024-11-20 19:48:30,54.625,0.31,20.0
2024-11-20 19:48:31,54.625,0.7,20.0
2024-11-20 19:48:31,54.625,0.7,20.0
2024-11-20 19:48:32,54.5,0.7,20.0
2024-11-20 19:48:33,54.5,1.07,20.0
2024-11-20 19:48:33,54.5,1.07,20.0
2024-11-20 19:48:34,54.25,0.49,20.0
2024-11-20 19:48:39,57.25,1.21,20.0
2024-11-20 19:48:39,58.0,1.76,20.0
2024-11-20 19:48:40,58.0,1.76,20.0
2024-11-20 19:48:41,58.0,1.06,20.0
2024-11-20 19:48:41,57.625,0.76,20.0
2024-11-20 19:48:42,57.625,0.76,20.0
2024-11-20 19:48:43,57.875,1.55,20.0
2024-11-20 19:48:43,57.375,0.07,20.0
2024-11-20 19:48:44,57.375,0.07,20.0
2024-11-20 19:48:45,57.25,1.73,20.0
2024-11-20 19:48:46,56.75,0.45,20.0
2024-11-20 19:48:46,56.75,0.45,20.0
2024-11-20 19:48:47,57.25,0.44,20.0
2024-11-20 19:48:47,56.875,0.21,20.0
2024-11-20 19:48:48,56.875,0.21,20.0
2024-11-20 19:48:49,57.375,0.54,20.0
2024-11-20 19:48:49,56.75,0.42,20.0
2024-11-20 19:48:50,56.75,0.42,20.0
2024-11-20 19:48:51,56.875,0.23,20.0
2024-11-20 19:48:52,56.625,0.24,20.0
2024-11-20 19:48:52,56.625,0.24,20.0
2024-11-20 19:48:53,57.125,0.27,20.0
2024-11-20 19:48:53,56.625,0.27,20.0
2024-11-20 19:48:54,56.625,0.27,20.0
2024-11-20 19:48:55,56.625,0.15,20.0
2024-11-20 19:48:55,56.625,0.78,20.0
2024-11-20 19:48:56,56.625,0.78,20.0
2024-11-20 19:48:56,57.125,1.39,20.0
2024-11-20 19:48:57,57.125,1.39,20.0
2024-11-20 19:48:57,57.125,1.39,20.0
2024-11-20 19:49:01,59.375,0.48,20.0
2024-11-20 19:49:01,58.875,0.42,20.0
2024-11-20 19:49:02,58.875,0.42,20.0
2024-11-20 19:49:03,58.625,0.43,20.0
2024-11-20 19:49:03,58.125,0.38,20.0
2024-11-20 19:49:04,58.125,0.38,20.0
2024-11-20 19:49:05,58.0,0.71,20.0
2024-11-20 19:49:05,58.0,0.71,20.0
2024-11-20 19:49:05,57.875,1.48,20.0
2024-11-20 19:49:07,57.625,0.18,20.0
2024-11-20 19:49:07,57.5,0.47,20.0
2024-11-20 19:49:08,57.5,0.47,20.0
2024-11-20 19:49:09,57.875,1.45,20.0
2024-11-20 19:49:09,57.875,1.45,20.0
2024-11-20 19:49:09,58.75,1.56,20.0
2024-11-20 19:49:11,59.0,0.88,20.0
2024-11-20 19:49:12,58.375,0.26,20.0
2024-11-20 19:49:12,58.375,0.26,20.0
2024-11-20 19:49:13,59.5,1.46,20.0
2024-11-20 19:49:13,59.0,0.18,20.0
2024-11-20 19:49:14,59.0,0.18,20.0
2024-11-20 19:49:15,58.75,1.31,20.0
2024-11-20 19:49:15,58.25,0.18,20.0
2024-11-20 19:49:16,58.25,0.18,20.0
2024-11-20 19:49:17,58.25,0.86,20.0
2024-11-20 19:49:17,57.875,0.18,20.0
2024-11-20 19:49:18,57.875,0.18,20.0
2024-11-20 19:49:19,58.0,0.45,20.0
2024-11-20 19:49:19,58.25,0.3,20.0
2024-11-20 19:49:20,58.25,0.3,20.0
2024-11-20 19:49:21,59.125,0.75,20.0
2024-11-20 19:49:21,59.125,0.47,20.0
2024-11-20 19:49:22,59.125,0.47,20.0
2024-11-20 19:49:23,59.25,0.37,20.0
2024-11-20 19:49:23,59.25,0.37,20.0
2024-11-20 19:49:24,59.75,0.93,20.0
2024-11-20 19:49:25,61.0,1.84,20.0
2024-11-20 19:49:25,60.375,0.01,20.0
2024-11-20 19:49:26,60.375,0.01,20.0
2024-11-20 19:49:27,60.125,0.46,20.0
2024-11-20 19:49:27,59.5,0.01,20.0
2024-11-20 19:49:28,59.5,0.01,20.0
2024-11-20 19:49:29,59.375,0.33,20.0
2024-11-20 19:49:29,58.875,0.04,20.0
2024-11-20 19:49:30,58.875,0.04,20.0
2024-11-20 19:49:31,59.0,0.35,20.0
2024-11-20 19:49:31,59.625,0.66,20.0
2024-11-20 19:49:32,59.625,0.66,20.0
2024-11-20 19:49:33,60.0,0.44,20.0
2024-11-20 19:49:33,59.5,0.17,20.0
2024-11-20 19:49:34,59.5,0.17,20.0
2024-11-20 19:49:35,59.75,0.33,20.0
2024-11-20 19:49:35,59.25,0.24,20.0
2024-11-20 19:49:36,59.25,0.24,20.0
2024-11-20 19:49:37,59.875,0.36,20.0
2024-11-20 19:49:38,60.375,0.48,20.0
2024-11-20 19:49:38,60.375,0.48,20.0
2024-11-20 19:49:39,61.0,1.2,20.0
2024-11-20 19:49:40,61.0,0.78,20.0
2024-11-20 19:49:40,61.0,0.78,20.0
2024-11-20 19:49:41,62.875,2.46,20.0
2024-11-20 19:49:41,63.625,2.76,20.0
2024-11-20 19:49:42,63.625,2.76,20.0
2024-11-20 19:49:43,64.0,1.52,20.0
2024-11-20 19:49:43,63.875,0.67,20.0
2024-11-20 19:49:44,63.875,0.67,20.0
2024-11-20 19:49:45,63.5,0.54,20.0
2024-11-20 19:49:45,63.0,0.01,20.0
2024-11-20 19:49:46,63.0,0.01,20.0
2024-11-20 19:49:47,63.125,0.71,20.0
2024-11-20 19:49:48,63.25,1.2,20.0
2024-11-20 19:49:48,63.25,1.2,20.0
2024-11-20 19:49:49,63.875,0.14,20.0
2024-11-20 19:49:49,63.5,0.05,20.0
2024-11-20 19:49:50,63.5,0.05,20.0
2024-11-20 19:49:51,64.5,2.28,20.0
2024-11-20 19:49:51,64.875,1.84,20.0
2024-11-20 19:49:52,64.875,1.84,20.0
2024-11-20 19:49:53,65.0,1.26,20.0
2024-11-20 19:49:53,64.625,0.02,20.0
2024-11-20 19:49:54,64.625,0.02,20.0
2024-11-20 19:49:55,64.5,0.01,20.0
2024-11-20 19:49:55,63.875,0.39,20.0
2024-11-20 19:49:56,63.875,0.39,20.0
2024-11-20 19:49:57,63.875,0.5,20.0
2024-11-20 19:49:57,63.5,0.01,20.0
2024-11-20 19:49:58,63.5,0.01,20.0
2024-11-20 19:49:59,63.25,0.02,20.0
2024-11-20 19:49:59,62.375,0.01,20.0
2024-11-20 19:50:00,62.375,0.01,20.0
2024-11-20 19:50:01,62.0,0.01,20.0
2024-11-20 19:50:01,61.875,0.33,20.0
2024-11-20 19:50:02,61.875,0.33,20.0
2024-11-20 19:50:03,62.5,1.77,20.0
2024-11-20 19:50:03,61.625,0.01,20.0
2024-11-20 19:50:04,61.625,0.01,20.0
2024-11-20 19:50:05,61.375,0.01,20.0
2024-11-20 19:50:05,61.375,0.02,20.0
2024-11-20 19:50:06,61.375,0.02,20.0
2024-11-20 19:50:07,60.875,0.01,20.0
2024-11-20 19:50:07,60.625,0.01,20.0
2024-11-20 19:50:08,60.625,0.01,20.0
2024-11-20 19:50:09,61.25,1.57,20.0
2024-11-20 19:50:10,61.25,0.73,20.0
2024-11-20 19:50:10,61.25,0.73,20.0
2024-11-20 19:50:11,61.375,2.99,20.0
2024-11-20 19:50:12,61.375,2.01,20.0
2024-11-20 19:50:12,61.375,2.01,20.0
2024-11-20 19:50:13,61.25,1.44,20.0
2024-11-20 19:50:13,60.375,0.01,20.0
2024-11-20 19:50:14,60.375,0.01,20.0
2024-11-20 19:50:15,60.0,0.13,20.0
2024-11-20 19:50:15,59.125,0.07,20.0
2024-11-20 19:50:16,59.125,0.07,20.0
2024-11-20 19:50:17,58.75,0.01,20.0
2024-11-20 19:50:17,58.75,0.61,20.0
2024-11-20 19:50:18,58.75,0.61,20.0
2024-11-20 19:50:19,59.25,0.97,20.0
2024-11-20 19:50:19,60.125,1.86,20.0
2024-11-20 19:50:20,60.125,1.86,20.0
2024-11-20 19:50:21,60.0,0.47,20.0
2024-11-20 19:50:22,59.75,0.8,20.0
2024-11-20 19:50:22,59.75,0.8,20.0
2024-11-20 19:50:23,59.5,0.6,20.0
2024-11-20 19:50:23,59.25,1.03,20.0
2024-11-20 19:50:24,59.25,1.03,20.0
2024-11-20 19:50:25,59.125,0.88,20.0
2024-11-20 19:50:25,59.0,0.89,20.0
2024-11-20 19:50:26,59.0,0.89,20.0
2024-11-20 19:50:27,58.75,0.25,20.0
2024-11-20 19:50:27,58.625,0.67,20.0
2024-11-20 19:50:28,58.625,0.67,20.0
2024-11-20 19:50:29,58.5,0.64,20.0
2024-11-20 19:50:30,58.875,1.72,20.0
2024-11-20 19:50:30,58.875,1.72,20.0
2024-11-20 19:50:31,59.25,1.44,20.0
2024-11-20 19:50:32,59.0,1.06,20.0
2024-11-20 19:50:32,59.0,1.06,20.0
2024-11-20 19:50:33,59.25,2.05,20.0
2024-11-20 19:50:34,59.375,1.75,20.0
2024-11-20 19:50:34,59.375,1.75,20.0
2024-11-20 19:50:35,59.75,2.61,20.0
2024-11-20 19:50:36,60.375,2.74,20.0
2024-11-20 19:50:36,60.375,2.74,20.0
2024-11-20 19:50:37,60.375,2.23,20.0
2024-11-20 19:50:37,60.25,1.27,20.0
2024-11-20 19:50:38,60.25,1.27,20.0
2024-11-20 19:50:39,59.875,0.04,20.0
2024-11-20 19:50:40,60.0,1.83,20.0
2024-11-20 19:50:40,60.0,1.83,20.0
2024-11-20 19:50:41,60.375,2.78,20.0
2024-11-20 19:50:42,60.875,1.82,20.0
2024-11-20 19:50:42,60.875,1.82,20.0
2024-11-20 19:50:43,61.0,2.39,20.0
2024-11-20 19:50:44,60.875,2.17,20.0
2024-11-20 19:50:44,60.875,2.17,20.0
2024-11-20 19:50:45,60.625,2.71,20.0
2024-11-20 19:50:45,60.25,0.95,20.0
2024-11-20 19:50:46,60.25,0.95,20.0
2024-11-20 19:50:47,59.875,0.99,20.0
2024-11-20 19:50:47,59.375,0.46,20.0
2024-11-20 19:50:48,59.375,0.46,20.0
2024-11-20 19:50:49,59.125,1.65,20.0
2024-11-20 19:50:49,58.375,0.14,20.0
2024-11-20 19:50:50,58.375,0.14,20.0
2024-11-20 19:50:51,58.25,0.01,20.0
2024-11-20 19:50:51,57.375,0.01,20.0
2024-11-20 19:50:52,57.375,0.01,20.0
2024-11-20 19:50:53,57.0,0.1,20.0
2024-11-20 19:50:53,56.75,0.33,20.0
2024-11-20 19:50:54,56.75,0.33,20.0
2024-11-20 19:50:55,56.625,0.61,20.0
2024-11-20 19:50:55,56.375,0.02,20.0
2024-11-20 19:50:56,56.375,0.02,20.0
2024-11-20 19:50:57,56.25,0.01,20.0
2024-11-20 19:50:57,55.75,0.01,20.0
2024-11-20 19:50:58,55.75,0.01,20.0
2024-11-20 19:50:59,55.5,0.01,20.0
2024-11-20 19:50:59,56.125,0.89,20.0
2024-11-20 19:51:00,56.125,0.89,20.0
2024-11-20 19:51:01,56.625,0.59,20.0
2024-11-20 19:51:02,56.875,0.34,20.0
2024-11-20 19:51:02,56.875,0.34,20.0
2024-11-20 19:51:03,57.25,1.18,20.0
2024-11-20 19:51:03,57.125,0.56,20.0
2024-11-20 19:51:04,57.125,0.56,20.0
2024-11-20 19:51:05,57.0,0.55,20.0
2024-11-20 19:51:05,56.625,0.33,20.0
2024-11-20 19:51:06,56.625,0.33,20.0
2024-11-20 19:51:07,56.375,0.01,20.0
2024-11-20 19:51:07,55.75,0.01,20.0
2024-11-20 19:51:08,55.75,0.01,20.0
2024-11-20 19:51:09,55.375,0.06,20.0
2024-11-20 19:51:09,54.875,0.25,20.0
2024-11-20 19:51:10,54.875,0.25,20.0
2024-11-20 19:51:11,54.625,0.0,20.0
2024-11-20 19:51:12,54.5,0.01,20.0
2024-11-20 19:51:12,54.5,0.01,20.0
2024-11-20 19:51:13,55.75,1.57,20.0
2024-11-20 19:51:14,55.875,0.54,20.0
2024-11-20 19:51:14,55.875,0.54,20.0
2024-11-20 19:51:15,56.5,1.52,20.0
2024-11-20 19:51:15,56.5,0.69,20.0
2024-11-20 19:51:16,56.5,0.69,20.0
2024-11-20 19:51:17,56.75,1.38,20.0
2024-11-20 19:51:17,56.25,0.01,20.0
2024-11-20 19:51:18,56.25,0.01,20.0
2024-11-20 19:51:19,55.875,0.01,20.0
2024-11-20 19:51:19,55.375,0.01,20.0
2024-11-20 19:51:20,55.375,0.01,20.0
2024-11-20 19:51:21,55.125,0.01,20.0
2024-11-20 19:51:21,54.875,0.01,20.0
2024-11-20 19:51:22,54.875,0.01,20.0
2024-11-20 19:51:23,54.875,0.52,20.0
2024-11-20 19:51:23,54.75,0.01,20.0
2024-11-20 19:51:24,54.75,0.01,20.0
2024-11-20 19:51:25,54.875,0.01,20.0
2024-11-20 19:51:25,54.875,0.01,20.0
2024-11-20 19:51:26,54.875,0.01,20.0
2024-11-20 19:51:27,54.625,0.01,20.0
2024-11-20 19:51:27,55.0,0.75,20.0
2024-11-20 19:51:28,55.0,0.75,20.0
2024-11-20 19:51:29,55.0,2.0,20.0
2024-11-20 19:51:30,55.125,0.1,20.0
2024-11-20 19:51:30,55.125,0.1,20.0
2024-11-20 19:51:31,55.625,1.84,20.0
2024-11-20 19:51:32,55.625,2.35,20.0
2024-11-20 19:51:32,55.625,2.35,20.0
2024-11-20 19:51:33,55.625,0.46,20.0
2024-11-20 19:51:33,55.375,0.39,20.0
2024-11-20 19:51:34,55.375,0.39,20.0
2024-11-20 19:51:35,55.25,2.37,20.0
2024-11-20 19:51:35,55.0,0.78,20.0
2024-11-20 19:51:36,55.0,0.78,20.0
2024-11-20 19:51:37,55.125,1.11,20.0
2024-11-20 19:51:37,55.125,1.11,20.0
2024-11-20 19:51:37,55.0,0.68,20.0
2024-11-20 19:51:39,54.875,0.64,20.0
2024-11-20 19:51:39,54.875,1.08,20.0
2024-11-20 19:51:40,54.875,1.08,20.0
2024-11-20 19:51:41,54.875,0.65,20.0
2024-11-20 19:51:41,55.75,1.47,20.0
2024-11-20 19:51:42,55.75,1.47,20.0
2024-11-20 19:51:43,55.875,0.99,20.0
2024-11-20 19:51:43,55.875,0.99,20.0
2024-11-20 19:51:43,55.5,0.56,20.0
2024-11-20 19:51:45,55.125,0.35,20.0
2024-11-20 19:51:45,55.125,0.35,20.0
2024-11-20 19:51:45,54.5,0.0,20.0
2024-11-20 19:51:47,54.0,0.2,20.0
2024-11-20 19:51:47,54.0,0.2,20.0
2024-11-20 19:51:47,53.375,0.01,20.0
2024-11-20 19:51:49,53.0,0.01,21.0
2024-11-20 19:51:49,53.0,0.01,21.0
2024-11-20 19:51:49,52.75,0.01,21.0
2024-11-20 19:51:51,52.75,0.01,21.0
2024-11-20 19:51:51,52.75,0.01,21.0
2024-11-20 19:51:51,52.0,0.01,22.0
2024-11-20 19:51:53,51.875,0.01,23.0
2024-11-20 19:51:53,51.875,0.01,23.0
2024-11-20 19:51:53,51.75,0.01,23.0
2024-11-20 19:51:55,51.5,0.01,23.0
2024-11-20 19:51:55,51.5,0.01,23.0
2024-11-20 19:51:55,51.375,0.01,23.0
2024-11-20 19:51:57,51.375,0.01,23.0
2024-11-20 19:51:58,51.5,0.01,23.0
2024-11-20 19:51:58,51.5,0.01,23.0
2024-11-20 19:51:59,52.0,0.01,22.0
2024-11-20 19:51:59,51.625,0.0,23.0
2024-11-20 19:52:00,51.625,0.0,23.0
2024-11-20 19:52:01,52.0,0.0,22.0
2024-11-20 19:52:01,52.125,0.01,22.0
2024-11-20 19:52:02,52.125,0.01,22.0
2024-11-20 19:52:03,52.125,0.01,22.0
2024-11-20 19:52:03,51.75,0.01,23.0
2024-11-20 19:52:04,51.75,0.01,23.0
2024-11-20 19:52:05,51.5,0.01,23.0
2024-11-20 19:52:05,51.625,0.11,23.0
2024-11-20 19:52:06,51.625,0.11,23.0
2024-11-20 19:52:07,52.0,1.28,22.0
2024-11-20 19:52:07,51.875,0.01,23.0
2024-11-20 19:52:08,51.875,0.01,23.0
2024-11-20 19:52:09,51.75,0.01,23.0
2024-11-20 19:52:09,51.25,0.01,24.0
2024-11-20 19:52:10,51.25,0.01,24.0
2024-11-20 19:52:11,51.125,0.01,24.0
2024-11-20 19:52:11,50.625,0.01,25.0
2024-11-20 19:52:12,50.625,0.01,25.0
2024-11-20 19:52:13,50.875,0.01,24.0
2024-11-20 19:52:13,50.875,0.01,24.0
2024-11-20 19:52:14,50.875,0.01,24.0
2024-11-20 19:52:15,51.375,0.01,23.0
2024-11-20 19:52:15,51.25,0.01,24.0
2024-11-20 19:52:16,51.25,0.01,24.0
2024-11-20 19:52:17,51.75,0.01,23.0
2024-11-20 19:52:17,51.625,0.01,23.0
2024-11-20 19:52:18,51.625,0.01,23.0
2024-11-20 19:52:19,51.875,0.01,23.0
2024-11-20 19:52:19,51.5,0.01,23.0
2024-11-20 19:52:20,51.5,0.01,23.0
2024-11-20 19:52:21,51.625,0.0,23.0
2024-11-20 19:52:21,51.25,0.01,24.0
2024-11-20 19:52:22,51.25,0.01,24.0
2024-11-20 19:52:23,51.5,0.1,23.0
2024-11-20 19:52:23,50.875,0.07,24.0
2024-11-20 19:52:24,50.875,0.07,24.0
2024-11-20 19:52:25,50.75,0.01,24.0
2024-11-20 19:52:25,50.5,0.01,25.0
2024-11-20 19:52:26,50.5,0.01,25.0
2024-11-20 19:52:27,50.25,0.01,25.0
2024-11-20 19:52:27,49.875,0.01,26.0
2024-11-20 19:52:28,49.875,0.01,26.0
2024-11-20 19:52:29,50.25,0.0,25.0
2024-11-20 19:52:29,50.625,0.01,25.0
2024-11-20 19:52:30,50.625,0.01,25.0
2024-11-20 19:52:31,50.5,0.01,25.0
2024-11-20 19:52:31,49.875,0.01,26.0
2024-11-20 19:52:32,49.875,0.01,26.0
2024-11-20 19:52:33,49.875,0.01,26.0
2024-11-20 19:52:33,49.5,0.01,26.0
2024-11-20 19:52:34,49.5,0.01,26.0
2024-11-20 19:52:35,49.625,0.01,26.0
2024-11-20 19:52:35,49.125,0.01,27.0
2024-11-20 19:52:36,49.125,0.01,27.0
2024-11-20 19:52:37,49.25,0.01,27.0
2024-11-20 19:52:37,49.0,0.01,27.0
2024-11-20 19:52:38,49.0,0.01,27.0
2024-11-20 19:52:39,49.625,0.01,26.0
2024-11-20 19:52:39,49.625,0.01,26.0
2024-11-20 19:52:40,49.625,0.01,26.0
2024-11-20 19:52:41,49.625,0.01,26.0
2024-11-20 19:52:41,49.25,0.01,27.0
2024-11-20 19:52:42,49.25,0.01,27.0
2024-11-20 19:52:43,49.5,0.01,26.0
2024-11-20 19:52:43,49.25,0.01,27.0
2024-11-20 19:52:44,49.25,0.01,27.0
2024-11-20 19:52:45,49.375,0.01,26.0
2024-11-20 19:52:45,49.125,0.01,27.0
2024-11-20 19:52:46,49.125,0.01,27.0
2024-11-20 19:52:47,49.25,0.01,27.0
2024-11-20 19:52:47,49.0,0.0,27.0
2024-11-20 19:52:48,49.0,0.0,27.0
2024-11-20 19:52:49,49.625,0.01,26.0
2024-11-20 19:52:49,49.125,0.01,27.0
2024-11-20 19:52:50,49.125,0.01,27.0
2024-11-20 19:52:51,49.75,0.63,26.0
2024-11-20 19:52:51,49.25,0.01,27.0
2024-11-20 19:52:52,49.25,0.01,27.0
2024-11-20 19:52:53,50.375,0.63,25.0
2024-11-20 19:52:53,50.375,0.01,25.0
2024-11-20 19:52:54,50.375,0.01,25.0
2024-11-20 19:53:52,48.875,0.01,27.0
2024-11-20 19:53:52,48.75,0.01,27.0
2024-11-20 19:53:53,48.75,0.01,27.0
2024-11-20 19:54:52,54.25,0.43,20.0
2024-11-20 19:54:52,54.375,0.01,20.0
2024-11-20 19:54:53,54.375,0.01,20.0
2024-11-20 19:55:46,56.0,0.67,20.0
2024-11-20 19:55:46,56.0,0.67,20.0
2024-11-20 19:59:09,48.25,0.24,28.0
2024-11-20 20:02:29,61.25,0.25,20.0
2024-11-20 20:05:49,53.875,1.8,20.0
2024-11-20 20:09:36,55.625,0.6,20.0
2024-11-20 20:13:32,50.5,0.01,25.0
2024-11-20 20:16:52,55.375,0.01,20.0
2024-11-20 20:20:12,57.125,0.01,20.0
2024-11-20 20:23:52,58.375,0.01,20.0
2024-11-20 20:26:52,52.0,0.01,22.0
2024-11-20 20:37:01,53.75,0.01,20.0
2024-11-20 20:40:21,56.25,0.01,20.0
2024-11-20 20:43:41,49.0,0.52,27.0
2024-11-20 20:49:30,47.125,0.24,30.0
2024-11-20 20:56:25,54.0,0.59,20.0
2024-11-20 21:09:35,49.375,0.17,26.0
2024-11-20 21:09:37,49.625,0.01,26.0
2024-11-20 21:09:39,49.375,0.01,26.0
2024-11-20 21:09:41,48.5,0.01,28.0
2024-11-20 21:09:43,48.75,0.01,27.0
2024-11-20 21:09:45,49.25,0.01,27.0
2024-11-20 21:09:47,49.0,0.01,27.0
2024-11-20 21:09:49,49.875,0.01,26.0
2024-11-20 21:09:51,49.75,0.01,26.0
2024-11-20 21:09:53,50.125,0.01,25.0
2024-11-20 21:09:55,50.25,0.01,25.0
2024-11-20 21:09:57,49.625,0.01,26.0
2024-11-20 21:09:59,50.0,0.01,25.0
2024-11-20 21:10:01,50.0,0.01,25.0
2024-11-20 21:10:03,49.875,0.01,26.0
2024-11-20 21:10:05,49.75,0.01,26.0
2024-11-20 21:10:07,49.375,0.01,26.0
2024-11-20 21:10:09,50.0,0.01,25.0
2024-11-20 21:10:11,49.75,0.01,26.0
2024-11-20 21:10:13,49.875,0.01,26.0
2024-11-20 21:10:15,50.5,0.01,25.0
2024-11-20 21:10:17,50.875,0.01,24.0
2024-11-20 21:10:19,51.0,0.01,24.0
2024-11-20 21:10:21,50.5,0.01,25.0
2024-11-20 21:10:23,51.0,0.01,24.0
2024-11-20 21:10:25,51.875,0.01,23.0
2024-11-20 21:10:27,51.875,0.01,23.0
2024-11-20 21:10:29,51.625,0.01,23.0
2024-11-20 21:10:31,51.25,0.01,24.0
2024-11-20 21:10:33,52.5,0.01,22.0
2024-11-20 21:10:35,51.875,0.01,23.0
2024-11-20 21:10:37,51.875,0.01,23.0
2024-11-20 21:10:42,53.625,0.01,20.0
2024-11-20 21:10:44,53.25,0.01,21.0
2024-11-20 21:10:46,53.5,0.01,20.0
2024-11-20 21:10:48,54.625,0.11,20.0
2024-11-20 21:10:50,54.5,0.01,20.0
2024-11-20 21:10:52,54.0,0.02,20.0
2024-11-20 21:10:54,53.375,0.01,20.0
2024-11-20 21:10:56,52.75,0.01,21.0
2024-11-20 21:10:58,53.375,0.01,20.0
2024-11-20 21:11:00,53.625,0.01,20.0
2024-11-20 21:11:02,53.25,0.01,21.0
2024-11-20 21:11:04,52.875,0.01,21.0
2024-11-20 21:11:06,53.0,0.03,21.0
2024-11-20 21:11:08,52.625,0.01,22.0
2024-11-20 21:11:10,53.375,0.08,20.0
2024-11-20 21:11:12,52.625,0.01,22.0
2024-11-20 21:11:14,52.75,0.01,21.0
2024-11-20 21:11:18,54.5,0.01,20.0
2024-11-20 21:11:20,53.75,0.01,20.0
2024-11-20 21:11:22,52.875,0.01,21.0
2024-11-20 21:11:24,52.5,0.01,22.0
2024-11-20 21:11:26,52.125,0.01,22.0
2024-11-20 21:11:28,52.0,0.01,22.0
2024-11-20 21:11:30,52.5,0.01,22.0
2024-11-20 21:11:32,53.0,0.01,21.0
2024-11-20 21:11:34,53.375,0.01,20.0
2024-11-20 21:11:36,52.625,0.01,22.0
2024-11-20 21:11:38,52.375,0.01,22.0
2024-11-20 21:11:40,52.0,0.01,22.0
2024-11-20 21:11:42,52.25,0.01,22.0
2024-11-20 21:11:44,52.375,0.01,22.0
2024-11-20 21:11:46,53.75,0.01,20.0
2024-11-20 21:11:48,53.25,0.01,21.0
2024-11-20 21:11:50,52.75,0.01,21.0
2024-11-20 21:11:52,52.125,0.01,22.0
2024-11-20 21:11:54,53.375,0.01,20.0
2024-11-20 21:11:56,53.625,0.01,20.0
2024-11-20 21:11:58,53.5,0.01,20.0
2024-11-20 21:12:00,52.875,0.01,21.0
2024-11-20 21:12:02,53.25,0.01,21.0
2024-11-20 21:12:04,54.125,0.01,20.0
2024-11-20 21:12:06,54.125,0.01,20.0
2024-11-20 21:12:08,53.375,0.01,20.0
2024-11-20 21:12:10,52.75,0.01,21.0
2024-11-20 21:12:12,52.375,0.01,22.0
2024-11-20 21:12:14,52.25,0.01,22.0
2024-11-20 21:12:16,51.875,0.01,23.0
2024-11-20 21:12:18,52.375,0.01,22.0
2024-11-20 21:12:20,53.0,0.01,21.0
2024-11-20 21:12:22,54.0,0.01,20.0
2024-11-20 21:12:24,54.125,0.01,20.0
2024-11-20 21:12:26,54.125,0.01,20.0
2024-11-20 21:12:28,54.5,0.01,20.0
2024-11-20 21:12:30,54.25,0.01,20.0
2024-11-20 21:12:32,55.5,0.02,20.0
2024-11-20 21:12:34,56.125,0.15,20.0
2024-11-20 21:12:36,55.875,0.01,20.0
2024-11-20 21:12:38,56.25,0.07,20.0
2024-11-20 21:12:40,56.25,0.01,20.0
2024-11-20 21:12:42,56.125,0.02,20.0
2024-11-20 21:12:44,56.125,0.01,20.0
2024-11-20 21:12:52,57.375,0.01,20.0
2024-11-20 21:13:26,55.625,0.04,20.0
2024-11-20 21:14:57,59.375,0.02,20.0
2024-11-20 21:14:59,58.875,0.01,20.0
2024-11-20 21:15:01,58.125,0.01,20.0
2024-11-20 21:15:03,57.5,0.01,20.0
2024-11-20 21:15:05,57.25,0.01,20.0
2024-11-20 21:15:07,58.0,0.01,20.0
2024-11-20 21:15:09,57.5,0.01,20.0
2024-11-20 21:15:11,57.0,0.01,20.0
2024-11-20 21:15:13,57.375,0.01,20.0
2024-11-20 21:15:15,58.0,0.01,20.0
2024-11-20 21:15:16,59.5,0.01,20.0
2024-11-20 21:21:41,52.25,0.35,22.0
2024-11-20 21:23:04,52.5,0.63,22.0
2024-11-20 21:23:06,53.625,0.02,20.0
2024-11-20 21:23:08,53.125,0.05,21.0
2024-11-20 21:23:10,52.25,0.04,22.0
2024-11-20 21:23:12,51.25,0.01,24.0
2024-11-20 21:23:14,50.625,0.03,25.0
2024-11-20 21:23:16,51.875,0.01,23.0
2024-11-20 21:23:18,51.0,0.01,24.0
2024-11-20 21:23:20,50.5,0.01,25.0
2024-11-20 21:23:22,50.125,0.02,25.0
2024-11-20 21:23:24,50.625,0.01,25.0
2024-11-20 21:23:26,50.375,0.01,25.0
2024-11-20 21:23:28,50.375,0.01,25.0
2024-11-20 21:23:30,50.875,0.32,24.0
2024-11-20 21:23:32,50.375,0.01,25.0
2024-11-20 21:23:34,50.375,0.04,25.0
2024-11-20 21:23:36,50.25,0.0,25.0
2024-11-20 21:23:38,51.75,0.02,23.0
2024-11-20 21:23:40,52.5,0.01,22.0
2024-11-20 21:23:42,54.125,0.17,20.0
2024-11-20 21:23:44,53.75,0.02,20.0
2024-11-20 21:23:46,53.0,0.01,21.0
2024-11-20 21:23:48,52.375,0.0,22.0
2024-11-20 21:23:50,52.125,0.01,22.0
2024-11-20 21:23:52,51.875,0.01,23.0
2024-11-20 21:23:54,52.25,0.01,22.0
2024-11-20 21:23:55,53.0,0.01,21.0
2024-11-20 21:24:19,53.75,0.02,20.0
2024-11-20 21:26:33,56.25,0.02,20.0
2024-11-20 21:29:02,58.875,0.02,20.0
2024-11-20 21:31:45,49.75,0.01,26.0
2024-11-20 21:32:44,53.375,0.01,20.0
2024-11-20 21:32:46,53.375,0.01,20.0
2024-11-20 21:32:48,52.625,0.01,22.0
2024-11-20 21:32:50,53.375,0.02,20.0
2024-11-20 21:32:52,53.5,0.01,20.0
2024-11-20 21:32:54,55.125,0.64,20.0
2024-11-20 21:32:56,56.0,0.01,20.0
2024-11-20 21:32:58,55.375,0.01,20.0
2024-11-20 21:33:00,54.375,0.0,20.0
2024-11-20 21:33:02,54.125,0.01,20.0
2024-11-20 21:33:04,53.625,0.02,20.0
2024-11-20 21:33:06,53.25,0.01,21.0
2024-11-20 21:33:08,53.5,0.01,20.0
2024-11-20 21:33:10,53.5,0.01,20.0
2024-11-20 21:33:12,53.25,0.01,21.0
2024-11-20 21:33:14,53.0,0.01,21.0
2024-11-20 21:33:16,52.75,0.01,21.0
2024-11-20 21:33:18,52.5,0.01,22.0
2024-11-20 21:33:20,52.5,0.01,22.0
2024-11-20 21:33:22,53.125,0.01,21.0
2024-11-20 21:33:24,52.875,0.01,21.0
2024-11-20 21:33:26,53.125,0.01,21.0
2024-11-20 21:33:28,53.5,0.01,20.0
2024-11-20 21:33:30,53.875,0.01,20.0
2024-11-20 21:33:32,54.625,0.01,20.0
2024-11-20 21:33:34,54.25,0.01,20.0
2024-11-20 21:33:36,54.875,0.01,20.0
2024-11-20 21:33:38,54.375,0.01,20.0
2024-11-20 21:33:40,54.625,0.01,20.0
2024-11-20 21:33:42,53.875,0.01,20.0
2024-11-20 21:33:44,55.625,0.01,20.0
2024-11-20 21:33:46,56.0,0.0,20.0
2024-11-20 21:33:48,55.25,0.0,20.0
2024-11-20 21:33:52,56.25,0.43,20.0
2024-11-20 21:34:11,54.5,0.01,20.0
2024-11-20 21:34:12,55.75,0.13,20.0
2024-11-20 21:36:24,57.875,0.43,20.0
2024-11-20 21:37:53,58.625,0.01,20.0
2024-11-20 21:38:33,53.75,0.01,20.0
2024-11-20 21:41:01,50.875,0.01,24.0
2024-11-20 21:44:54,58.75,0.1,20.0
2024-11-20 21:45:08,59.625,0.01,20.0
2024-11-20 21:50:35,58.375,0.01,20.0
2024-11-20 22:10:26,58.5,0.02,20.0
2024-11-20 22:10:40,58.125,0.01,20.0
2024-11-20 22:27:32,51.375,0.01,23.0
2024-11-20 22:28:11,54.0,0.01,20.0
2024-11-20 22:36:18,52.0,0.01,22.0
2024-11-20 22:37:02,54.0,0.0,20.0
2024-11-20 22:37:23,54.5,0.01,20.0
2024-11-20 22:37:35,54.625,0.01,20.0
2024-11-20 22:44:47,49.75,0.01,26.0
2024-11-20 22:45:18,47.875,0.02,29.0
2024-11-20 22:45:56,50.625,0.66,25.0
2024-11-20 22:46:34,52.0,0.02,22.0
2024-11-20 22:53:27,58.25,0.02,20.0
2024-11-20 22:53:47,58.75,0.04,20.0
2024-11-20 22:54:01,57.375,0.01,20.0
2024-11-20 22:54:53,49.375,0.01,26.0
2024-11-20 22:54:55,50.875,0.01,24.0
2024-11-20 22:54:57,50.375,0.01,25.0
2024-11-20 22:54:59,49.625,0.01,26.0
2024-11-20 22:55:02,50.125,0.82,25.0
2024-11-20 22:55:04,50.5,0.45,25.0
2024-11-20 22:55:05,50.625,0.07,25.0
2024-11-20 22:55:07,51.75,0.11,23.0
2024-11-20 22:55:09,51.125,0.01,24.0
2024-11-20 22:55:11,50.125,0.01,25.0
2024-11-20 22:55:13,50.25,0.01,25.0
2024-11-20 22:55:15,50.75,0.46,24.0
2024-11-20 22:55:17,50.375,0.01,25.0
2024-11-20 22:56:32,51.25,0.01,24.0
2024-11-20 22:56:34,53.125,0.09,21.0
2024-11-20 22:56:36,52.5,0.01,22.0
2024-11-20 22:56:38,51.5,0.01,23.0
2024-11-20 22:56:40,51.0,0.01,24.0
2024-11-20 22:56:42,50.875,0.01,24.0
2024-11-20 22:56:44,50.5,0.0,25.0
2024-11-20 22:56:46,51.125,0.02,24.0
2024-11-20 22:56:48,50.625,0.02,25.0
2024-11-20 22:56:50,50.625,0.01,25.0
2024-11-20 22:56:52,50.375,0.01,25.0
2024-11-20 22:56:54,51.25,0.01,24.0
2024-11-20 22:56:56,50.625,0.01,25.0
2024-11-20 22:56:58,50.25,0.01,25.0
2024-11-20 22:57:00,50.625,0.01,25.0
2024-11-20 22:57:02,50.375,0.01,25.0
2024-11-20 22:57:04,51.375,0.01,23.0
2024-11-20 22:57:06,51.0,0.01,24.0
2024-11-20 22:57:08,50.75,0.01,24.0
2024-11-20 22:57:10,50.5,0.01,25.0
2024-11-20 22:57:12,51.375,0.01,23.0
2024-11-20 22:57:14,51.375,0.02,23.0
2024-11-20 22:57:16,51.375,0.01,23.0
2024-11-20 22:57:18,52.625,0.02,22.0
2024-11-20 22:57:20,53.0,0.01,21.0
2024-11-20 22:57:22,52.75,0.01,21.0
2024-11-20 22:57:24,53.75,0.01,20.0
2024-11-20 22:57:26,53.5,0.01,20.0
2024-11-20 22:57:28,54.0,0.01,20.0
2024-11-20 22:57:30,53.375,0.01,20.0
2024-11-20 22:57:32,52.875,0.01,21.0
2024-11-20 22:57:34,52.625,0.01,22.0
2024-11-20 22:57:36,52.625,0.01,22.0
2024-11-20 22:57:38,53.375,0.01,20.0
2024-11-20 22:57:40,53.25,0.01,21.0
2024-11-20 22:57:42,52.75,0.01,21.0
2024-11-20 22:57:44,52.5,0.01,22.0
2024-11-20 22:57:46,53.625,0.01,20.0
2024-11-20 22:57:48,56.0,0.56,20.0
2024-11-20 22:57:50,57.25,0.2,20.0
2024-11-20 22:57:52,56.25,0.01,20.0
2024-11-20 22:57:54,57.25,1.29,20.0
2024-11-20 22:57:56,56.625,0.02,20.0
2024-11-20 22:57:58,55.75,0.01,20.0
2024-11-20 22:58:00,55.625,0.01,20.0
2024-11-20 22:58:00,55.625,0.01,20.0
2024-11-20 23:01:45,50.5,0.2,25.0
2024-11-20 23:02:28,52.125,0.69,22.0
2024-11-20 23:03:09,54.875,0.02,20.0
2024-11-20 23:04:02,56.625,0.18,20.0
2024-11-20 23:04:41,56.25,0.01,20.0
2024-11-20 23:04:46,58.5,0.02,20.0
2024-11-20 23:06:51,55.5,0.01,20.0
2024-11-20 23:07:32,50.75,0.01,24.0
2024-11-20 23:07:43,51.625,0.01,23.0
2024-11-20 23:07:45,53.375,1.13,20.0
2024-11-20 23:07:47,55.0,1.54,20.0
2024-11-20 23:07:49,55.5,0.01,20.0
2024-11-20 23:07:51,55.75,0.91,20.0
2024-11-20 23:07:53,56.375,1.56,20.0
2024-11-20 23:07:55,56.125,1.17,20.0
2024-11-20 23:07:57,56.625,0.97,20.0
2024-11-20 23:07:59,56.375,0.59,20.0
2024-11-20 23:08:04,53.625,0.01,20.0
2024-11-20 23:12:36,57.75,1.19,20.0
2024-11-20 23:13:25,58.5,0.01,20.0
2024-11-20 23:20:23,58.0,0.3,20.0
2024-11-20 23:20:31,60.0,0.01,20.0
2024-11-20 23:20:37,60.0,0.01,20.0
2024-11-20 23:20:43,60.0,0.01,20.0
2024-11-20 23:21:31,52.75,0.01,21.0
2024-11-20 23:21:38,54.125,0.01,20.0
2024-11-20 23:22:13,48.625,0.01,28.0
2024-11-20 23:22:27,47.75,0.01,29.0
2024-11-20 23:22:41,49.75,0.79,26.0
2024-11-20 23:22:48,49.125,0.01,27.0
2024-11-20 23:22:54,51.5,0.11,23.0
2024-11-20 23:22:59,52.125,0.02,22.0
2024-11-20 23:23:06,50.875,0.01,24.0
2024-11-20 23:23:12,52.0,0.82,22.0
2024-11-20 23:23:21,52.25,0.02,22.0
2024-11-20 23:23:41,57.625,1.33,20.0
2024-11-20 23:24:24,56.375,1.79,20.0
2024-11-20 23:27:00,59.625,0.02,20.0
2024-11-20 23:28:37,59.5,0.03,20.0
2024-11-20 23:28:55,54.5,0.01,20.0
2024-11-20 23:29:05,53.25,0.01,21.0
2024-11-20 23:29:17,54.5,0.7,20.0
2024-11-20 23:29:34,51.625,0.14,23.0
2024-11-20 23:29:40,52.375,0.02,22.0
2024-11-20 23:29:54,49.375,0.01,26.0
2024-11-20 23:30:11,47.75,0.01,29.0
2024-11-20 23:31:22,54.25,0.02,20.0
2024-11-20 23:31:53,53.25,0.01,21.0
2024-11-20 23:32:01,54.25,0.01,20.0
2024-11-20 23:32:33,54.625,0.02,20.0
2024-11-20 23:33:33,57.625,0.58,20.0
2024-11-20 23:34:25,58.625,0.11,20.0
2024-11-20 23:35:29,56.875,0.01,20.0
2024-11-20 23:38:42,57.75,0.01,20.0
2024-11-20 23:38:56,58.875,0.11,20.0
2024-11-20 23:40:13,58.75,0.02,20.0
2024-11-20 23:40:39,59.375,0.02,20.0
